league,season,team,player,nation,pos,age,born,90s,Standard Gls,Standard Sh,Standard SoT,Standard SoT%,Standard Sh/90,Standard SoT/90,Standard G/Sh,Standard G/SoT,Standard Dist,Standard FK,Standard PK,Standard PKatt,Expected xG,Expected npxG,Expected npxG/Sh,Expected G-xG,Expected np:G-xG,stat_type
GER-Bundesliga,2023,Augsburg,Arne Maier,GER,MF,24.0,1999.0,11.1,2,22,5,22.7,1.97,0.45,0.09,0.4,22.2,3,0,0,1.5,1.5,0.07,0.5,0.5,shooting
GER-Bundesliga,2023,Augsburg,Dion Drena Beljo,CRO,"FW,MF",21.0,2002.0,6.5,2,19,7,36.8,2.94,1.08,0.11,0.29,13.4,0,0,0,3.0,3.0,0.16,-1.0,-1.0,shooting
GER-Bundesliga,2023,Augsburg,Elvis Rexhbeçaj,KVX,MF,25.0,1997.0,22.1,2,28,3,10.7,1.27,0.14,0.04,0.33,24.3,0,1,1,1.7,1.0,0.03,0.3,0.0,shooting
GER-Bundesliga,2023,Augsburg,Ermedin Demirović,BIH,"FW,MF",25.0,1998.0,31.9,15,77,32,41.6,2.41,1.0,0.16,0.38,14.0,0,3,4,13.5,10.3,0.13,1.5,1.7,shooting
GER-Bundesliga,2023,Augsburg,Finn Dahmen,GER,GK,25.0,1998.0,31.0,0,0,0,,0.0,0.0,,,,0,0,0,0.0,0.0,,0.0,0.0,shooting
GER-Bundesliga,2023,Augsburg,Fredrik Jensen,FIN,"MF,FW",25.0,1997.0,14.9,2,14,5,35.7,0.94,0.34,0.14,0.4,18.9,0,0,0,0.9,0.9,0.06,1.1,1.1,shooting
GER-Bundesliga,2023,Augsburg,Iago,BRA,DF,26.0,1997.0,18.0,1,18,7,38.9,1.0,0.39,0.06,0.14,16.5,0,0,0,1.4,1.4,0.08,-0.4,-0.4,shooting
GER-Bundesliga,2023,Augsburg,Irvin Cardona,FRA,"MF,DF",25.0,1997.0,0.6,0,3,0,0.0,5.0,0.0,0.0,,14.7,0,0,0,0.2,0.2,0.07,-0.2,-0.2,shooting
GER-Bundesliga,2023,Augsburg,Jeffrey Gouweleeuw,NED,DF,32.0,1991.0,28.8,1,23,3,13.0,0.8,0.1,0.04,0.33,15.9,0,0,0,1.3,1.3,0.06,-0.3,-0.3,shooting
GER-Bundesliga,2023,Augsburg,Kevin Mbabu,SUI,DF,28.0,1995.0,22.7,0,4,1,25.0,0.18,0.04,0.0,0.0,17.6,0,0,0,0.1,0.1,0.03,-0.1,-0.1,shooting
GER-Bundesliga,2023,Augsburg,Kristijan Jakić,CRO,MF,26.0,1997.0,11.7,2,13,5,38.5,1.11,0.43,0.15,0.4,23.9,0,0,0,0.8,0.8,0.06,1.2,1.2,shooting
GER-Bundesliga,2023,Augsburg,Mads Pedersen,DEN,DF,26.0,1996.0,19.8,1,13,1,7.7,0.66,0.05,0.08,1.0,19.0,0,0,0,0.8,0.8,0.06,0.2,0.2,shooting
GER-Bundesliga,2023,Augsburg,Mahmut Kücüksahin,,MF,19.0,2004.0,0.0,0,0,0,,0.0,0.0,,,,0,0,0,0.0,0.0,,0.0,0.0,shooting
GER-Bundesliga,2023,Augsburg,Masaya Okugawa,JPN,"FW,DF",27.0,1996.0,0.4,0,0,0,,0.0,0.0,,,,0,0,0,0.0,0.0,,0.0,0.0,shooting
GER-Bundesliga,2023,Augsburg,Maximilian Bauer,GER,DF,23.0,2000.0,9.0,1,4,1,25.0,0.44,0.11,0.25,1.0,5.2,0,0,0,1.4,1.4,0.34,-0.4,-0.4,shooting
GER-Bundesliga,2023,Augsburg,Mergim Berisha,GER,FW,25.0,1998.0,1.4,0,5,0,0.0,3.69,0.0,0.0,,30.7,1,0,0,0.2,0.2,0.03,-0.2,-0.2,shooting
GER-Bundesliga,2023,Augsburg,Mert Kömür,GER,"MF,DF",18.0,2005.0,1.3,1,2,1,50.0,1.53,0.76,0.5,1.0,16.0,0,0,0,0.2,0.2,0.1,0.8,0.8,shooting
GER-Bundesliga,2023,Augsburg,Nathanael Mbuku,COD,FW,21.0,2002.0,0.1,0,1,0,0.0,18.0,0.0,0.0,,23.7,0,0,0,0.0,0.0,0.03,0.0,0.0,shooting
GER-Bundesliga,2023,Augsburg,Niklas Dorsch,GER,MF,25.0,1998.0,15.4,0,14,0,0.0,0.91,0.0,0.0,,25.1,2,0,0,0.7,0.7,0.05,-0.7,-0.7,shooting
GER-Bundesliga,2023,Augsburg,Ohis Felix Uduokhai,GER,DF,25.0,1997.0,32.5,2,13,3,23.1,0.4,0.09,0.15,0.67,9.2,0,0,0,1.4,1.4,0.11,0.6,0.6,shooting
GER-Bundesliga,2023,Augsburg,Patric Pfeiffer,GER,DF,23.0,1999.0,5.7,0,11,0,0.0,1.94,0.0,0.0,,17.9,0,0,0,0.5,0.5,0.04,-0.5,-0.5,shooting
GER-Bundesliga,2023,Augsburg,Pep Biel,ESP,"MF,FW",26.0,1996.0,3.2,0,6,1,16.7,1.89,0.32,0.0,0.0,15.0,0,0,0,1.0,1.0,0.17,-1.0,-1.0,shooting
GER-Bundesliga,2023,Augsburg,Phillip Tietz,GER,FW,26.0,1997.0,26.5,8,52,18,34.6,1.96,0.68,0.15,0.44,15.1,1,0,0,8.2,8.2,0.16,-0.2,-0.2,shooting
GER-Bundesliga,2023,Augsburg,Robert Gumny,POL,DF,25.0,1998.0,5.3,0,3,1,33.3,0.56,0.19,0.0,0.0,13.4,0,0,0,0.2,0.2,0.07,-0.2,-0.2,shooting
GER-Bundesliga,2023,Augsburg,Ruben Vargas,SUI,"MF,FW",24.0,1998.0,21.8,4,49,17,34.7,2.25,0.78,0.08,0.24,17.4,3,0,0,3.9,3.9,0.08,0.1,0.1,shooting
GER-Bundesliga,2023,Augsburg,Sven Michel,GER,"FW,MF",33.0,1990.0,6.5,2,12,5,41.7,1.85,0.77,0.08,0.2,20.7,0,1,2,2.4,0.8,0.07,-0.4,0.2,shooting
GER-Bundesliga,2023,Augsburg,Tim Breithaupt,GER,MF,21.0,2002.0,7.0,0,3,0,0.0,0.43,0.0,0.0,,27.0,0,0,0,0.1,0.1,0.03,-0.1,-0.1,shooting
GER-Bundesliga,2023,Augsburg,Tomáš Koubek,CZE,GK,30.0,1992.0,3.0,0,0,0,,0.0,0.0,,,,0,0,0,0.0,0.0,,0.0,0.0,shooting
GER-Bundesliga,2023,Bayern Munich,Aleksandar Pavlovic,GER,MF,19.0,2004.0,13.6,2,8,2,25.0,0.59,0.15,0.25,1.0,16.0,0,0,0,1.2,1.2,0.15,0.8,0.8,shooting
GER-Bundesliga,2023,Bayern Munich,Alphonso Davies,CAN,DF,22.0,2000.0,22.9,2,13,4,30.8,0.57,0.17,0.15,0.5,22.2,0,0,0,1.0,1.0,0.08,1.0,1.0,shooting
GER-Bundesliga,2023,Bayern Munich,Bouna Sarr,SEN,DF,31.0,1992.0,1.2,0,1,1,100.0,0.85,0.85,0.0,0.0,5.0,0,0,0,0.2,0.2,0.22,-0.2,-0.2,shooting
GER-Bundesliga,2023,Bayern Munich,Bryan Zaragoza,ESP,"FW,MF",22.0,2001.0,2.0,0,7,4,57.1,3.44,1.97,0.0,0.0,15.4,0,0,0,0.5,0.5,0.07,-0.5,-0.5,shooting
GER-Bundesliga,2023,Bayern Munich,Daniel Peretz,ISR,GK,23.0,2000.0,0.2,0,0,0,,0.0,0.0,,,,0,0,0,0.0,0.0,,0.0,0.0,shooting
GER-Bundesliga,2023,Bayern Munich,Dayot Upamecano,FRA,DF,24.0,1998.0,19.6,1,11,4,36.4,0.56,0.2,0.09,0.25,10.5,0,0,0,1.7,1.7,0.15,-0.7,-0.7,shooting
GER-Bundesliga,2023,Bayern Munich,Eric Dier,ENG,DF,29.0,1994.0,13.0,0,9,3,33.3,0.69,0.23,0.0,0.0,10.3,0,0,0,0.7,0.7,0.07,-0.7,-0.7,shooting
GER-Bundesliga,2023,Bayern Munich,Eric Maxim Choupo-Moting,CMR,"MF,FW",34.0,1989.0,8.0,2,26,11,42.3,3.26,1.38,0.08,0.18,12.5,0,0,0,4.5,4.5,0.17,-2.5,-2.5,shooting
GER-Bundesliga,2023,Bayern Munich,Frans Krätzig,GER,DF,20.0,2003.0,0.6,0,2,2,100.0,3.21,3.21,0.0,0.0,19.4,0,0,0,0.3,0.3,0.13,-0.3,-0.3,shooting
GER-Bundesliga,2023,Bayern Munich,Harry Kane,ENG,FW,30.0,1993.0,31.5,36,141,61,43.3,4.47,1.93,0.22,0.51,14.4,4,5,5,30.6,26.7,0.19,5.4,4.3,shooting
GER-Bundesliga,2023,Bayern Munich,Jamal Musiala,GER,"MF,FW",20.0,2003.0,19.5,10,58,21,36.2,2.97,1.08,0.17,0.48,15.8,0,0,0,7.9,7.9,0.14,2.1,2.1,shooting
GER-Bundesliga,2023,Bayern Munich,Jonathan Asp Jensen,DEN,FW,17.0,2006.0,0.0,0,0,0,,0.0,0.0,,,,0,0,0,0.0,0.0,,0.0,0.0,shooting
GER-Bundesliga,2023,Bayern Munich,Joshua Kimmich,GER,"MF,DF",28.0,1995.0,24.2,1,25,7,28.0,1.03,0.29,0.04,0.14,24.6,3,0,0,1.1,1.1,0.05,-0.1,-0.1,shooting
GER-Bundesliga,2023,Bayern Munich,Kim Min-jae,KOR,DF,26.0,1996.0,21.9,1,10,3,30.0,0.46,0.14,0.1,0.33,10.4,0,0,0,0.8,0.8,0.08,0.2,0.2,shooting
GER-Bundesliga,2023,Bayern Munich,Kingsley Coman,FRA,FW,27.0,1996.0,12.4,3,34,8,23.5,2.75,0.65,0.09,0.38,17.6,0,0,0,2.8,2.8,0.08,0.2,0.2,shooting
GER-Bundesliga,2023,Bayern Munich,Konrad Laimer,AUT,"DF,MF",26.0,1997.0,19.7,0,17,5,29.4,0.86,0.25,0.0,0.0,16.7,0,0,0,1.0,1.0,0.06,-1.0,-1.0,shooting
GER-Bundesliga,2023,Bayern Munich,Leon Goretzka,GER,MF,28.0,1995.0,24.9,6,56,14,25.0,2.25,0.56,0.11,0.43,17.5,0,0,0,5.0,5.0,0.09,1.0,1.0,shooting
GER-Bundesliga,2023,Bayern Munich,Leroy Sané,GER,FW,27.0,1996.0,23.7,8,73,28,38.4,3.07,1.18,0.11,0.29,17.6,6,0,0,10.9,10.9,0.15,-2.9,-2.9,shooting
GER-Bundesliga,2023,Bayern Munich,Lovro Zvonarek,CRO,"FW,MF",18.0,2005.0,1.8,1,1,1,100.0,0.55,0.55,1.0,1.0,16.8,0,0,0,0.1,0.1,0.07,0.9,0.9,shooting
GER-Bundesliga,2023,Bayern Munich,Manuel Neuer,GER,GK,37.0,1986.0,22.8,0,0,0,,0.0,0.0,,,,0,0,0,0.0,0.0,,0.0,0.0,shooting
GER-Bundesliga,2023,Bayern Munich,Mathys Tel,FRA,"FW,MF",18.0,2005.0,11.7,7,43,18,41.9,3.69,1.54,0.16,0.39,15.9,0,0,0,3.7,3.7,0.09,3.3,3.3,shooting
GER-Bundesliga,2023,Bayern Munich,Matteo Perez Vinlöf,SWE,FW,17.0,2005.0,0.2,0,0,0,,0.0,0.0,,,,0,0,0,0.0,0.0,,0.0,0.0,shooting
GER-Bundesliga,2023,Bayern Munich,Matthijs de Ligt,NED,DF,23.0,1999.0,15.4,2,14,6,42.9,0.91,0.39,0.14,0.33,9.7,0,0,0,1.7,1.7,0.12,0.3,0.3,shooting
GER-Bundesliga,2023,Bayern Munich,Noussair Mazraoui,MAR,DF,25.0,1997.0,13.3,0,12,3,25.0,0.9,0.23,0.0,0.0,19.0,0,0,0,0.9,0.9,0.07,-0.9,-0.9,shooting
GER-Bundesliga,2023,Bayern Munich,Raphaël Guerreiro,POR,"DF,MF",29.0,1993.0,13.2,3,18,6,33.3,1.36,0.45,0.17,0.5,19.1,0,0,0,2.4,2.4,0.14,0.6,0.6,shooting
GER-Bundesliga,2023,Bayern Munich,Ryan Gravenberch,NED,FW,21.0,2002.0,0.1,0,0,0,,0.0,0.0,,,,0,0,0,0.0,0.0,,0.0,0.0,shooting
GER-Bundesliga,2023,Bayern Munich,Sacha Boey,FRA,DF,22.0,2000.0,1.2,0,1,0,0.0,0.83,0.0,0.0,,8.4,0,0,0,0.2,0.2,0.24,-0.2,-0.2,shooting
GER-Bundesliga,2023,Bayern Munich,Serge Gnabry,GER,"FW,MF",28.0,1995.0,4.8,3,17,6,35.3,3.54,1.25,0.18,0.5,12.9,0,0,0,2.4,2.4,0.15,0.6,0.6,shooting
GER-Bundesliga,2023,Bayern Munich,Sven Ulreich,GER,GK,34.0,1988.0,11.0,0,0,0,,0.0,0.0,,,,0,0,0,0.0,0.0,,0.0,0.0,shooting
GER-Bundesliga,2023,Bayern Munich,Thomas Müller,GER,"MF,FW",33.0,1989.0,18.4,5,36,11,30.6,1.96,0.6,0.14,0.45,11.9,0,0,0,5.7,5.7,0.17,-0.7,-0.7,shooting
GER-Bundesliga,2023,Bochum,Andreas Luthe,GER,GK,36.0,1987.0,1.0,0,0,0,,0.0,0.0,,,,0,0,0,0.0,0.0,,0.0,0.0,shooting
GER-Bundesliga,2023,Bochum,Anthony Losilla,FRA,MF,37.0,1986.0,28.6,1,28,6,21.4,0.98,0.21,0.04,0.17,18.0,0,0,0,2.3,2.3,0.08,-1.3,-1.3,shooting
GER-Bundesliga,2023,Bochum,Bernardo,BRA,DF,28.0,1995.0,32.5,1,29,8,27.6,0.89,0.25,0.03,0.13,12.4,0,0,0,1.9,1.9,0.07,-0.9,-0.9,shooting
GER-Bundesliga,2023,Bochum,Christopher Antwi-Adjei,GHA,"FW,MF",29.0,1994.0,13.5,2,29,9,31.0,2.15,0.67,0.07,0.22,18.2,0,0,0,2.2,2.2,0.08,-0.2,-0.2,shooting
GER-Bundesliga,2023,Bochum,Cristian Gamboa,CRC,DF,33.0,1989.0,13.2,0,6,1,16.7,0.45,0.08,0.0,0.0,31.2,0,0,0,0.1,0.1,0.01,-0.1,-0.1,shooting
GER-Bundesliga,2023,Bochum,Danilo Soares,BRA,DF,31.0,1991.0,3.9,0,3,0,0.0,0.77,0.0,0.0,,28.4,0,0,0,0.0,0.0,0.01,0.0,0.0,shooting
GER-Bundesliga,2023,Bochum,Erhan Mašović,SRB,"DF,MF",24.0,1998.0,24.7,0,17,3,17.6,0.69,0.12,0.0,0.0,21.2,0,0,0,1.1,1.1,0.06,-1.1,-1.1,shooting
GER-Bundesliga,2023,Bochum,Felix Passlack,GER,DF,25.0,1998.0,10.7,2,14,3,21.4,1.31,0.28,0.14,0.67,21.0,0,0,0,0.9,0.9,0.06,1.1,1.1,shooting
GER-Bundesliga,2023,Bochum,Gonçalo Paciência,POR,"FW,MF",28.0,1994.0,7.2,3,38,12,31.6,5.26,1.66,0.08,0.25,17.9,1,0,0,3.0,3.0,0.08,0.0,0.0,shooting
GER-Bundesliga,2023,Bochum,Ivan Ordets,UKR,DF,31.0,1992.0,20.9,1,16,6,37.5,0.77,0.29,0.06,0.17,10.7,0,0,0,1.3,1.3,0.08,-0.3,-0.3,shooting
GER-Bundesliga,2023,Bochum,Keven Schlotterbeck,GER,DF,26.0,1997.0,24.3,5,27,12,44.4,1.11,0.49,0.19,0.42,12.9,0,0,0,2.0,2.0,0.08,3.0,3.0,shooting
GER-Bundesliga,2023,Bochum,Kevin Stöger,AUT,MF,29.0,1993.0,29.6,7,71,14,19.7,2.4,0.47,0.04,0.21,25.7,13,4,4,6.2,3.1,0.04,0.8,-0.1,shooting
GER-Bundesliga,2023,Bochum,Lukas Daschner,GER,"MF,FW",24.0,1998.0,6.0,1,13,5,38.5,2.18,0.84,0.08,0.2,16.7,0,0,0,2.3,2.3,0.18,-1.3,-1.3,shooting
GER-Bundesliga,2023,Bochum,Manuel Riemann,GER,GK,34.0,1988.0,33.0,0,0,0,,0.0,0.0,,,,0,0,0,0.0,0.0,,0.0,0.0,shooting
GER-Bundesliga,2023,Bochum,Matúš Bero,SVK,"MF,FW",27.0,1995.0,18.5,1,30,6,20.0,1.63,0.33,0.03,0.17,19.9,0,0,0,2.9,2.9,0.1,-1.9,-1.9,shooting
GER-Bundesliga,2023,Bochum,Maximilian Wittek,GER,"DF,FW",27.0,1995.0,11.9,3,26,8,30.8,2.19,0.67,0.12,0.38,25.5,3,0,0,1.3,1.3,0.05,1.7,1.7,shooting
GER-Bundesliga,2023,Bochum,Moritz Broschinski,GER,FW,22.0,2000.0,13.9,2,26,7,26.9,1.88,0.51,0.08,0.29,15.4,0,0,0,2.4,2.4,0.09,-0.4,-0.4,shooting
GER-Bundesliga,2023,Bochum,Moritz-Broni Kwarteng,GHA,FW,25.0,1998.0,3.1,0,14,3,21.4,4.48,0.96,0.0,0.0,17.5,1,0,0,1.0,1.0,0.07,-1.0,-1.0,shooting
GER-Bundesliga,2023,Bochum,Noah Loosli,SUI,DF,26.0,1997.0,3.8,0,0,0,,0.0,0.0,,,,0,0,0,0.0,0.0,,0.0,0.0,shooting
GER-Bundesliga,2023,Bochum,Patrick Osterhage,GER,MF,23.0,2000.0,20.7,2,22,3,13.6,1.06,0.15,0.09,0.67,19.5,0,0,0,1.4,1.4,0.06,0.6,0.6,shooting
GER-Bundesliga,2023,Bochum,Philipp Förster,GER,"MF,FW",28.0,1995.0,4.3,0,6,1,16.7,1.4,0.23,0.0,0.0,19.8,0,0,0,0.5,0.5,0.08,-0.5,-0.5,shooting
GER-Bundesliga,2023,Bochum,Philipp Hofmann,GER,FW,30.0,1993.0,17.5,4,39,15,38.5,2.23,0.86,0.1,0.27,11.7,0,0,0,4.8,4.8,0.12,-0.8,-0.8,shooting
GER-Bundesliga,2023,Bochum,Simon Zoller,GER,"FW,MF",32.0,1991.0,0.5,0,0,0,,0.0,0.0,,,,0,0,0,0.0,0.0,,0.0,0.0,shooting
GER-Bundesliga,2023,Bochum,Takuma Asano,JPN,"FW,MF",28.0,1994.0,22.1,6,65,23,35.4,2.95,1.04,0.09,0.26,14.9,0,0,0,7.9,7.9,0.12,-1.9,-1.9,shooting
GER-Bundesliga,2023,Bochum,Tim Oermann,GER,DF,19.0,2003.0,7.9,0,5,0,0.0,0.63,0.0,0.0,,27.1,0,0,0,0.1,0.1,0.02,-0.1,-0.1,shooting
GER-Bundesliga,2023,Darmstadt 98,Aaron Seydel,GER,FW,27.0,1996.0,6.9,1,14,6,42.9,2.04,0.87,0.07,0.17,16.8,0,0,0,1.0,1.0,0.07,0.0,0.0,shooting
GER-Bundesliga,2023,Darmstadt 98,Alexander Brunst,GER,GK,28.0,1995.0,3.0,0,0,0,,0.0,0.0,,,,0,0,0,0.0,0.0,,0.0,0.0,shooting
GER-Bundesliga,2023,Darmstadt 98,Andreas Müller,GER,MF,23.0,2000.0,3.9,0,3,1,33.3,0.77,0.26,0.0,0.0,30.8,0,0,0,0.1,0.1,0.04,-0.1,-0.1,shooting
GER-Bundesliga,2023,Darmstadt 98,Asaf Arania,ISR,MF,17.0,2005.0,0.1,0,0,0,,0.0,0.0,,,,0,0,0,0.0,0.0,,0.0,0.0,shooting
GER-Bundesliga,2023,Darmstadt 98,Bartol Franjić,CRO,MF,23.0,2000.0,13.7,0,4,0,0.0,0.29,0.0,0.0,,18.3,0,0,0,0.3,0.3,0.07,-0.3,-0.3,shooting
GER-Bundesliga,2023,Darmstadt 98,Braydon Manu,GHA,MF,26.0,1997.0,1.9,0,5,1,20.0,2.63,0.53,0.0,0.0,14.5,0,0,0,0.4,0.4,0.07,-0.4,-0.4,shooting
GER-Bundesliga,2023,Darmstadt 98,Christoph Klarer,AUT,DF,23.0,2000.0,26.2,2,9,2,22.2,0.34,0.08,0.22,1.0,9.3,0,0,0,1.2,1.2,0.13,0.8,0.8,shooting
GER-Bundesliga,2023,Darmstadt 98,Christoph Zimmermann,GER,DF,30.0,1993.0,13.6,0,4,1,25.0,0.3,0.07,0.0,0.0,13.8,0,0,0,0.3,0.3,0.07,-0.3,-0.3,shooting
GER-Bundesliga,2023,Darmstadt 98,Clemens Riedel,GER,DF,20.0,2003.0,8.4,0,8,3,37.5,0.95,0.36,0.0,0.0,21.6,1,0,0,0.3,0.3,0.03,-0.3,-0.3,shooting
GER-Bundesliga,2023,Darmstadt 98,Emir Karic,AUT,DF,26.0,1997.0,19.8,0,12,3,25.0,0.61,0.15,0.0,0.0,23.4,0,0,0,0.4,0.4,0.03,-0.4,-0.4,shooting
GER-Bundesliga,2023,Darmstadt 98,Fabian Holland,GER,"MF,DF",33.0,1990.0,20.4,0,11,3,27.3,0.54,0.15,0.0,0.0,24.7,1,0,0,0.6,0.6,0.06,-0.6,-0.6,shooting
GER-Bundesliga,2023,Darmstadt 98,Fabian Nürnberger,BUL,"DF,MF",24.0,1999.0,16.8,1,19,6,31.6,1.13,0.36,0.05,0.17,22.0,4,0,0,0.9,0.9,0.05,0.1,0.1,shooting
GER-Bundesliga,2023,Darmstadt 98,Fabian Schnellhardt,GER,MF,29.0,1994.0,2.6,0,5,2,40.0,1.91,0.77,0.0,0.0,27.1,1,0,0,0.2,0.2,0.04,-0.2,-0.2,shooting
GER-Bundesliga,2023,Darmstadt 98,Fabio Torsiello,ITA,"FW,DF",18.0,2005.0,1.7,0,4,0,0.0,2.31,0.0,0.0,,16.7,0,0,0,0.3,0.3,0.07,-0.3,-0.3,shooting
GER-Bundesliga,2023,Darmstadt 98,Filip Stojilković,SUI,"FW,MF",23.0,2000.0,1.7,0,4,1,25.0,2.34,0.58,0.0,0.0,20.5,0,0,0,0.2,0.2,0.05,-0.2,-0.2,shooting
GER-Bundesliga,2023,Darmstadt 98,Frank Ronstadt,GER,"DF,MF",26.0,1997.0,0.8,0,3,0,0.0,3.55,0.0,0.0,,24.6,0,0,0,0.1,0.1,0.03,-0.1,-0.1,shooting
GER-Bundesliga,2023,Darmstadt 98,Fraser Hornby,SCO,"FW,MF",23.0,1999.0,2.4,0,10,2,20.0,4.15,0.83,0.0,0.0,13.1,0,0,0,0.7,0.7,0.07,-0.7,-0.7,shooting
GER-Bundesliga,2023,Darmstadt 98,Gerrit Holtmann,PHI,"MF,FW",28.0,1995.0,4.4,0,14,5,35.7,3.21,1.15,0.0,0.0,23.6,0,0,0,0.6,0.6,0.04,-0.6,-0.6,shooting
GER-Bundesliga,2023,Darmstadt 98,Jannik Müller,GER,"DF,MF",29.0,1994.0,12.6,0,3,0,0.0,0.24,0.0,0.0,,13.4,0,0,0,0.2,0.2,0.07,-0.2,-0.2,shooting
GER-Bundesliga,2023,Darmstadt 98,Julian Justvan,GER,"MF,FW",25.0,1998.0,11.4,2,17,4,23.5,1.5,0.35,0.12,0.5,21.4,0,0,0,0.9,0.9,0.05,1.1,1.1,shooting
GER-Bundesliga,2023,Darmstadt 98,Klaus Gjasula,ALB,"DF,MF",33.0,1989.0,15.1,0,9,1,11.1,0.59,0.07,0.0,0.0,14.1,0,0,0,0.5,0.5,0.05,-0.5,-0.5,shooting
GER-Bundesliga,2023,Darmstadt 98,Luca Pfeiffer,GER,"FW,MF",26.0,1996.0,18.0,1,48,18,37.5,2.67,1.0,0.02,0.06,15.7,0,0,0,4.6,4.6,0.1,-3.6,-3.6,shooting
GER-Bundesliga,2023,Darmstadt 98,Marcel Schuhen,GER,GK,30.0,1993.0,31.0,0,0,0,,0.0,0.0,,,,0,0,0,0.0,0.0,,0.0,0.0,shooting
GER-Bundesliga,2023,Darmstadt 98,Marvin Mehlem,GER,MF,25.0,1997.0,16.5,3,23,8,34.8,1.4,0.49,0.13,0.38,17.5,0,0,0,3.8,3.8,0.17,-0.8,-0.8,shooting
GER-Bundesliga,2023,Darmstadt 98,Matej Maglica,CRO,DF,24.0,1998.0,18.9,1,10,2,20.0,0.53,0.11,0.1,0.5,20.8,1,0,0,0.6,0.6,0.06,0.4,0.4,shooting
GER-Bundesliga,2023,Darmstadt 98,Mathias Honsak,AUT,"FW,MF",26.0,1996.0,11.3,1,23,6,26.1,2.03,0.53,0.04,0.17,17.4,0,0,0,1.8,1.8,0.08,-0.8,-0.8,shooting
GER-Bundesliga,2023,Darmstadt 98,Matthias Bader,GER,"DF,MF",26.0,1997.0,20.0,1,17,1,5.9,0.85,0.05,0.06,1.0,22.3,0,0,0,0.7,0.7,0.04,0.3,0.3,shooting
GER-Bundesliga,2023,Darmstadt 98,Oscar Vilhelmsson,SWE,"FW,MF",19.0,2003.0,15.3,4,28,10,35.7,1.83,0.66,0.14,0.4,14.7,0,0,0,4.1,4.1,0.15,-0.1,-0.1,shooting
GER-Bundesliga,2023,Darmstadt 98,Sebastian Polter,GER,FW,32.0,1991.0,5.0,0,10,3,30.0,2.02,0.61,0.0,0.0,11.9,0,0,0,1.0,1.0,0.1,-1.0,-1.0,shooting
GER-Bundesliga,2023,Darmstadt 98,Thomas Isherwood,SWE,DF,25.0,1998.0,7.1,0,0,0,,0.0,0.0,,,,0,0,0,0.0,0.0,,0.0,0.0,shooting
GER-Bundesliga,2023,Darmstadt 98,Tim Skarke,GER,"FW,DF",26.0,1996.0,26.7,8,69,20,29.0,2.58,0.75,0.12,0.4,21.9,1,0,0,3.6,3.6,0.05,4.4,4.4,shooting
GER-Bundesliga,2023,Darmstadt 98,Tobias Kempe,GER,MF,34.0,1989.0,15.0,3,18,1,5.6,1.2,0.07,0.0,0.0,23.0,3,3,3,3.6,1.2,0.07,-0.6,-1.2,shooting
GER-Bundesliga,2023,Dortmund,Alexander Meyer,GER,GK,32.0,1991.0,7.7,0,0,0,,0.0,0.0,,,,0,0,0,0.0,0.0,,0.0,0.0,shooting
GER-Bundesliga,2023,Dortmund,Antonios Papadopoulos,GER,DF,23.0,1999.0,1.3,0,0,0,,0.0,0.0,,,,0,0,0,0.0,0.0,,0.0,0.0,shooting
GER-Bundesliga,2023,Dortmund,Donyell Malen,NED,"FW,MF",24.0,1999.0,19.8,13,72,36,50.0,3.64,1.82,0.18,0.36,16.5,2,0,0,9.5,9.5,0.14,3.5,3.5,shooting
GER-Bundesliga,2023,Dortmund,Emre Can,GER,"MF,DF",29.0,1994.0,21.7,2,15,1,6.7,0.69,0.05,0.0,0.0,27.4,0,2,2,2.2,0.6,0.04,-0.2,-0.6,shooting
GER-Bundesliga,2023,Dortmund,Felix Nmecha,GER,MF,22.0,2000.0,11.3,1,23,3,13.0,2.03,0.26,0.04,0.33,17.8,0,0,0,1.7,1.7,0.07,-0.7,-0.7,shooting
GER-Bundesliga,2023,Dortmund,Gio Reyna,USA,"MF,FW",20.0,2002.0,3.1,0,8,2,25.0,2.57,0.64,0.0,0.0,17.4,0,0,0,0.8,0.8,0.1,-0.8,-0.8,shooting
GER-Bundesliga,2023,Dortmund,Gregor Kobel,SUI,GK,25.0,1997.0,26.3,0,0,0,,0.0,0.0,,,,0,0,0,0.0,0.0,,0.0,0.0,shooting
GER-Bundesliga,2023,Dortmund,Hendry Blank,GER,DF,18.0,2004.0,0.5,0,0,0,,0.0,0.0,,,,0,0,0,0.0,0.0,,0.0,0.0,shooting
GER-Bundesliga,2023,Dortmund,Ian Maatsen,NED,DF,21.0,2002.0,14.0,2,11,4,36.4,0.78,0.28,0.18,0.5,19.5,0,0,0,0.9,0.9,0.08,1.1,1.1,shooting
GER-Bundesliga,2023,Dortmund,Jadon Sancho,ENG,"FW,MF",23.0,2000.0,10.5,2,9,4,44.4,0.86,0.38,0.22,0.5,13.3,0,0,0,0.7,0.7,0.08,1.3,1.3,shooting
GER-Bundesliga,2023,Dortmund,Jamie Gittens,ENG,"FW,MF",18.0,2004.0,11.8,1,43,11,25.6,3.66,0.94,0.02,0.09,19.3,0,0,0,2.2,2.2,0.05,-1.2,-1.2,shooting
GER-Bundesliga,2023,Dortmund,Julian Brandt,GER,"MF,FW",27.0,1996.0,24.7,7,33,16,48.5,1.34,0.65,0.21,0.44,19.1,2,0,0,4.4,4.4,0.13,2.6,2.6,shooting
GER-Bundesliga,2023,Dortmund,Julian Ryerson,NOR,DF,25.0,1997.0,19.6,4,18,8,44.4,0.92,0.41,0.22,0.5,19.5,0,0,0,1.8,1.8,0.1,2.2,2.2,shooting
GER-Bundesliga,2023,Dortmund,Julien Duranville,BEL,"FW,MF",17.0,2006.0,0.1,0,0,0,,0.0,0.0,,,,0,0,0,0.0,0.0,,0.0,0.0,shooting
GER-Bundesliga,2023,Dortmund,Karim Adeyemi,GER,"FW,MF",21.0,2002.0,10.1,3,23,10,43.5,2.27,0.99,0.13,0.3,14.6,0,0,0,3.5,3.5,0.15,-0.5,-0.5,shooting
GER-Bundesliga,2023,Dortmund,Kjell-Arik Wätjen,GER,"MF,FW",17.0,2006.0,1.2,0,0,0,,0.0,0.0,,,,0,0,0,0.0,0.0,,0.0,0.0,shooting
GER-Bundesliga,2023,Dortmund,Marcel Sabitzer,AUT,MF,29.0,1994.0,21.8,4,46,19,41.3,2.11,0.87,0.07,0.16,22.6,5,1,1,3.6,2.8,0.06,0.4,0.2,shooting
GER-Bundesliga,2023,Dortmund,Marco Reus,GER,"MF,FW",34.0,1989.0,17.8,6,42,20,47.6,2.36,1.12,0.14,0.3,14.2,8,0,0,6.5,6.5,0.16,-0.5,-0.5,shooting
GER-Bundesliga,2023,Dortmund,Marius Wolf,GER,DF,28.0,1995.0,13.0,0,9,1,11.1,0.69,0.08,0.0,0.0,17.4,0,0,0,0.6,0.6,0.06,-0.6,-0.6,shooting
GER-Bundesliga,2023,Dortmund,Mateu Morey,ESP,DF,23.0,2000.0,1.2,0,1,1,100.0,0.82,0.82,0.0,0.0,26.2,0,0,0,0.0,0.0,0.03,0.0,0.0,shooting
GER-Bundesliga,2023,Dortmund,Mats Hummels,GER,DF,34.0,1988.0,17.6,3,16,6,37.5,0.91,0.34,0.19,0.5,11.7,0,0,0,3.2,3.2,0.23,-0.2,-0.2,shooting
GER-Bundesliga,2023,Dortmund,Niclas Füllkrug,GER,FW,30.0,1993.0,24.6,12,50,23,46.0,2.03,0.94,0.18,0.39,12.2,0,3,3,12.4,10.0,0.2,-0.4,-1.0,shooting
GER-Bundesliga,2023,Dortmund,Nico Schlotterbeck,GER,DF,23.0,1999.0,31.8,2,27,6,22.2,0.85,0.19,0.07,0.33,13.4,0,0,0,3.0,3.0,0.11,-1.0,-1.0,shooting
GER-Bundesliga,2023,Dortmund,Niklas Süle,GER,DF,27.0,1995.0,16.8,1,7,1,14.3,0.42,0.06,0.14,1.0,16.0,0,0,0,0.4,0.4,0.06,0.6,0.6,shooting
GER-Bundesliga,2023,Dortmund,Ole Pohlmann,GER,MF,22.0,2001.0,0.6,0,1,0,0.0,1.67,0.0,0.0,,17.1,0,0,0,0.1,0.1,0.05,-0.1,-0.1,shooting
GER-Bundesliga,2023,Dortmund,Ramy Bensebaini,ALG,DF,28.0,1995.0,11.5,0,16,0,0.0,1.39,0.0,0.0,,17.1,0,0,0,1.7,1.7,0.11,-1.7,-1.7,shooting
GER-Bundesliga,2023,Dortmund,Salih Özcan,TUR,MF,25.0,1998.0,13.2,0,5,2,40.0,0.38,0.15,0.0,0.0,24.5,0,0,0,0.2,0.2,0.03,-0.2,-0.2,shooting
GER-Bundesliga,2023,Dortmund,Samuel Bamba,GER,FW,19.0,2004.0,0.5,0,2,0,0.0,3.83,0.0,0.0,,12.6,0,0,0,0.3,0.3,0.13,-0.3,-0.3,shooting
GER-Bundesliga,2023,Dortmund,Sébastien Haller,CIV,FW,29.0,1994.0,4.4,0,7,2,28.6,1.59,0.45,0.0,0.0,10.7,0,0,0,0.9,0.9,0.13,-0.9,-0.9,shooting
GER-Bundesliga,2023,Dortmund,Thomas Meunier,BEL,DF,31.0,1991.0,6.5,0,8,1,12.5,1.23,0.15,0.0,0.0,18.7,0,0,0,0.5,0.5,0.06,-0.5,-0.5,shooting
GER-Bundesliga,2023,Dortmund,Thorgan Hazard,BEL,DF,30.0,1993.0,0.1,0,0,0,,0.0,0.0,,,,0,0,0,0.0,0.0,,0.0,0.0,shooting
GER-Bundesliga,2023,Dortmund,Youssoufa Moukoko,GER,FW,18.0,2004.0,6.9,5,14,7,50.0,2.02,1.01,0.36,0.71,13.0,0,0,0,3.9,3.9,0.28,1.1,1.1,shooting
GER-Bundesliga,2023,Eint Frankfurt,Ansgar Knauff,GER,"MF,DF",21.0,2002.0,23.4,7,37,13,35.1,1.58,0.55,0.19,0.54,14.4,0,0,0,5.7,5.7,0.15,1.3,1.3,shooting
GER-Bundesliga,2023,Eint Frankfurt,Aurélio Buta,POR,"DF,MF",26.0,1997.0,19.4,1,13,4,30.8,0.67,0.21,0.08,0.25,21.3,0,0,0,0.5,0.5,0.04,0.5,0.5,shooting
GER-Bundesliga,2023,Eint Frankfurt,Christopher Lenz,GER,DF,28.0,1994.0,0.1,0,0,0,,0.0,0.0,,,,0,0,0,0.0,0.0,,0.0,0.0,shooting
GER-Bundesliga,2023,Eint Frankfurt,Donny van de Beek,NED,"MF,FW",26.0,1997.0,4.0,0,1,0,0.0,0.25,0.0,0.0,,11.3,0,0,0,0.1,0.1,0.09,-0.1,-0.1,shooting
GER-Bundesliga,2023,Eint Frankfurt,Elias Baum,GER,"DF,MF",17.0,2005.0,0.3,0,0,0,,0.0,0.0,,,,0,0,0,0.0,0.0,,0.0,0.0,shooting
GER-Bundesliga,2023,Eint Frankfurt,Ellyes Skhiri,TUN,MF,28.0,1995.0,24.1,2,18,8,44.4,0.75,0.33,0.11,0.25,16.7,0,0,0,2.3,2.3,0.13,-0.3,-0.3,shooting
GER-Bundesliga,2023,Eint Frankfurt,Fares Chaïbi,ALG,"MF,FW",20.0,2002.0,21.2,2,40,14,35.0,1.88,0.66,0.05,0.14,19.1,6,0,0,3.1,3.1,0.08,-1.1,-1.1,shooting
GER-Bundesliga,2023,Eint Frankfurt,Hrvoje Smolčić,CRO,DF,22.0,2000.0,3.9,1,3,1,33.3,0.78,0.26,0.33,1.0,15.5,0,0,0,1.0,1.0,0.34,0.0,0.0,shooting
GER-Bundesliga,2023,Eint Frankfurt,Hugo Ekitike,FRA,FW,21.0,2002.0,8.0,4,30,9,30.0,3.77,1.13,0.13,0.44,14.1,0,0,0,2.4,2.4,0.08,1.6,1.6,shooting
GER-Bundesliga,2023,Eint Frankfurt,Hugo Larsson,SWE,MF,19.0,2004.0,21.0,2,10,4,40.0,0.48,0.19,0.2,0.5,19.9,0,0,0,1.3,1.3,0.13,0.7,0.7,shooting
GER-Bundesliga,2023,Eint Frankfurt,Jean Mattéo Bahoya,FRA,"MF,FW",18.0,2005.0,2.0,0,0,0,,0.0,0.0,,,,0,0,0,0.0,0.0,,0.0,0.0,shooting
GER-Bundesliga,2023,Eint Frankfurt,Jens Grahl,GER,GK,34.0,1988.0,2.0,0,0,0,,0.0,0.0,,,,0,0,0,0.0,0.0,,0.0,0.0,shooting
GER-Bundesliga,2023,Eint Frankfurt,Jens Petter Hauge,NOR,"MF,FW",23.0,1999.0,1.6,0,1,0,0.0,0.61,0.0,0.0,,17.4,0,0,0,0.1,0.1,0.07,-0.1,-0.1,shooting
GER-Bundesliga,2023,Eint Frankfurt,Jesper Lindstrøm,DEN,FW,23.0,2000.0,0.9,0,1,0,0.0,1.08,0.0,0.0,,11.1,0,0,0,0.2,0.2,0.19,-0.2,-0.2,shooting
GER-Bundesliga,2023,Eint Frankfurt,Jessic Ngankam,GER,FW,23.0,2000.0,3.1,0,7,4,57.1,2.25,1.29,0.0,0.0,16.5,0,0,1,1.5,0.7,0.1,-1.5,-0.7,shooting
GER-Bundesliga,2023,Eint Frankfurt,Junior Dina Ebimbe,FRA,"MF,DF",22.0,2000.0,21.7,5,52,15,28.8,2.39,0.69,0.1,0.33,15.1,0,0,0,5.0,5.0,0.1,0.0,0.0,shooting
GER-Bundesliga,2023,Eint Frankfurt,Kevin Trapp,GER,GK,33.0,1990.0,32.0,0,0,0,,0.0,0.0,,,,0,0,0,0.0,0.0,,0.0,0.0,shooting
GER-Bundesliga,2023,Eint Frankfurt,Kristijan Jakić,CRO,"MF,FW",26.0,1997.0,2.2,0,1,0,0.0,0.45,0.0,0.0,,24.2,0,0,0,0.0,0.0,0.04,0.0,0.0,shooting
GER-Bundesliga,2023,Eint Frankfurt,Makoto Hasebe,JPN,"DF,MF",39.0,1984.0,2.4,0,0,0,,0.0,0.0,,,,0,0,0,0.0,0.0,,0.0,0.0,shooting
GER-Bundesliga,2023,Eint Frankfurt,Mario Götze,GER,MF,31.0,1992.0,23.0,3,13,6,46.2,0.57,0.26,0.23,0.5,14.2,0,0,0,2.9,2.9,0.26,0.1,0.1,shooting
GER-Bundesliga,2023,Eint Frankfurt,Marko Mladenović,SRB,MF,18.0,2005.0,0.1,0,0,0,,0.0,0.0,,,,0,0,0,0.0,0.0,,0.0,0.0,shooting
GER-Bundesliga,2023,Eint Frankfurt,Nacho Ferri,ESP,"FW,MF",18.0,2004.0,0.8,1,5,2,40.0,6.08,2.43,0.2,0.5,16.4,0,0,0,1.2,1.2,0.24,-0.2,-0.2,shooting
GER-Bundesliga,2023,Eint Frankfurt,Niels Nkounkou,FRA,"DF,MF",22.0,2000.0,14.5,3,22,7,31.8,1.51,0.48,0.14,0.43,21.7,0,0,0,1.3,1.3,0.06,1.7,1.7,shooting
GER-Bundesliga,2023,Eint Frankfurt,Nnamdi Collins,GER,DF,19.0,2004.0,1.0,0,0,0,,0.0,0.0,,,,0,0,0,0.0,0.0,,0.0,0.0,shooting
GER-Bundesliga,2023,Eint Frankfurt,Omar Marmoush,EGY,"FW,MF",24.0,1999.0,25.6,12,77,31,40.3,3.01,1.21,0.13,0.32,17.6,5,2,2,11.6,10.1,0.13,0.4,-0.1,shooting
GER-Bundesliga,2023,Eint Frankfurt,Paxten Aaronson,USA,MF,19.0,2003.0,1.1,0,2,2,100.0,1.78,1.78,0.0,0.0,15.1,0,0,0,0.1,0.1,0.06,-0.1,-0.1,shooting
GER-Bundesliga,2023,Eint Frankfurt,Philipp Max,GER,DF,29.0,1993.0,15.0,1,8,2,25.0,0.53,0.13,0.13,0.5,24.2,0,0,0,0.2,0.2,0.03,0.8,0.8,shooting
GER-Bundesliga,2023,Eint Frankfurt,Randal Kolo Muani,FRA,FW,24.0,1998.0,1.7,1,5,1,20.0,2.94,0.59,0.2,1.0,8.0,0,0,0,1.3,1.3,0.26,-0.3,-0.3,shooting
GER-Bundesliga,2023,Eint Frankfurt,Robin Koch,GER,DF,27.0,1996.0,30.4,2,24,5,20.8,0.79,0.16,0.08,0.4,11.3,0,0,0,3.1,3.1,0.13,-1.1,-1.1,shooting
GER-Bundesliga,2023,Eint Frankfurt,Sasa Kalajdzic,AUT,FW,26.0,1997.0,3.6,0,2,1,50.0,0.55,0.28,0.0,0.0,13.7,0,0,0,0.2,0.2,0.08,-0.2,-0.2,shooting
GER-Bundesliga,2023,Eint Frankfurt,Sebastian Rode,GER,MF,32.0,1990.0,0.7,0,0,0,,0.0,0.0,,,,0,0,0,0.0,0.0,,0.0,0.0,shooting
GER-Bundesliga,2023,Eint Frankfurt,Timothy Chandler,USA,"MF,DF",33.0,1990.0,0.2,0,2,1,50.0,10.0,5.0,0.0,0.0,17.8,0,0,0,0.1,0.1,0.04,-0.1,-0.1,shooting
GER-Bundesliga,2023,Eint Frankfurt,Tuta,BRA,DF,24.0,1999.0,28.9,1,18,7,38.9,0.62,0.24,0.06,0.14,12.7,0,0,0,1.4,1.4,0.08,-0.4,-0.4,shooting
GER-Bundesliga,2023,Eint Frankfurt,Willian Pacho,ECU,DF,21.0,2001.0,33.0,0,10,2,20.0,0.3,0.06,0.0,0.0,16.3,0,0,0,1.2,1.2,0.12,-1.2,-1.2,shooting
GER-Bundesliga,2023,Freiburg,Attila Szalai,HUN,DF,25.0,1998.0,1.1,0,0,0,,0.0,0.0,,,,0,0,0,0.0,0.0,,0.0,0.0,shooting
GER-Bundesliga,2023,Freiburg,Christian Günter,GER,DF,30.0,1993.0,11.8,1,6,2,33.3,0.51,0.17,0.17,0.5,22.2,0,0,0,0.5,0.5,0.08,0.5,0.5,shooting
GER-Bundesliga,2023,Freiburg,Fabian Rüdlin,GER,MF,26.0,1997.0,0.1,0,0,0,,0.0,0.0,,,,0,0,0,0.0,0.0,,0.0,0.0,shooting
GER-Bundesliga,2023,Freiburg,Florent Muslija,KVX,"MF,FW",25.0,1998.0,1.2,0,2,1,50.0,1.71,0.86,0.0,0.0,33.3,0,0,0,0.1,0.1,0.03,-0.1,-0.1,shooting
GER-Bundesliga,2023,Freiburg,Jordy Makengo,FRA,DF,21.0,2001.0,11.4,0,3,0,0.0,0.26,0.0,0.0,,16.9,0,0,0,0.2,0.2,0.07,-0.2,-0.2,shooting
GER-Bundesliga,2023,Freiburg,Junior Adamu,AUT,"FW,MF",22.0,2001.0,1.2,0,2,1,50.0,1.71,0.86,0.0,0.0,12.1,0,0,0,0.1,0.1,0.03,-0.1,-0.1,shooting
GER-Bundesliga,2023,Freiburg,Kenneth Schmidt,GER,DF,21.0,2002.0,0.8,0,1,0,0.0,1.32,0.0,0.0,,29.0,0,0,0,0.0,0.0,0.02,0.0,0.0,shooting
GER-Bundesliga,2023,Freiburg,Kiliann Sildillia,FRA,DF,21.0,2002.0,20.1,0,7,1,14.3,0.35,0.05,0.0,0.0,18.7,0,0,0,0.6,0.6,0.08,-0.6,-0.6,shooting
GER-Bundesliga,2023,Freiburg,Lucas Höler,GER,"FW,MF",29.0,1994.0,25.6,7,32,16,50.0,1.25,0.62,0.19,0.38,13.5,0,1,2,8.6,7.0,0.22,-1.6,-1.0,shooting
GER-Bundesliga,2023,Freiburg,Lukas Kübler,GER,DF,30.0,1992.0,20.5,1,8,3,37.5,0.39,0.15,0.13,0.33,15.2,0,0,0,0.6,0.6,0.07,0.4,0.4,shooting
GER-Bundesliga,2023,Freiburg,Manuel Gulde,GER,DF,32.0,1991.0,22.7,1,12,1,8.3,0.53,0.04,0.08,1.0,11.3,0,0,0,1.1,1.1,0.09,-0.1,-0.1,shooting
GER-Bundesliga,2023,Freiburg,Matthias Ginter,GER,DF,29.0,1994.0,21.3,0,7,4,57.1,0.33,0.19,0.0,0.0,7.7,0,0,0,1.4,1.4,0.2,-1.4,-1.4,shooting
GER-Bundesliga,2023,Freiburg,Maximilian Breunig,GER,FW,22.0,2000.0,0.1,0,0,0,,0.0,0.0,,,,0,0,0,0.0,0.0,,0.0,0.0,shooting
GER-Bundesliga,2023,Freiburg,Maximilian Eggestein,GER,MF,26.0,1996.0,32.4,1,39,8,20.5,1.2,0.25,0.03,0.13,19.9,0,0,0,2.4,2.4,0.06,-1.4,-1.4,shooting
GER-Bundesliga,2023,Freiburg,Maximilian Philipp,GER,"FW,MF",29.0,1994.0,3.6,1,9,3,33.3,2.51,0.84,0.11,0.33,12.7,0,0,0,0.5,0.5,0.05,0.5,0.5,shooting
GER-Bundesliga,2023,Freiburg,Merlin Röhl,GER,"MF,FW",21.0,2002.0,16.4,2,24,8,33.3,1.46,0.49,0.08,0.25,15.1,0,0,0,2.0,2.0,0.08,0.0,0.0,shooting
GER-Bundesliga,2023,Freiburg,Michael Gregoritsch,AUT,FW,29.0,1994.0,18.7,7,74,26,35.1,3.96,1.39,0.09,0.27,14.2,2,0,0,9.2,9.2,0.13,-2.2,-2.2,shooting
GER-Bundesliga,2023,Freiburg,Nicolas Höfler,GER,MF,33.0,1990.0,25.9,1,16,1,6.3,0.62,0.04,0.06,1.0,17.4,0,0,0,0.7,0.7,0.04,0.3,0.3,shooting
GER-Bundesliga,2023,Freiburg,Noah Atubolu,GER,GK,21.0,2002.0,34.0,0,0,0,,0.0,0.0,,,,0,0,0,0.0,0.0,,0.0,0.0,shooting
GER-Bundesliga,2023,Freiburg,Noah Weißhaupt,GER,"DF,FW",21.0,2001.0,8.4,1,3,1,33.3,0.36,0.12,0.33,1.0,13.9,0,0,0,0.4,0.4,0.14,0.6,0.6,shooting
GER-Bundesliga,2023,Freiburg,Philipp Lienhart,AUT,DF,27.0,1996.0,14.1,1,7,3,42.9,0.5,0.21,0.14,0.33,9.6,0,0,0,1.1,1.1,0.16,-0.1,-0.1,shooting
GER-Bundesliga,2023,Freiburg,Ritsu Doan,JPN,"DF,MF",25.0,1998.0,25.0,7,37,19,51.4,1.48,0.76,0.19,0.37,15.4,0,0,0,5.0,5.0,0.13,2.0,2.0,shooting
GER-Bundesliga,2023,Freiburg,Roland Sallai,HUN,"MF,FW",26.0,1997.0,20.4,3,55,19,34.5,2.69,0.93,0.05,0.16,15.8,0,0,1,7.9,7.1,0.14,-4.9,-4.1,shooting
GER-Bundesliga,2023,Freiburg,Vincenzo Grifo,ITA,"MF,FW",30.0,1993.0,25.8,8,42,12,28.6,1.63,0.46,0.05,0.17,21.9,5,6,6,7.7,3.0,0.07,0.3,-1.0,shooting
GER-Bundesliga,2023,Freiburg,Yannik Keitel,GER,"DF,MF",23.0,2000.0,10.2,1,6,2,33.3,0.59,0.2,0.17,0.5,8.8,0,0,0,0.7,0.7,0.12,0.3,0.3,shooting
GER-Bundesliga,2023,Gladbach,Alassane Pléa,FRA,"FW,MF",30.0,1993.0,21.3,7,57,18,31.6,2.68,0.85,0.11,0.33,17.6,0,1,1,7.0,6.2,0.11,0.0,-0.2,shooting
GER-Bundesliga,2023,Gladbach,Christoph Kramer,GER,MF,32.0,1991.0,2.8,0,1,0,0.0,0.36,0.0,0.0,,16.1,0,0,0,0.1,0.1,0.11,-0.1,-0.1,shooting
GER-Bundesliga,2023,Gladbach,Fabio Chiarodia,ITA,DF,18.0,2005.0,1.7,0,0,0,,0.0,0.0,,,,0,0,0,0.0,0.0,,0.0,0.0,shooting
GER-Bundesliga,2023,Gladbach,Florian Neuhaus,GER,MF,26.0,1997.0,13.6,4,38,13,34.2,2.79,0.96,0.08,0.23,21.9,1,1,1,4.3,3.5,0.1,-0.3,-0.5,shooting
GER-Bundesliga,2023,Gladbach,Franck Honorat,FRA,"DF,FW",26.0,1996.0,26.1,3,28,10,35.7,1.07,0.38,0.11,0.3,18.3,1,0,0,1.6,1.6,0.06,1.4,1.4,shooting
GER-Bundesliga,2023,Gladbach,Grant Ranos,ARM,"MF,FW",20.0,2003.0,0.5,0,3,0,0.0,5.51,0.0,0.0,,17.0,0,0,0,0.3,0.3,0.08,-0.3,-0.3,shooting
GER-Bundesliga,2023,Gladbach,Joe Scally,USA,DF,20.0,2002.0,24.8,1,11,1,9.1,0.44,0.04,0.09,1.0,22.0,0,0,0,0.6,0.6,0.05,0.4,0.4,shooting
GER-Bundesliga,2023,Gladbach,Jonas Omlin,SUI,GK,29.0,1994.0,7.0,0,0,0,,0.0,0.0,,,,0,0,0,0.0,0.0,,0.0,0.0,shooting
GER-Bundesliga,2023,Gladbach,Jordan Pefok,USA,FW,27.0,1996.0,15.8,5,35,9,25.7,2.22,0.57,0.14,0.56,10.9,0,0,0,6.5,6.5,0.2,-1.5,-1.5,shooting
GER-Bundesliga,2023,Gladbach,Julian Weigl,GER,MF,27.0,1995.0,30.7,2,17,4,23.5,0.55,0.13,0.0,0.0,25.2,1,2,2,2.4,0.9,0.05,-0.4,-0.9,shooting
GER-Bundesliga,2023,Gladbach,Ko Itakura,JPN,"DF,MF",26.0,1997.0,17.7,3,21,7,33.3,1.18,0.39,0.14,0.43,15.7,0,0,0,1.3,1.3,0.06,1.7,1.7,shooting
GER-Bundesliga,2023,Gladbach,Luca Netz,GER,DF,20.0,2003.0,24.7,0,17,5,29.4,0.69,0.2,0.0,0.0,16.7,0,0,0,1.0,1.0,0.06,-1.0,-1.0,shooting
GER-Bundesliga,2023,Gladbach,Lukas Ullrich,GER,"DF,FW",19.0,2004.0,0.5,0,0,0,,0.0,0.0,,,,0,0,0,0.0,0.0,,0.0,0.0,shooting
GER-Bundesliga,2023,Gladbach,Manu Koné,FRA,MF,22.0,2001.0,17.3,1,24,8,33.3,1.38,0.46,0.04,0.13,19.3,0,0,0,1.2,1.2,0.05,-0.2,-0.2,shooting
GER-Bundesliga,2023,Gladbach,Marvin Friedrich,GER,DF,27.0,1995.0,17.4,0,12,2,16.7,0.69,0.11,0.0,0.0,15.7,0,0,0,0.6,0.6,0.05,-0.6,-0.6,shooting
GER-Bundesliga,2023,Gladbach,Maximilian Wöber,AUT,DF,25.0,1998.0,23.0,2,19,3,15.8,0.83,0.13,0.11,0.67,14.1,0,0,0,1.3,1.3,0.07,0.7,0.7,shooting
GER-Bundesliga,2023,Gladbach,Moritz Nicolas,GER,GK,25.0,1997.0,27.0,0,0,0,,0.0,0.0,,,,0,0,0,0.0,0.0,,0.0,0.0,shooting
GER-Bundesliga,2023,Gladbach,Nathan N'Goumou,CMR,"FW,MF",23.0,2000.0,15.4,5,31,11,35.5,2.01,0.71,0.16,0.45,15.8,0,0,0,3.8,3.8,0.12,1.2,1.2,shooting
GER-Bundesliga,2023,Gladbach,Nico Elvedi,SUI,DF,26.0,1996.0,27.6,2,18,6,33.3,0.65,0.22,0.11,0.33,11.4,0,0,0,1.6,1.6,0.09,0.4,0.4,shooting
GER-Bundesliga,2023,Gladbach,Patrick Herrmann,GER,"FW,DF",32.0,1991.0,1.0,0,4,0,0.0,4.19,0.0,0.0,,18.8,0,0,0,0.2,0.2,0.05,-0.2,-0.2,shooting
GER-Bundesliga,2023,Gladbach,Robin Hack,GER,"FW,MF",24.0,1998.0,15.0,10,43,22,51.2,2.87,1.47,0.23,0.45,19.9,0,0,0,3.9,3.9,0.09,6.1,6.1,shooting
GER-Bundesliga,2023,Gladbach,Rocco Reitz,GER,MF,21.0,2002.0,23.7,6,33,14,42.4,1.39,0.59,0.18,0.43,17.3,0,0,0,3.7,3.7,0.11,2.3,2.3,shooting
GER-Bundesliga,2023,Gladbach,Shiō Fukuda,JPN,"FW,MF",19.0,2004.0,0.4,0,2,0,0.0,5.0,0.0,0.0,,8.1,0,0,0,0.2,0.2,0.08,-0.2,-0.2,shooting
GER-Bundesliga,2023,Gladbach,Stefan Lainer,AUT,"DF,MF",30.0,1992.0,8.3,0,3,0,0.0,0.36,0.0,0.0,,11.6,0,0,0,0.2,0.2,0.07,-0.2,-0.2,shooting
GER-Bundesliga,2023,Gladbach,Tomáš Čvančara,CZE,FW,22.0,2000.0,10.0,4,34,11,32.4,3.42,1.1,0.09,0.27,14.2,1,1,2,5.9,4.3,0.13,-1.9,-1.3,shooting
GER-Bundesliga,2023,Gladbach,Tony Jantschke,GER,"DF,MF",33.0,1990.0,0.3,0,0,0,,0.0,0.0,,,,0,0,0,0.0,0.0,,0.0,0.0,shooting
GER-Bundesliga,2023,Gladbach,Yvandro Borges Sanches,LUX,"MF,FW",19.0,2004.0,0.2,0,0,0,,0.0,0.0,,,,0,0,0,0.0,0.0,,0.0,0.0,shooting
GER-Bundesliga,2023,Heidenheim,Adrian Beck,GER,"MF,FW",26.0,1997.0,10.8,1,12,3,25.0,1.11,0.28,0.08,0.33,13.5,0,0,0,1.7,1.7,0.15,-0.7,-0.7,shooting
GER-Bundesliga,2023,Heidenheim,Benedikt Gimber,GER,DF,26.0,1997.0,22.5,1,18,3,16.7,0.8,0.13,0.06,0.33,12.2,0,0,0,1.4,1.4,0.08,-0.4,-0.4,shooting
GER-Bundesliga,2023,Heidenheim,Christian Kühlwetter,GER,MF,27.0,1996.0,0.1,0,0,0,,0.0,0.0,,,,0,0,0,0.0,0.0,,0.0,0.0,shooting
GER-Bundesliga,2023,Heidenheim,Denis Thomalla,GER,"MF,FW",30.0,1992.0,5.0,0,3,0,0.0,0.61,0.0,0.0,,10.6,0,0,0,0.3,0.3,0.09,-0.3,-0.3,shooting
GER-Bundesliga,2023,Heidenheim,Eren Dinkçi,GER,"FW,MF",21.0,2001.0,29.4,10,49,21,42.9,1.66,0.71,0.2,0.48,19.7,0,0,0,4.3,4.3,0.09,5.7,5.7,shooting
GER-Bundesliga,2023,Heidenheim,Florian Pick,GER,"MF,FW",27.0,1995.0,3.6,0,8,1,12.5,2.2,0.28,0.0,0.0,25.4,0,0,0,0.3,0.3,0.04,-0.3,-0.3,shooting
GER-Bundesliga,2023,Heidenheim,Jan Schöppner,GER,MF,24.0,1999.0,22.2,2,17,4,23.5,0.77,0.18,0.12,0.5,17.4,0,0,0,1.1,1.1,0.06,0.9,0.9,shooting
GER-Bundesliga,2023,Heidenheim,Jan-Niklas Beste,GER,"FW,MF",24.0,1999.0,28.9,8,48,18,37.5,1.66,0.62,0.17,0.44,22.0,10,0,1,4.3,3.5,0.07,3.7,4.5,shooting
GER-Bundesliga,2023,Heidenheim,Jonas Föhrenbach,GER,DF,27.0,1996.0,31.0,0,12,0,0.0,0.39,0.0,0.0,,20.8,0,0,0,0.5,0.5,0.04,-0.5,-0.5,shooting
GER-Bundesliga,2023,Heidenheim,Kevin Müller,GER,GK,32.0,1991.0,34.0,0,0,0,,0.0,0.0,,,,0,0,0,0.0,0.0,,0.0,0.0,shooting
GER-Bundesliga,2023,Heidenheim,Kevin Sessa,GER,"MF,FW",23.0,2000.0,11.2,3,29,7,24.1,2.58,0.62,0.1,0.43,19.9,1,0,0,2.9,2.9,0.1,0.1,0.1,shooting
GER-Bundesliga,2023,Heidenheim,Lennard Maloney,USA,MF,23.0,1999.0,25.4,1,14,3,21.4,0.55,0.12,0.07,0.33,16.2,0,0,0,0.8,0.8,0.05,0.2,0.2,shooting
GER-Bundesliga,2023,Heidenheim,Marnon Busch,GER,DF,28.0,1994.0,6.6,0,5,1,20.0,0.76,0.15,0.0,0.0,25.3,1,0,0,0.1,0.1,0.03,-0.1,-0.1,shooting
GER-Bundesliga,2023,Heidenheim,Marvin Pieringer,GER,"MF,FW",23.0,1999.0,16.8,3,27,8,29.6,1.61,0.48,0.11,0.38,14.4,0,0,0,2.3,2.3,0.09,0.7,0.7,shooting
GER-Bundesliga,2023,Heidenheim,Nikola Dovedan,AUT,"MF,FW",29.0,1994.0,7.3,3,14,5,35.7,1.92,0.69,0.21,0.6,16.1,0,0,0,1.9,1.9,0.14,1.1,1.1,shooting
GER-Bundesliga,2023,Heidenheim,Norman Theuerkauf,GER,"MF,DF",36.0,1987.0,14.0,0,7,2,28.6,0.5,0.14,0.0,0.0,19.1,0,0,0,0.4,0.4,0.05,-0.4,-0.4,shooting
GER-Bundesliga,2023,Heidenheim,Omar Traoré,GER,DF,25.0,1998.0,27.5,0,11,1,9.1,0.4,0.04,0.0,0.0,28.0,0,0,0,0.3,0.3,0.02,-0.3,-0.3,shooting
GER-Bundesliga,2023,Heidenheim,Patrick Mainka,GER,DF,28.0,1994.0,34.0,2,29,6,20.7,0.85,0.18,0.07,0.33,9.4,0,0,0,3.2,3.2,0.11,-1.2,-1.2,shooting
GER-Bundesliga,2023,Heidenheim,Stefan Schimmer,GER,"MF,FW",29.0,1994.0,1.7,0,5,0,0.0,2.94,0.0,0.0,,9.7,0,0,0,0.6,0.6,0.12,-0.6,-0.6,shooting
GER-Bundesliga,2023,Heidenheim,Thomas Keller,GER,"MF,FW",23.0,1999.0,0.0,0,0,0,,0.0,0.0,,,,0,0,0,0.0,0.0,,0.0,0.0,shooting
GER-Bundesliga,2023,Heidenheim,Tim Kleindienst,GER,FW,27.0,1995.0,31.9,12,81,31,38.3,2.54,0.97,0.12,0.32,13.6,0,2,2,13.9,12.3,0.15,-1.9,-2.3,shooting
GER-Bundesliga,2023,Heidenheim,Tim Siersleben,GER,DF,23.0,2000.0,10.1,0,3,0,0.0,0.3,0.0,0.0,,28.2,0,0,0,0.2,0.2,0.06,-0.2,-0.2,shooting
GER-Bundesliga,2023,Hoffenheim,Andrej Kramarić,CRO,"MF,FW",32.0,1991.0,24.4,15,64,29,45.3,2.62,1.19,0.16,0.34,20.1,8,5,5,11.1,7.1,0.11,3.9,2.9,shooting
GER-Bundesliga,2023,Hoffenheim,Angelo Stiller,GER,MF,22.0,2001.0,0.9,0,2,1,50.0,2.14,1.07,0.0,0.0,21.7,0,0,0,0.1,0.1,0.04,-0.1,-0.1,shooting
GER-Bundesliga,2023,Hoffenheim,Anton Stach,GER,MF,24.0,1998.0,25.8,2,38,9,23.7,1.47,0.35,0.05,0.22,24.1,1,0,0,1.7,1.7,0.04,0.3,0.3,shooting
GER-Bundesliga,2023,Hoffenheim,Attila Szalai,HUN,DF,25.0,1998.0,3.2,0,1,1,100.0,0.31,0.31,0.0,0.0,39.5,0,0,0,0.0,0.0,0.01,0.0,0.0,shooting
GER-Bundesliga,2023,Hoffenheim,Bambasé Conté,GER,"MF,FW",20.0,2003.0,0.5,0,3,0,0.0,5.63,0.0,0.0,,19.3,0,0,0,0.2,0.2,0.06,-0.2,-0.2,shooting
GER-Bundesliga,2023,Hoffenheim,David Jurásek,CZE,DF,22.0,2000.0,5.5,0,5,2,40.0,0.91,0.36,0.0,0.0,24.0,0,0,0,0.2,0.2,0.03,-0.2,-0.2,shooting
GER-Bundesliga,2023,Hoffenheim,Dennis Geiger,GER,MF,25.0,1998.0,0.7,0,0,0,,0.0,0.0,,,,0,0,0,0.0,0.0,,0.0,0.0,shooting
GER-Bundesliga,2023,Hoffenheim,Diadie Samassékou,MLI,MF,27.0,1996.0,0.0,0,0,0,,0.0,0.0,,,,0,0,0,0.0,0.0,,0.0,0.0,shooting
GER-Bundesliga,2023,Hoffenheim,Finn Ole Becker,GER,MF,23.0,2000.0,6.7,0,6,1,16.7,0.89,0.15,0.0,0.0,22.6,0,0,0,0.2,0.2,0.04,-0.2,-0.2,shooting
GER-Bundesliga,2023,Hoffenheim,Florian Grillitsch,AUT,"DF,MF",27.0,1995.0,25.5,1,21,6,28.6,0.82,0.24,0.05,0.17,27.0,0,0,0,1.2,1.2,0.06,-0.2,-0.2,shooting
GER-Bundesliga,2023,Hoffenheim,Grischa Prömel,GER,MF,28.0,1995.0,23.8,4,26,8,30.8,1.09,0.34,0.15,0.5,15.5,0,0,0,3.8,3.8,0.15,0.2,0.2,shooting
GER-Bundesliga,2023,Hoffenheim,Ihlas Bebou,TOG,"FW,DF",29.0,1994.0,18.2,7,38,14,36.8,2.09,0.77,0.18,0.5,17.1,0,0,0,4.9,4.9,0.13,2.1,2.1,shooting
GER-Bundesliga,2023,Hoffenheim,John Brooks,USA,DF,30.0,1993.0,17.1,2,11,4,36.4,0.64,0.23,0.18,0.5,8.0,0,0,0,2.6,2.6,0.23,-0.6,-0.6,shooting
GER-Bundesliga,2023,Hoffenheim,Julian Justvan,GER,"FW,MF",25.0,1998.0,0.5,0,1,0,0.0,1.84,0.0,0.0,,25.0,0,0,0,0.0,0.0,0.04,0.0,0.0,shooting
GER-Bundesliga,2023,Hoffenheim,Kasim Nuhu,GHA,DF,28.0,1995.0,0.1,0,0,0,,0.0,0.0,,,,0,0,0,0.0,0.0,,0.0,0.0,shooting
GER-Bundesliga,2023,Hoffenheim,Kevin Akpoguma,NGA,DF,28.0,1995.0,12.2,0,2,0,0.0,0.16,0.0,0.0,,6.8,0,0,0,0.3,0.3,0.15,-0.3,-0.3,shooting
GER-Bundesliga,2023,Hoffenheim,Kevin Vogt,GER,DF,31.0,1991.0,14.7,0,2,1,50.0,0.14,0.07,0.0,0.0,18.8,0,0,0,0.7,0.7,0.34,-0.7,-0.7,shooting
GER-Bundesliga,2023,Hoffenheim,Marius Bülter,GER,"DF,FW",30.0,1993.0,15.0,1,21,6,28.6,1.4,0.4,0.05,0.17,18.0,0,0,0,1.4,1.4,0.07,-0.4,-0.4,shooting
GER-Bundesliga,2023,Hoffenheim,Max Moerstedt,GER,"DF,FW",,,0.1,0,0,0,,0.0,0.0,,,,0,0,0,0.0,0.0,,0.0,0.0,shooting
GER-Bundesliga,2023,Hoffenheim,Maximilian Beier,GER,"FW,MF",20.0,2002.0,26.9,16,82,39,47.6,3.05,1.45,0.2,0.41,15.4,0,0,0,11.4,11.4,0.14,4.6,4.6,shooting
GER-Bundesliga,2023,Hoffenheim,Mergim Berisha,GER,FW,25.0,1998.0,1.6,0,6,1,16.7,3.75,0.62,0.0,0.0,16.2,1,0,0,0.5,0.5,0.09,-0.5,-0.5,shooting
GER-Bundesliga,2023,Hoffenheim,Oliver Baumann,GER,GK,33.0,1990.0,34.0,0,0,0,,0.0,0.0,,,,0,0,0,0.0,0.0,,0.0,0.0,shooting
GER-Bundesliga,2023,Hoffenheim,Ozan Kabak,TUR,DF,23.0,2000.0,25.4,4,19,7,36.8,0.75,0.28,0.21,0.57,12.2,0,0,0,2.2,2.2,0.11,1.8,1.8,shooting
GER-Bundesliga,2023,Hoffenheim,Pavel Kadeřábek,CZE,"DF,FW",31.0,1992.0,26.8,3,19,6,31.6,0.71,0.22,0.16,0.5,11.1,0,0,0,2.5,2.5,0.13,0.5,0.5,shooting
GER-Bundesliga,2023,Hoffenheim,Robert Skov,DEN,"DF,FW",27.0,1996.0,14.0,3,32,7,21.9,2.29,0.5,0.09,0.43,19.8,6,0,0,1.8,1.8,0.06,1.2,1.2,shooting
GER-Bundesliga,2023,Hoffenheim,Stanley N'Soki,FRA,DF,24.0,1999.0,7.0,0,0,0,,0.0,0.0,,,,0,0,0,0.0,0.0,,0.0,0.0,shooting
GER-Bundesliga,2023,Hoffenheim,Tim Drexler,GER,DF,18.0,2005.0,6.4,0,0,0,,0.0,0.0,,,,0,0,0,0.0,0.0,,0.0,0.0,shooting
GER-Bundesliga,2023,Hoffenheim,Tom Bischof,GER,"MF,FW",18.0,2005.0,2.0,0,5,1,20.0,2.53,0.51,0.0,0.0,23.3,0,0,0,0.4,0.4,0.07,-0.4,-0.4,shooting
GER-Bundesliga,2023,Hoffenheim,Umut Tohumcu,GER,MF,18.0,2004.0,11.2,0,15,3,20.0,1.34,0.27,0.0,0.0,23.8,0,0,0,0.5,0.5,0.03,-0.5,-0.5,shooting
GER-Bundesliga,2023,Hoffenheim,Wout Weghorst,NED,FW,30.0,1992.0,22.0,7,38,14,36.8,1.73,0.64,0.16,0.43,13.3,0,1,1,7.2,6.4,0.17,-0.2,-0.4,shooting
GER-Bundesliga,2023,Köln,Benno Schmitz,GER,DF,28.0,1994.0,12.8,0,8,5,62.5,0.62,0.39,0.0,0.0,23.4,0,0,0,0.2,0.2,0.03,-0.2,-0.2,shooting
GER-Bundesliga,2023,Köln,Damion Downs,USA,"FW,MF",19.0,2004.0,2.0,2,5,2,40.0,2.49,0.99,0.4,1.0,10.9,0,0,0,1.0,1.0,0.21,1.0,1.0,shooting
GER-Bundesliga,2023,Köln,Davie Selke,GER,FW,28.0,1995.0,14.1,6,33,11,33.3,2.35,0.78,0.18,0.55,11.1,0,0,0,4.8,4.8,0.14,1.2,1.2,shooting
GER-Bundesliga,2023,Köln,Dejan Ljubicic,AUT,"MF,FW",25.0,1997.0,22.8,0,38,9,23.7,1.67,0.4,0.0,0.0,21.8,0,0,0,1.9,1.9,0.05,-1.9,-1.9,shooting
GER-Bundesliga,2023,Köln,Denis Huseinbasic,BIH,MF,22.0,2001.0,18.1,0,12,3,25.0,0.66,0.17,0.0,0.0,24.2,0,0,0,0.3,0.3,0.03,-0.3,-0.3,shooting
GER-Bundesliga,2023,Köln,Dominique Heintz,GER,DF,29.0,1993.0,6.3,0,0,0,,0.0,0.0,,,,0,0,0,0.0,0.0,,0.0,0.0,shooting
GER-Bundesliga,2023,Köln,Eric Martel,GER,MF,21.0,2002.0,27.3,1,27,9,33.3,0.99,0.33,0.04,0.11,18.9,0,0,0,2.2,2.2,0.09,-1.2,-1.2,shooting
GER-Bundesliga,2023,Köln,Faride Alidou,GER,"FW,MF",22.0,2001.0,14.2,4,33,11,33.3,2.32,0.77,0.12,0.36,14.5,0,0,0,3.0,3.0,0.09,1.0,1.0,shooting
GER-Bundesliga,2023,Köln,Florian Dietz,GER,"FW,MF",24.0,1998.0,0.8,0,3,1,33.3,3.86,1.29,0.0,0.0,15.8,0,0,0,0.3,0.3,0.09,-0.3,-0.3,shooting
GER-Bundesliga,2023,Köln,Florian Kainz,AUT,"MF,FW",30.0,1992.0,24.4,5,23,4,17.4,0.94,0.16,0.0,0.0,25.5,3,5,5,5.0,1.0,0.04,0.0,-1.0,shooting
GER-Bundesliga,2023,Köln,Jacob Christensen,DEN,MF,22.0,2001.0,2.4,0,1,0,0.0,0.41,0.0,0.0,,15.3,0,0,0,0.0,0.0,0.02,0.0,0.0,shooting
GER-Bundesliga,2023,Köln,Jan Thielmann,GER,"FW,DF",21.0,2002.0,17.5,1,37,12,32.4,2.11,0.68,0.03,0.08,18.8,0,0,0,2.3,2.3,0.06,-1.3,-1.3,shooting
GER-Bundesliga,2023,Köln,Julian Chabot,GER,DF,25.0,1998.0,30.0,0,19,3,15.8,0.63,0.1,0.0,0.0,11.0,0,0,0,1.4,1.4,0.07,-1.4,-1.4,shooting
GER-Bundesliga,2023,Köln,Justin Diehl,GER,"FW,MF",18.0,2004.0,1.9,0,7,2,28.6,3.75,1.07,0.0,0.0,23.1,1,0,0,0.2,0.2,0.03,-0.2,-0.2,shooting
GER-Bundesliga,2023,Köln,Leart Paqarada,KVX,DF,28.0,1994.0,11.9,0,10,4,40.0,0.84,0.33,0.0,0.0,26.6,3,0,0,0.4,0.4,0.04,-0.4,-0.4,shooting
GER-Bundesliga,2023,Köln,Linton Maina,GER,"FW,MF",24.0,1999.0,21.1,1,33,11,33.3,1.56,0.52,0.03,0.09,19.8,0,0,0,1.9,1.9,0.06,-0.9,-0.9,shooting
GER-Bundesliga,2023,Köln,Luca Kilian,GER,DF,23.0,1999.0,7.1,0,0,0,,0.0,0.0,,,,0,0,0,0.0,0.0,,0.0,0.0,shooting
GER-Bundesliga,2023,Köln,Luca Waldschmidt,GER,"MF,FW",27.0,1996.0,12.7,3,42,15,35.7,3.3,1.18,0.07,0.2,22.3,2,0,1,2.9,2.1,0.05,0.1,0.9,shooting
GER-Bundesliga,2023,Köln,Mark Uth,GER,"MF,FW",31.0,1991.0,4.1,0,12,5,41.7,2.9,1.21,0.0,0.0,14.9,1,0,0,2.0,2.0,0.17,-2.0,-2.0,shooting
GER-Bundesliga,2023,Köln,Marvin Schwäbe,GER,GK,28.0,1995.0,34.0,0,0,0,,0.0,0.0,,,,0,0,0,0.0,0.0,,0.0,0.0,shooting
GER-Bundesliga,2023,Köln,Mathias Olesen,LUX,"MF,FW",22.0,2001.0,1.2,0,1,0,0.0,0.8,0.0,0.0,,30.1,0,0,0,0.0,0.0,0.03,0.0,0.0,shooting
GER-Bundesliga,2023,Köln,Max Finkgräfe,GER,"DF,FW",19.0,2004.0,19.5,1,12,4,33.3,0.62,0.21,0.08,0.25,21.8,2,0,0,1.0,1.0,0.09,0.0,0.0,shooting
GER-Bundesliga,2023,Köln,Rasmus Carstensen,DEN,"DF,FW",22.0,2000.0,18.4,0,10,4,40.0,0.54,0.22,0.0,0.0,15.1,0,0,0,0.9,0.9,0.09,-0.9,-0.9,shooting
GER-Bundesliga,2023,Köln,Sargis Adamyan,ARM,"FW,MF",30.0,1993.0,8.9,1,31,13,41.9,3.48,1.46,0.03,0.08,12.4,0,0,0,4.1,4.1,0.13,-3.1,-3.1,shooting
GER-Bundesliga,2023,Köln,Steffen Tigges,GER,FW,25.0,1998.0,8.1,3,22,9,40.9,2.72,1.11,0.14,0.33,13.0,0,0,0,2.6,2.6,0.16,0.4,0.4,shooting
GER-Bundesliga,2023,Köln,Timo Hübers,GER,DF,27.0,1996.0,30.9,0,22,5,22.7,0.71,0.16,0.0,0.0,12.6,0,0,0,1.8,1.8,0.08,-1.8,-1.8,shooting
GER-Bundesliga,2023,Leverkusen,Adam Hložek,CZE,"MF,FW",21.0,2002.0,5.1,2,18,6,33.3,3.53,1.18,0.11,0.33,14.6,0,0,0,3.1,3.1,0.17,-1.1,-1.1,shooting
GER-Bundesliga,2023,Leverkusen,Amine Adli,MAR,"MF,FW",23.0,2000.0,10.0,4,27,15,55.6,2.71,1.5,0.15,0.27,13.7,0,0,0,3.3,3.3,0.12,0.7,0.7,shooting
GER-Bundesliga,2023,Leverkusen,Arthur,BRA,DF,20.0,2003.0,2.0,0,2,1,50.0,0.98,0.49,0.0,0.0,21.2,0,0,0,0.1,0.1,0.04,-0.1,-0.1,shooting
GER-Bundesliga,2023,Leverkusen,Borja Iglesias,ESP,FW,30.0,1993.0,2.8,0,8,3,37.5,2.81,1.05,0.0,0.0,15.2,0,0,0,1.4,1.4,0.17,-1.4,-1.4,shooting
GER-Bundesliga,2023,Leverkusen,Edmond Tapsoba,BFA,DF,24.0,1999.0,23.2,0,12,1,8.3,0.52,0.04,0.0,0.0,16.3,0,0,0,1.0,1.0,0.08,-1.0,-1.0,shooting
GER-Bundesliga,2023,Leverkusen,Exequiel Palacios,ARG,MF,24.0,1998.0,20.3,4,19,4,21.1,0.93,0.2,0.11,0.5,23.2,0,2,2,3.3,1.8,0.09,0.7,0.2,shooting
GER-Bundesliga,2023,Leverkusen,Florian Wirtz,GER,MF,20.0,2003.0,26.4,11,70,33,47.1,2.66,1.25,0.14,0.3,18.1,1,1,1,8.9,8.2,0.12,2.1,1.8,shooting
GER-Bundesliga,2023,Leverkusen,Granit Xhaka,SUI,MF,30.0,1992.0,31.3,3,45,14,31.1,1.44,0.45,0.07,0.21,25.5,0,0,0,1.8,1.8,0.04,1.2,1.2,shooting
GER-Bundesliga,2023,Leverkusen,Gustavo Puerta,COL,"DF,MF",20.0,2003.0,0.5,0,2,0,0.0,3.91,0.0,0.0,,24.5,0,0,0,0.1,0.1,0.05,-0.1,-0.1,shooting
GER-Bundesliga,2023,Leverkusen,Jeremie Frimpong,NED,DF,22.0,2000.0,25.0,9,55,21,38.2,2.2,0.84,0.16,0.43,13.9,0,0,0,8.2,8.2,0.15,0.8,0.8,shooting
GER-Bundesliga,2023,Leverkusen,Jonas Hofmann,GER,MF,31.0,1992.0,24.5,5,60,25,41.7,2.45,1.02,0.08,0.2,18.5,0,0,0,5.9,5.9,0.1,-0.9,-0.9,shooting
GER-Bundesliga,2023,Leverkusen,Jonathan Tah,GER,DF,27.0,1996.0,29.2,4,26,10,38.5,0.89,0.34,0.15,0.4,13.1,0,0,0,2.1,2.1,0.08,1.9,1.9,shooting
GER-Bundesliga,2023,Leverkusen,Josip Stanišić,CRO,DF,23.0,2000.0,14.0,3,10,5,50.0,0.71,0.36,0.3,0.6,16.4,0,0,0,0.8,0.8,0.08,2.2,2.2,shooting
GER-Bundesliga,2023,Leverkusen,Lukáš Hrádecký,FIN,GK,33.0,1989.0,33.0,0,0,0,,0.0,0.0,,,,0,0,0,0.0,0.0,,0.0,0.0,shooting
GER-Bundesliga,2023,Leverkusen,Matej Kovar,CZE,GK,23.0,2000.0,1.0,0,0,0,,0.0,0.0,,,,0,0,0,0.0,0.0,,0.0,0.0,shooting
GER-Bundesliga,2023,Leverkusen,Nadiem Amiri,GER,MF,26.0,1996.0,1.0,0,3,2,66.7,3.14,2.09,0.0,0.0,21.7,0,0,0,0.1,0.1,0.04,-0.1,-0.1,shooting
GER-Bundesliga,2023,Leverkusen,Nathan Tella,NGA,"DF,MF",24.0,1999.0,9.1,5,21,11,52.4,2.31,1.21,0.24,0.45,15.1,0,0,0,3.5,3.5,0.17,1.5,1.5,shooting
GER-Bundesliga,2023,Leverkusen,Noah Mbamba,BEL,MF,18.0,2005.0,0.2,0,1,0,0.0,5.63,0.0,0.0,,26.7,0,0,0,0.0,0.0,0.03,0.0,0.0,shooting
GER-Bundesliga,2023,Leverkusen,Odilon Kossounou,CIV,DF,22.0,2001.0,20.1,1,5,1,20.0,0.25,0.05,0.2,1.0,15.1,0,0,0,0.6,0.6,0.12,0.4,0.4,shooting
GER-Bundesliga,2023,Leverkusen,Patrik Schick,CZE,FW,27.0,1996.0,11.8,7,39,12,30.8,3.3,1.02,0.15,0.5,12.7,0,1,1,6.0,5.3,0.13,1.0,0.7,shooting
GER-Bundesliga,2023,Leverkusen,Piero Hincapié,ECU,DF,21.0,2002.0,16.5,1,18,6,33.3,1.09,0.36,0.06,0.17,14.2,0,0,0,1.9,1.9,0.11,-0.9,-0.9,shooting
GER-Bundesliga,2023,Leverkusen,Robert Andrich,GER,"MF,DF",28.0,1994.0,18.8,4,23,9,39.1,1.22,0.48,0.17,0.44,20.0,2,0,0,1.7,1.7,0.07,2.3,2.3,shooting
GER-Bundesliga,2023,Leverkusen,Victor Boniface,NGA,FW,22.0,2000.0,17.2,14,76,30,39.5,4.42,1.75,0.13,0.33,16.0,0,4,4,15.4,12.3,0.16,-1.4,-2.3,shooting
GER-Bundesliga,2023,Leverkusen,Álex Grimaldo,ESP,DF,27.0,1995.0,30.9,10,71,23,32.4,2.3,0.74,0.14,0.43,21.7,18,0,0,5.7,5.7,0.08,4.3,4.3,shooting
GER-Bundesliga,2023,Mainz 05,Andreas Hanche-Olsen,NOR,DF,26.0,1997.0,11.0,1,4,1,25.0,0.36,0.09,0.25,1.0,6.6,0,0,0,0.7,0.7,0.17,0.3,0.3,shooting
GER-Bundesliga,2023,Mainz 05,Anthony Caci,FRA,DF,26.0,1997.0,27.6,2,31,5,16.1,1.12,0.18,0.06,0.4,18.2,0,0,0,1.5,1.5,0.05,0.5,0.5,shooting
GER-Bundesliga,2023,Mainz 05,Anton Stach,GER,MF,24.0,1998.0,1.9,0,2,1,50.0,1.06,0.53,0.0,0.0,12.8,0,0,0,0.2,0.2,0.09,-0.2,-0.2,shooting
GER-Bundesliga,2023,Mainz 05,Anwar El Ghazi,NED,"MF,DF",28.0,1995.0,0.6,0,2,0,0.0,3.33,0.0,0.0,,21.5,0,0,0,0.1,0.1,0.07,-0.1,-0.1,shooting
GER-Bundesliga,2023,Mainz 05,Aymen Barkok,MAR,"MF,FW",25.0,1998.0,3.6,1,11,6,54.5,3.08,1.68,0.09,0.17,17.2,0,0,1,1.7,0.9,0.08,-0.7,0.1,shooting
GER-Bundesliga,2023,Mainz 05,Brajan Gruda,GER,"MF,FW",19.0,2004.0,18.2,4,30,12,40.0,1.65,0.66,0.13,0.33,18.2,2,0,0,3.5,3.5,0.12,0.5,0.5,shooting
GER-Bundesliga,2023,Mainz 05,Daniel Batz,GER,GK,32.0,1991.0,4.0,0,0,0,,0.0,0.0,,,,0,0,0,0.0,0.0,,0.0,0.0,shooting
GER-Bundesliga,2023,Mainz 05,Danny da Costa,GER,DF,30.0,1993.0,9.2,0,6,1,16.7,0.65,0.11,0.0,0.0,19.9,0,0,0,0.3,0.3,0.05,-0.3,-0.3,shooting
GER-Bundesliga,2023,Mainz 05,David Mamutovic,GER,"FW,DF",22.0,2000.0,0.1,0,0,0,,0.0,0.0,,,,0,0,0,0.0,0.0,,0.0,0.0,shooting
GER-Bundesliga,2023,Mainz 05,Dominik Kohr,GER,"DF,MF",29.0,1994.0,24.3,1,25,7,28.0,1.03,0.29,0.04,0.14,16.5,0,0,0,1.6,1.6,0.07,-0.6,-0.6,shooting
GER-Bundesliga,2023,Mainz 05,Edimilson Fernandes,SUI,DF,27.0,1996.0,14.3,0,15,0,0.0,1.05,0.0,0.0,,26.8,3,0,0,0.5,0.5,0.03,-0.5,-0.5,shooting
GER-Bundesliga,2023,Mainz 05,Jessic Ngankam,GER,"FW,MF",23.0,2000.0,2.0,0,7,1,14.3,3.42,0.49,0.0,0.0,17.4,0,0,0,0.6,0.6,0.09,-0.6,-0.6,shooting
GER-Bundesliga,2023,Mainz 05,Jonathan Burkardt,GER,"FW,MF",23.0,2000.0,17.1,8,40,16,40.0,2.34,0.94,0.18,0.44,14.5,0,1,1,6.1,5.3,0.13,1.9,1.7,shooting
GER-Bundesliga,2023,Mainz 05,Josuha Guilavogui,FRA,DF,32.0,1990.0,4.5,0,0,0,,0.0,0.0,,,,0,0,0,0.0,0.0,,0.0,0.0,shooting
GER-Bundesliga,2023,Mainz 05,Karim Onisiwo,AUT,"FW,MF",31.0,1992.0,16.6,1,33,7,21.2,1.99,0.42,0.03,0.14,14.8,0,0,0,2.3,2.3,0.07,-1.3,-1.3,shooting
GER-Bundesliga,2023,Mainz 05,Leandro Barreiro Martins,LUX,MF,23.0,2000.0,29.0,4,38,13,34.2,1.31,0.45,0.11,0.31,16.4,0,0,0,4.5,4.5,0.12,-0.5,-0.5,shooting
GER-Bundesliga,2023,Mainz 05,Lee Jae-sung,KOR,"MF,FW",30.0,1992.0,23.5,6,38,13,34.2,1.62,0.55,0.16,0.46,14.7,0,0,0,4.9,4.9,0.13,1.1,1.1,shooting
GER-Bundesliga,2023,Mainz 05,Ludovic Ajorque,FRA,FW,29.0,1994.0,15.1,2,27,6,22.2,1.79,0.4,0.07,0.33,13.1,0,0,2,5.3,3.7,0.14,-3.3,-1.7,shooting
GER-Bundesliga,2023,Mainz 05,Marco Richter,GER,"MF,FW",25.0,1997.0,8.0,1,38,9,23.7,4.77,1.13,0.03,0.11,21.2,4,0,0,1.9,1.9,0.05,-0.9,-0.9,shooting
GER-Bundesliga,2023,Mainz 05,Marcus Müller,GER,MF,20.0,2002.0,0.2,0,1,0,0.0,5.0,0.0,0.0,,16.0,0,0,0,0.1,0.1,0.05,-0.1,-0.1,shooting
GER-Bundesliga,2023,Mainz 05,Maxim Leitsch,GER,DF,25.0,1998.0,4.2,0,0,0,,0.0,0.0,,,,0,0,0,0.0,0.0,,0.0,0.0,shooting
GER-Bundesliga,2023,Mainz 05,Merveille Papela,GER,"MF,DF",22.0,2001.0,2.9,0,4,1,25.0,1.4,0.35,0.0,0.0,17.8,0,0,0,0.3,0.3,0.08,-0.3,-0.3,shooting
GER-Bundesliga,2023,Mainz 05,Nadiem Amiri,GER,MF,26.0,1996.0,14.6,1,35,8,22.9,2.4,0.55,0.03,0.13,26.8,11,0,1,2.2,1.4,0.04,-1.2,-0.4,shooting
GER-Bundesliga,2023,Mainz 05,Nelson Weiper,GER,"FW,MF",18.0,2005.0,1.4,0,2,0,0.0,1.45,0.0,0.0,,8.2,0,0,0,0.5,0.5,0.24,-0.5,-0.5,shooting
GER-Bundesliga,2023,Mainz 05,Phillipp Mwene,AUT,DF,29.0,1994.0,22.2,1,24,9,37.5,1.08,0.41,0.04,0.11,19.2,0,0,0,1.4,1.4,0.06,-0.4,-0.4,shooting
GER-Bundesliga,2023,Mainz 05,Robin Zentner,GER,GK,28.0,1994.0,30.0,0,1,0,0.0,0.03,0.0,0.0,,12.3,0,0,0,0.0,0.0,0.01,0.0,0.0,shooting
GER-Bundesliga,2023,Mainz 05,Sepp van den Berg,NED,DF,21.0,2001.0,31.5,3,25,11,44.0,0.79,0.35,0.12,0.27,9.1,0,0,0,2.7,2.7,0.11,0.3,0.3,shooting
GER-Bundesliga,2023,Mainz 05,Silvan Widmer,SUI,DF,30.0,1993.0,13.8,1,14,3,21.4,1.01,0.22,0.07,0.33,15.4,0,0,0,1.4,1.4,0.1,-0.4,-0.4,shooting
GER-Bundesliga,2023,Mainz 05,Stefan Bell,GER,DF,31.0,1991.0,7.4,0,4,2,50.0,0.54,0.27,0.0,0.0,16.2,0,0,0,0.2,0.2,0.05,-0.2,-0.2,shooting
GER-Bundesliga,2023,Mainz 05,Tom Krauß,GER,MF,22.0,2001.0,15.0,1,19,2,10.5,1.27,0.13,0.05,0.5,24.0,0,0,0,0.8,0.8,0.04,0.2,0.2,shooting
GER-Bundesliga,2023,RB Leipzig,Amadou Haidara,MLI,MF,25.0,1998.0,17.0,2,21,9,42.9,1.24,0.53,0.1,0.22,22.7,0,0,0,1.1,1.1,0.05,0.9,0.9,shooting
GER-Bundesliga,2023,RB Leipzig,Benjamin Henrichs,GER,DF,26.0,1997.0,28.1,1,35,9,25.7,1.25,0.32,0.03,0.11,19.1,4,0,0,2.5,2.5,0.07,-1.5,-1.5,shooting
GER-Bundesliga,2023,RB Leipzig,Benjamin Šeško,SVN,FW,20.0,2003.0,17.0,14,47,25,53.2,2.77,1.47,0.3,0.56,13.0,0,0,0,7.7,7.7,0.16,6.3,6.3,shooting
GER-Bundesliga,2023,RB Leipzig,Castello Lukeba,FRA,DF,20.0,2002.0,24.3,1,7,3,42.9,0.29,0.12,0.14,0.33,10.6,0,0,0,0.8,0.8,0.11,0.2,0.2,shooting
GER-Bundesliga,2023,RB Leipzig,Christoph Baumgartner,AUT,"MF,FW",23.0,1999.0,12.9,5,31,11,35.5,2.41,0.85,0.16,0.45,14.7,0,0,0,3.7,3.7,0.12,1.3,1.3,shooting
GER-Bundesliga,2023,RB Leipzig,Christopher Lenz,GER,"DF,MF",28.0,1994.0,0.5,0,0,0,,0.0,0.0,,,,0,0,0,0.0,0.0,,0.0,0.0,shooting
GER-Bundesliga,2023,RB Leipzig,Dani Olmo,ESP,MF,25.0,1998.0,16.1,4,45,13,28.9,2.8,0.81,0.09,0.31,18.7,3,0,0,3.3,3.3,0.07,0.7,0.7,shooting
GER-Bundesliga,2023,RB Leipzig,David Raum,GER,DF,25.0,1998.0,30.4,2,14,4,28.6,0.46,0.13,0.14,0.5,20.3,4,0,0,0.8,0.8,0.05,1.2,1.2,shooting
GER-Bundesliga,2023,RB Leipzig,El Chadaille Bitshiabu,FRA,"DF,MF",18.0,2005.0,0.4,0,0,0,,0.0,0.0,,,,0,0,0,0.0,0.0,,0.0,0.0,shooting
GER-Bundesliga,2023,RB Leipzig,Elif Elmas,MKD,"MF,FW",23.0,1999.0,3.0,0,10,4,40.0,3.38,1.35,0.0,0.0,16.4,1,0,0,0.8,0.8,0.08,-0.8,-0.8,shooting
GER-Bundesliga,2023,RB Leipzig,Emil Forsberg,SWE,"MF,FW",31.0,1991.0,5.2,2,11,4,36.4,2.13,0.78,0.18,0.5,22.5,1,0,1,1.4,0.6,0.05,0.6,1.4,shooting
GER-Bundesliga,2023,RB Leipzig,Fabio Carvalho,POR,MF,20.0,2002.0,1.8,0,3,2,66.7,1.64,1.09,0.0,0.0,14.9,0,0,0,0.2,0.2,0.07,-0.2,-0.2,shooting
GER-Bundesliga,2023,RB Leipzig,Janis Blaswich,GER,GK,32.0,1991.0,21.0,0,0,0,,0.0,0.0,,,,0,0,0,0.0,0.0,,0.0,0.0,shooting
GER-Bundesliga,2023,RB Leipzig,Jonathan Norbye,NOR,MF,16.0,2007.0,0.0,0,0,0,,0.0,0.0,,,,0,0,0,0.0,0.0,,0.0,0.0,shooting
GER-Bundesliga,2023,RB Leipzig,Kevin Kampl,SVN,MF,32.0,1990.0,15.1,1,6,1,16.7,0.4,0.07,0.17,1.0,22.2,0,0,0,0.2,0.2,0.03,0.8,0.8,shooting
GER-Bundesliga,2023,RB Leipzig,Loïs Openda,BEL,FW,23.0,2000.0,30.0,24,118,59,50.0,3.94,1.97,0.19,0.37,14.2,1,2,3,22.1,19.7,0.17,1.9,2.3,shooting
GER-Bundesliga,2023,RB Leipzig,Lukas Klostermann,GER,DF,27.0,1996.0,16.0,1,6,2,33.3,0.38,0.13,0.17,0.5,16.2,0,0,0,0.7,0.7,0.12,0.3,0.3,shooting
GER-Bundesliga,2023,RB Leipzig,Mohamed Simakan,FRA,DF,23.0,2000.0,23.8,2,30,11,36.7,1.26,0.46,0.07,0.18,11.3,0,0,0,3.9,3.9,0.13,-1.9,-1.9,shooting
GER-Bundesliga,2023,RB Leipzig,Nicolas Seiwald,AUT,MF,22.0,2001.0,8.0,0,0,0,,0.0,0.0,,,,0,0,0,0.0,0.0,,0.0,0.0,shooting
GER-Bundesliga,2023,RB Leipzig,Nuha Jatta,GAM,FW,17.0,2006.0,0.0,0,0,0,,0.0,0.0,,,,0,0,0,0.0,0.0,,0.0,0.0,shooting
GER-Bundesliga,2023,RB Leipzig,Péter Gulácsi,HUN,GK,33.0,1990.0,13.0,0,0,0,,0.0,0.0,,,,0,0,0,0.0,0.0,,0.0,0.0,shooting
GER-Bundesliga,2023,RB Leipzig,Timo Werner,GER,"FW,MF",27.0,1996.0,2.3,2,8,5,62.5,3.48,2.17,0.13,0.2,17.8,0,1,1,2.4,1.6,0.2,-0.4,-0.6,shooting
GER-Bundesliga,2023,RB Leipzig,Willi Orban,HUN,DF,30.0,1992.0,17.6,0,7,2,28.6,0.4,0.11,0.0,0.0,9.9,0,0,0,0.4,0.4,0.05,-0.4,-0.4,shooting
GER-Bundesliga,2023,RB Leipzig,Xaver Schlager,AUT,MF,25.0,1997.0,27.5,0,21,3,14.3,0.76,0.11,0.0,0.0,26.0,0,0,0,1.1,1.1,0.05,-1.1,-1.1,shooting
GER-Bundesliga,2023,RB Leipzig,Xavi Simons,NED,MF,20.0,2003.0,29.5,8,79,31,39.2,2.68,1.05,0.09,0.23,21.1,3,1,2,8.3,6.7,0.08,-0.3,0.3,shooting
GER-Bundesliga,2023,RB Leipzig,Yussuf Poulsen,DEN,FW,29.0,1994.0,13.5,5,29,16,55.2,2.14,1.18,0.17,0.31,10.6,0,0,0,5.7,5.7,0.2,-0.7,-0.7,shooting
GER-Bundesliga,2023,Stuttgart,Alexander Nübel,GER,GK,26.0,1996.0,30.0,0,0,0,,0.0,0.0,,,,0,0,0,0.0,0.0,,0.0,0.0,shooting
GER-Bundesliga,2023,Stuttgart,Angelo Stiller,GER,MF,22.0,2001.0,29.9,1,16,3,18.8,0.53,0.1,0.06,0.33,22.0,2,0,0,1.6,1.6,0.1,-0.6,-0.6,shooting
GER-Bundesliga,2023,Stuttgart,Anthony Rouault,FRA,DF,22.0,2001.0,11.2,0,3,1,33.3,0.27,0.09,0.0,0.0,24.5,0,0,0,0.1,0.1,0.02,-0.1,-0.1,shooting
GER-Bundesliga,2023,Stuttgart,Atakan Karazor,,MF,26.0,1996.0,29.1,0,19,2,10.5,0.65,0.07,0.0,0.0,21.8,0,0,0,1.0,1.0,0.05,-1.0,-1.0,shooting
GER-Bundesliga,2023,Stuttgart,Borna Sosa,CRO,"FW,DF",25.0,1998.0,0.5,0,1,0,0.0,1.96,0.0,0.0,,24.2,0,0,0,0.0,0.0,0.03,0.0,0.0,shooting
GER-Bundesliga,2023,Stuttgart,Chris Führich,GER,"FW,MF",25.0,1998.0,28.5,8,53,24,45.3,1.86,0.84,0.15,0.33,17.7,2,0,1,6.6,5.8,0.11,1.4,2.2,shooting
GER-Bundesliga,2023,Stuttgart,Dan-Axel Zagadou,FRA,DF,24.0,1999.0,16.1,1,11,2,18.2,0.68,0.12,0.09,0.5,11.0,0,0,0,1.0,1.0,0.09,0.0,0.0,shooting
GER-Bundesliga,2023,Stuttgart,Deniz Undav,GER,"FW,MF",27.0,1996.0,23.2,18,106,51,48.1,4.57,2.2,0.17,0.35,17.4,0,0,1,15.0,14.3,0.13,3.0,3.7,shooting
GER-Bundesliga,2023,Stuttgart,Enzo Millot,FRA,"MF,FW",21.0,2002.0,24.9,5,38,17,44.7,1.53,0.68,0.11,0.24,19.4,0,1,1,5.3,4.5,0.12,-0.3,-0.5,shooting
GER-Bundesliga,2023,Stuttgart,Fabian Bredlow,GER,GK,28.0,1995.0,4.0,0,0,0,,0.0,0.0,,,,0,0,0,0.0,0.0,,0.0,0.0,shooting
GER-Bundesliga,2023,Stuttgart,Genki Haraguchi,JPN,MF,32.0,1991.0,0.3,0,0,0,,0.0,0.0,,,,0,0,0,0.0,0.0,,0.0,0.0,shooting
GER-Bundesliga,2023,Stuttgart,Hiroki Ito,JPN,DF,24.0,1999.0,24.8,0,18,4,22.2,0.73,0.16,0.0,0.0,20.7,0,0,0,0.9,0.9,0.05,-0.9,-0.9,shooting
GER-Bundesliga,2023,Stuttgart,Jamie Leweling,GER,"FW,MF",22.0,2001.0,16.9,4,44,22,50.0,2.6,1.3,0.09,0.18,15.9,0,0,0,6.1,6.1,0.14,-2.1,-2.1,shooting
GER-Bundesliga,2023,Stuttgart,Jeong Woo-yeong,KOR,"MF,FW",23.0,1999.0,7.0,2,18,8,44.4,2.56,1.14,0.11,0.25,17.5,0,0,0,1.8,1.8,0.1,0.2,0.2,shooting
GER-Bundesliga,2023,Stuttgart,Josha Vagnoman,GER,DF,22.0,2000.0,13.1,2,17,6,35.3,1.29,0.46,0.12,0.33,17.2,0,0,0,1.3,1.3,0.08,0.7,0.7,shooting
GER-Bundesliga,2023,Stuttgart,Jovan Milošević,SRB,"FW,MF",18.0,2005.0,0.3,0,0,0,,0.0,0.0,,,,0,0,0,0.0,0.0,,0.0,0.0,shooting
GER-Bundesliga,2023,Stuttgart,Leonidas Stergiou,SUI,DF,21.0,2002.0,6.6,1,3,1,33.3,0.45,0.15,0.33,1.0,23.3,0,0,0,0.4,0.4,0.12,0.6,0.6,shooting
GER-Bundesliga,2023,Stuttgart,Lilian Egloff,GER,"MF,DF",20.0,2002.0,1.2,0,3,0,0.0,2.55,0.0,0.0,,19.4,0,0,0,0.2,0.2,0.06,-0.2,-0.2,shooting
GER-Bundesliga,2023,Stuttgart,Luca Raimund,GER,"FW,MF",18.0,2005.0,0.3,0,2,0,0.0,6.0,0.0,0.0,,7.2,0,0,0,0.9,0.9,0.55,-0.9,-0.9,shooting
GER-Bundesliga,2023,Stuttgart,Mahmoud Dahoud,GER,MF,27.0,1996.0,2.5,1,3,1,33.3,1.19,0.4,0.33,1.0,19.8,0,0,0,0.6,0.6,0.19,0.4,0.4,shooting
GER-Bundesliga,2023,Stuttgart,Maximilian Mittelstädt,GER,DF,26.0,1997.0,23.4,2,21,6,28.6,0.9,0.26,0.1,0.33,23.3,0,0,0,0.9,0.9,0.04,1.1,1.1,shooting
GER-Bundesliga,2023,Stuttgart,Pascal Stenzel,GER,DF,27.0,1996.0,11.8,0,14,4,28.6,1.18,0.34,0.0,0.0,28.2,1,0,0,0.3,0.3,0.02,-0.3,-0.3,shooting
GER-Bundesliga,2023,Stuttgart,Roberto Massimo,GER,"FW,DF",22.0,2000.0,0.9,0,0,0,,0.0,0.0,,,,0,0,0,0.0,0.0,,0.0,0.0,shooting
GER-Bundesliga,2023,Stuttgart,Samuele Di Benedetto,GER,MF,18.0,2005.0,0.1,0,0,0,,0.0,0.0,,,,0,0,0,0.0,0.0,,0.0,0.0,shooting
GER-Bundesliga,2023,Stuttgart,Serhou Guirassy,GUI,FW,27.0,1996.0,24.5,28,88,40,45.5,3.59,1.63,0.27,0.6,14.5,3,4,4,20.8,17.6,0.2,7.2,6.4,shooting
GER-Bundesliga,2023,Stuttgart,Silas Katompa,COD,"FW,MF",24.0,1998.0,10.0,5,23,8,34.8,2.3,0.8,0.22,0.63,13.4,0,0,1,5.7,4.9,0.21,-0.7,0.1,shooting
GER-Bundesliga,2023,Stuttgart,Waldemar Anton,GER,DF,27.0,1996.0,32.1,0,28,6,21.4,0.87,0.19,0.0,0.0,15.9,0,0,0,1.7,1.7,0.06,-1.7,-1.7,shooting
GER-Bundesliga,2023,Union Berlin,Alex Král,CZE,MF,25.0,1998.0,15.2,0,18,5,27.8,1.18,0.33,0.0,0.0,20.6,0,0,0,1.7,1.7,0.09,-1.7,-1.7,shooting
GER-Bundesliga,2023,Union Berlin,Alexander Schwolow,GER,GK,31.0,1992.0,1.0,0,0,0,,0.0,0.0,,,,0,0,0,0.0,0.0,,0.0,0.0,shooting
GER-Bundesliga,2023,Union Berlin,Aljoscha Kemlein,GER,MF,18.0,2004.0,0.3,0,1,0,0.0,3.1,0.0,0.0,,23.2,0,0,0,0.0,0.0,0.04,0.0,0.0,shooting
GER-Bundesliga,2023,Union Berlin,András Schäfer,HUN,MF,24.0,1999.0,13.5,1,21,5,23.8,1.56,0.37,0.05,0.2,16.9,0,0,0,1.8,1.8,0.08,-0.8,-0.8,shooting
GER-Bundesliga,2023,Union Berlin,Aïssa Laïdouni,TUN,MF,26.0,1996.0,11.9,0,13,5,38.5,1.09,0.42,0.0,0.0,21.7,0,0,0,0.7,0.7,0.05,-0.7,-0.7,shooting
GER-Bundesliga,2023,Union Berlin,Benedict Hollerbach,GER,"FW,MF",22.0,2001.0,14.2,5,34,10,29.4,2.39,0.7,0.15,0.5,16.1,0,0,0,3.4,3.4,0.1,1.6,1.6,shooting
GER-Bundesliga,2023,Union Berlin,Brenden Aaronson,USA,"MF,FW",22.0,2000.0,14.1,2,18,7,38.9,1.28,0.5,0.11,0.29,18.4,0,0,0,2.0,2.0,0.11,0.0,0.0,shooting
GER-Bundesliga,2023,Union Berlin,Chris Bedia,CIV,"FW,MF",27.0,1996.0,1.6,1,3,1,33.3,1.86,0.62,0.33,1.0,16.9,0,0,0,0.2,0.2,0.07,0.8,0.8,shooting
GER-Bundesliga,2023,Union Berlin,Christopher Trimmel,AUT,DF,36.0,1987.0,18.3,0,6,4,66.7,0.33,0.22,0.0,0.0,20.5,0,0,0,0.6,0.5,0.08,-0.6,-0.5,shooting
GER-Bundesliga,2023,Union Berlin,Danilho Doekhi,NED,DF,25.0,1998.0,24.0,2,16,2,12.5,0.67,0.08,0.13,1.0,10.0,0,0,0,1.2,1.2,0.07,0.8,0.8,shooting
GER-Bundesliga,2023,Union Berlin,David Datro Fofana,CIV,"FW,MF",20.0,2002.0,7.6,1,26,12,46.2,3.43,1.58,0.04,0.08,15.6,4,0,0,2.8,2.8,0.11,-1.8,-1.8,shooting
GER-Bundesliga,2023,Union Berlin,Diogo Leite,POR,DF,24.0,1999.0,30.0,0,13,4,30.8,0.43,0.13,0.0,0.0,12.3,0,0,0,0.8,0.8,0.06,-0.8,-0.8,shooting
GER-Bundesliga,2023,Union Berlin,Frederik Rønnow,DEN,GK,30.0,1992.0,33.0,0,3,0,0.0,0.09,0.0,0.0,,11.0,0,0,0,0.1,0.1,0.02,-0.1,-0.1,shooting
GER-Bundesliga,2023,Union Berlin,Janik Haberer,GER,"MF,DF",29.0,1994.0,13.6,1,15,3,20.0,1.11,0.22,0.07,0.33,19.1,0,0,0,0.9,0.8,0.05,0.1,0.2,shooting
GER-Bundesliga,2023,Union Berlin,Jordan Pefok,USA,FW,27.0,1996.0,0.3,0,0,0,,0.0,0.0,,,,0,0,0,0.0,0.0,,0.0,0.0,shooting
GER-Bundesliga,2023,Union Berlin,Josip Juranović,CRO,DF,27.0,1995.0,14.4,0,11,2,18.2,0.77,0.14,0.0,0.0,23.3,2,0,1,1.4,0.6,0.06,-1.4,-0.6,shooting
GER-Bundesliga,2023,Union Berlin,Jérôme Roussillon,FRA,DF,30.0,1993.0,8.4,0,7,4,57.1,0.84,0.48,0.0,0.0,20.4,0,0,0,0.3,0.3,0.05,-0.3,-0.3,shooting
GER-Bundesliga,2023,Union Berlin,Kevin Behrens,GER,FW,32.0,1991.0,14.0,4,41,13,31.7,2.92,0.93,0.1,0.31,10.8,0,0,0,6.0,6.0,0.15,-2.0,-2.0,shooting
GER-Bundesliga,2023,Union Berlin,Kevin Vogt,GER,DF,31.0,1991.0,14.7,0,1,0,0.0,0.07,0.0,0.0,,14.3,0,0,0,0.0,0.0,0.03,0.0,0.0,shooting
GER-Bundesliga,2023,Union Berlin,Kevin Volland,GER,"FW,MF",31.0,1992.0,14.9,3,33,10,30.3,2.21,0.67,0.03,0.1,19.7,0,2,3,5.3,2.9,0.09,-2.3,-1.9,shooting
GER-Bundesliga,2023,Union Berlin,Leonardo Bonucci,ITA,DF,36.0,1987.0,5.1,1,0,0,,0.0,0.0,,,,0,1,1,0.8,0.0,,0.2,0.0,shooting
GER-Bundesliga,2023,Union Berlin,Lucas Tousart,FRA,MF,26.0,1997.0,17.5,0,25,6,24.0,1.43,0.34,0.0,0.0,18.0,0,0,0,1.5,1.5,0.06,-1.5,-1.5,shooting
GER-Bundesliga,2023,Union Berlin,Mikkel Kaufmann,DEN,FW,22.0,2001.0,5.4,1,15,6,40.0,2.78,1.11,0.07,0.17,15.8,0,0,0,1.3,1.3,0.09,-0.3,-0.3,shooting
GER-Bundesliga,2023,Union Berlin,Miloš Pantović,SRB,MF,27.0,1996.0,0.2,1,1,1,100.0,6.0,6.0,1.0,1.0,13.2,0,0,0,0.8,0.8,0.76,0.2,0.2,shooting
GER-Bundesliga,2023,Union Berlin,Paul Jaeckel,GER,DF,25.0,1998.0,2.6,0,0,0,,0.0,0.0,,,,0,0,0,0.0,0.0,,0.0,0.0,shooting
GER-Bundesliga,2023,Union Berlin,Rani Khedira,GER,MF,29.0,1994.0,14.9,0,3,1,33.3,0.2,0.07,0.0,0.0,17.5,0,0,0,0.4,0.4,0.13,-0.4,-0.4,shooting
GER-Bundesliga,2023,Union Berlin,Robin Gosens,GER,"DF,MF",29.0,1994.0,25.4,6,32,10,31.3,1.26,0.39,0.19,0.6,12.0,0,0,0,2.1,2.1,0.07,3.9,3.9,shooting
GER-Bundesliga,2023,Union Berlin,Robin Knoche,GER,DF,31.0,1992.0,21.3,1,7,3,42.9,0.33,0.14,0.14,0.33,13.3,0,0,1,1.2,0.4,0.06,-0.2,0.6,shooting
GER-Bundesliga,2023,Union Berlin,Sheraldo Becker,SUR,"FW,MF",28.0,1995.0,7.2,0,16,4,25.0,2.23,0.56,0.0,0.0,20.5,1,0,0,0.8,0.8,0.05,-0.8,-0.8,shooting
GER-Bundesliga,2023,Union Berlin,Yorbe Vertessen,BEL,"FW,MF",22.0,2001.0,6.6,3,24,9,37.5,3.64,1.37,0.13,0.33,16.8,0,0,0,2.7,2.7,0.11,0.3,0.3,shooting
GER-Bundesliga,2023,Werder Bremen,Amos Pieper,GER,DF,25.0,1998.0,6.6,0,4,1,25.0,0.61,0.15,0.0,0.0,10.2,0,0,0,0.5,0.5,0.11,-0.5,-0.5,shooting
GER-Bundesliga,2023,Werder Bremen,Anthony Jung,GER,DF,31.0,1991.0,28.7,1,5,1,20.0,0.17,0.03,0.2,1.0,13.6,0,0,0,0.6,0.6,0.12,0.4,0.4,shooting
GER-Bundesliga,2023,Werder Bremen,Christian Groß,GER,"DF,MF",34.0,1989.0,8.9,0,4,1,25.0,0.45,0.11,0.0,0.0,18.1,0,0,0,0.3,0.3,0.09,-0.3,-0.3,shooting
GER-Bundesliga,2023,Werder Bremen,Dawid Kownacki,POL,FW,26.0,1997.0,4.2,0,19,4,21.1,4.5,0.95,0.0,0.0,16.2,0,0,0,1.3,1.3,0.07,-1.3,-1.3,shooting
GER-Bundesliga,2023,Werder Bremen,Felix Agu,GER,"DF,MF",23.0,1999.0,17.9,0,11,0,0.0,0.61,0.0,0.0,,19.5,0,0,0,0.9,0.9,0.08,-0.9,-0.9,shooting
GER-Bundesliga,2023,Werder Bremen,Ilia Gruev,BUL,MF,23.0,2000.0,0.0,0,0,0,,0.0,0.0,,,,0,0,0,0.0,0.0,,0.0,0.0,shooting
GER-Bundesliga,2023,Werder Bremen,Isak Hansen-Aarøen,NOR,MF,18.0,2004.0,0.3,0,0,0,,0.0,0.0,,,,0,0,0,0.0,0.0,,0.0,0.0,shooting
GER-Bundesliga,2023,Werder Bremen,Jens Stage,DEN,MF,26.0,1996.0,25.9,3,40,11,27.5,1.55,0.43,0.08,0.27,15.8,0,0,0,4.4,4.4,0.11,-1.4,-1.4,shooting
GER-Bundesliga,2023,Werder Bremen,Jiří Pavlenka,CZE,GK,31.0,1992.0,7.0,0,0,0,,0.0,0.0,,,,0,0,0,0.0,0.0,,0.0,0.0,shooting
GER-Bundesliga,2023,Werder Bremen,Joel Imasuen,USA,FW,18.0,2004.0,0.0,0,0,0,,0.0,0.0,,,,0,0,0,0.0,0.0,,0.0,0.0,shooting
GER-Bundesliga,2023,Werder Bremen,Julián Malatini,ARG,DF,22.0,2001.0,6.7,1,3,1,33.3,0.45,0.15,0.33,1.0,19.3,0,0,0,1.0,1.0,0.33,0.0,0.0,shooting
GER-Bundesliga,2023,Werder Bremen,Justin Njinmah,GER,FW,22.0,2000.0,11.3,6,33,14,42.4,2.92,1.24,0.18,0.43,16.2,0,0,0,4.9,4.9,0.15,1.1,1.1,shooting
GER-Bundesliga,2023,Werder Bremen,Leon Opitz,GER,"FW,DF",18.0,2005.0,0.2,0,0,0,,0.0,0.0,,,,0,0,0,0.0,0.0,,0.0,0.0,shooting
GER-Bundesliga,2023,Werder Bremen,Leonardo Bittencourt,GER,MF,29.0,1993.0,17.5,1,31,5,16.1,1.77,0.29,0.03,0.2,21.0,1,0,0,2.2,2.2,0.07,-1.2,-1.2,shooting
GER-Bundesliga,2023,Werder Bremen,Marco Friedl,AUT,DF,25.0,1998.0,24.4,1,7,1,14.3,0.29,0.04,0.14,1.0,25.1,0,0,0,0.2,0.2,0.04,0.8,0.8,shooting
GER-Bundesliga,2023,Werder Bremen,Marvin Ducksch,GER,FW,29.0,1994.0,30.0,12,74,32,43.2,2.47,1.07,0.09,0.22,18.9,12,5,6,12.8,7.9,0.11,-0.8,-0.9,shooting
GER-Bundesliga,2023,Werder Bremen,Michael Zetterer,GER,GK,28.0,1995.0,27.0,0,1,0,0.0,0.04,0.0,0.0,,9.5,0,0,0,0.1,0.1,0.1,-0.1,-0.1,shooting
GER-Bundesliga,2023,Werder Bremen,Miloš Veljković,SRB,DF,27.0,1995.0,21.3,2,6,3,50.0,0.28,0.14,0.33,0.67,16.1,0,0,0,1.7,1.7,0.29,0.3,0.3,shooting
GER-Bundesliga,2023,Werder Bremen,Mitchell Weiser,GER,"DF,MF",29.0,1994.0,29.3,3,44,13,29.5,1.5,0.44,0.07,0.23,14.7,0,0,0,3.8,3.8,0.09,-0.8,-0.8,shooting
GER-Bundesliga,2023,Werder Bremen,Naby Keïta,GUI,"MF,DF",28.0,1995.0,1.2,0,2,0,0.0,1.65,0.0,0.0,,22.5,0,0,0,0.1,0.1,0.05,-0.1,-0.1,shooting
GER-Bundesliga,2023,Werder Bremen,Nick Woltemade,GER,"FW,MF",21.0,2002.0,13.2,2,22,6,27.3,1.67,0.45,0.09,0.33,14.2,0,0,0,2.4,2.4,0.11,-0.4,-0.4,shooting
GER-Bundesliga,2023,Werder Bremen,Niclas Füllkrug,GER,FW,30.0,1993.0,2.0,0,5,1,20.0,2.5,0.5,0.0,0.0,15.6,0,0,0,0.5,0.5,0.09,-0.5,-0.5,shooting
GER-Bundesliga,2023,Werder Bremen,Nicolai Rapp,GER,DF,26.0,1996.0,0.8,0,0,0,,0.0,0.0,,,,0,0,0,0.0,0.0,,0.0,0.0,shooting
GER-Bundesliga,2023,Werder Bremen,Niklas Stark,GER,DF,28.0,1995.0,12.1,2,4,2,50.0,0.33,0.17,0.5,1.0,13.1,0,0,0,0.2,0.2,0.05,1.8,1.8,shooting
GER-Bundesliga,2023,Werder Bremen,Oliver Burke,SCO,FW,26.0,1997.0,0.4,0,0,0,,0.0,0.0,,,,0,0,0,0.0,0.0,,0.0,0.0,shooting
GER-Bundesliga,2023,Werder Bremen,Olivier Deman,BEL,DF,23.0,2000.0,15.2,2,17,7,41.2,1.12,0.46,0.12,0.29,14.2,0,0,0,1.1,1.1,0.06,0.9,0.9,shooting
GER-Bundesliga,2023,Werder Bremen,Rafael Borré,COL,FW,27.0,1995.0,11.0,4,20,7,35.0,1.82,0.64,0.2,0.57,15.4,0,0,0,2.4,2.4,0.12,1.6,1.6,shooting
GER-Bundesliga,2023,Werder Bremen,Romano Schmid,AUT,"MF,FW",23.0,2000.0,28.9,4,38,10,26.3,1.31,0.35,0.11,0.4,19.6,1,0,0,5.2,5.2,0.14,-1.2,-1.2,shooting
GER-Bundesliga,2023,Werder Bremen,Senne Lynen,BEL,MF,24.0,1999.0,20.0,0,12,2,16.7,0.6,0.1,0.0,0.0,25.1,0,0,0,0.4,0.4,0.03,-0.4,-0.4,shooting
GER-Bundesliga,2023,Werder Bremen,Skelly Alvero,FRA,MF,21.0,2002.0,1.4,1,5,3,60.0,3.66,2.2,0.2,0.33,15.1,0,0,0,0.3,0.3,0.07,0.7,0.7,shooting
GER-Bundesliga,2023,Wolfsburg,Amin Sarr,SWE,"FW,MF",22.0,2001.0,4.3,0,6,2,33.3,1.4,0.47,0.0,0.0,15.7,0,0,0,0.6,0.6,0.09,-0.6,-0.6,shooting
GER-Bundesliga,2023,Wolfsburg,Aster Vranckx,BEL,MF,20.0,2002.0,12.8,0,4,2,50.0,0.31,0.16,0.0,0.0,24.5,0,0,0,0.1,0.1,0.03,-0.1,-0.1,shooting
GER-Bundesliga,2023,Wolfsburg,Bennit Bröger,GER,FW,17.0,2006.0,0.1,0,0,0,,0.0,0.0,,,,0,0,0,0.0,0.0,,0.0,0.0,shooting
GER-Bundesliga,2023,Wolfsburg,Cedric Zesiger,SUI,DF,25.0,1998.0,18.2,0,16,2,12.5,0.88,0.11,0.0,0.0,20.3,0,0,0,1.3,1.3,0.08,-1.3,-1.3,shooting
GER-Bundesliga,2023,Wolfsburg,Dženan Pejčinović,GER,FW,18.0,2005.0,0.4,0,2,0,0.0,4.86,0.0,0.0,,13.8,0,0,0,0.1,0.1,0.06,-0.1,-0.1,shooting
GER-Bundesliga,2023,Wolfsburg,Jakub Kamiński,POL,"FW,MF",21.0,2002.0,5.3,0,10,3,30.0,1.9,0.57,0.0,0.0,16.3,0,0,0,0.5,0.5,0.05,-0.5,-0.5,shooting
GER-Bundesliga,2023,Wolfsburg,Joakim Mæhle,DEN,"DF,MF",26.0,1997.0,27.2,2,20,6,30.0,0.73,0.22,0.1,0.33,18.8,0,0,0,1.4,1.4,0.07,0.6,0.6,shooting
GER-Bundesliga,2023,Wolfsburg,Jonas Wind,DEN,FW,24.0,1999.0,29.5,11,72,34,47.2,2.44,1.15,0.15,0.32,16.1,0,0,1,9.4,8.5,0.12,1.6,2.5,shooting
GER-Bundesliga,2023,Wolfsburg,Kevin Behrens,GER,FW,32.0,1991.0,6.8,1,11,6,54.5,1.61,0.88,0.09,0.17,11.6,0,0,0,1.6,1.6,0.15,-0.6,-0.6,shooting
GER-Bundesliga,2023,Wolfsburg,Kevin Paredes,USA,"FW,MF",20.0,2003.0,15.9,3,19,7,36.8,1.19,0.44,0.16,0.43,16.7,0,0,0,3.0,3.0,0.16,0.0,0.0,shooting
GER-Bundesliga,2023,Wolfsburg,Kilian Fischer,GER,"DF,MF",22.0,2000.0,3.2,0,4,0,0.0,1.24,0.0,0.0,,18.3,0,0,0,0.1,0.1,0.03,-0.1,-0.1,shooting
GER-Bundesliga,2023,Wolfsburg,Koen Casteels,BEL,GK,31.0,1992.0,25.0,0,0,0,,0.0,0.0,,,,0,0,0,0.0,0.0,,0.0,0.0,shooting
GER-Bundesliga,2023,Wolfsburg,Kofi Amoako,GER,MF,18.0,2005.0,0.0,0,0,0,,0.0,0.0,,,,0,0,0,0.0,0.0,,0.0,0.0,shooting
GER-Bundesliga,2023,Wolfsburg,Lovro Majer,CRO,"MF,FW",25.0,1998.0,23.4,5,35,10,28.6,1.5,0.43,0.09,0.3,21.1,2,2,2,5.4,3.8,0.11,-0.4,-0.8,shooting
GER-Bundesliga,2023,Wolfsburg,Lukas Nmecha,GER,FW,24.0,1998.0,0.5,1,1,1,100.0,2.14,2.14,1.0,1.0,7.8,0,0,0,0.1,0.1,0.14,0.9,0.9,shooting
GER-Bundesliga,2023,Wolfsburg,Mattias Svanberg,SWE,MF,24.0,1999.0,19.1,1,42,11,26.2,2.2,0.58,0.02,0.09,21.5,6,0,0,3.0,3.0,0.07,-2.0,-2.0,shooting
GER-Bundesliga,2023,Wolfsburg,Maxence Lacroix,FRA,DF,23.0,2000.0,26.2,4,12,8,66.7,0.46,0.3,0.33,0.5,11.1,0,0,0,0.8,0.8,0.07,3.2,3.2,shooting
GER-Bundesliga,2023,Wolfsburg,Maximilian Arnold,GER,MF,29.0,1994.0,27.8,2,32,12,37.5,1.15,0.43,0.06,0.17,27.8,8,0,0,1.0,1.0,0.03,1.0,1.0,shooting
GER-Bundesliga,2023,Wolfsburg,Moritz Jenz,GER,DF,24.0,1999.0,19.4,0,7,0,0.0,0.36,0.0,0.0,,13.6,0,0,0,0.3,0.3,0.05,-0.3,-0.3,shooting
GER-Bundesliga,2023,Wolfsburg,Nicolas Cozza,FRA,DF,24.0,1999.0,3.1,0,1,0,0.0,0.33,0.0,0.0,,30.8,0,0,0,0.0,0.0,0.02,0.0,0.0,shooting
GER-Bundesliga,2023,Wolfsburg,Patrick Wimmer,AUT,"FW,MF",22.0,2001.0,6.5,2,10,4,40.0,1.53,0.61,0.2,0.5,16.2,0,0,0,1.4,1.4,0.14,0.6,0.6,shooting
GER-Bundesliga,2023,Wolfsburg,Pavao Pervan,AUT,GK,35.0,1987.0,9.0,0,0,0,,0.0,0.0,,,,0,0,0,0.0,0.0,,0.0,0.0,shooting
GER-Bundesliga,2023,Wolfsburg,Ridle Baku,GER,"DF,MF",25.0,1998.0,22.4,1,27,9,33.3,1.21,0.4,0.04,0.11,15.9,1,0,0,1.8,1.8,0.07,-0.8,-0.8,shooting
GER-Bundesliga,2023,Wolfsburg,Rogério,BRA,DF,25.0,1998.0,10.1,1,4,2,50.0,0.4,0.2,0.25,0.5,15.3,0,0,0,0.3,0.3,0.09,0.7,0.7,shooting
GER-Bundesliga,2023,Wolfsburg,Sebastiaan Bornauw,BEL,DF,24.0,1999.0,15.9,0,10,4,40.0,0.63,0.25,0.0,0.0,10.0,0,0,0,0.8,0.8,0.08,-0.8,-0.8,shooting
GER-Bundesliga,2023,Wolfsburg,Tiago Tomás,POR,"FW,MF",21.0,2002.0,11.5,1,27,10,37.0,2.35,0.87,0.04,0.1,13.5,0,0,0,2.7,2.7,0.1,-1.7,-1.7,shooting
GER-Bundesliga,2023,Wolfsburg,Václav Černý,CZE,"FW,MF",25.0,1997.0,10.2,4,20,5,25.0,1.95,0.49,0.2,0.8,15.2,0,0,0,2.3,2.3,0.11,1.7,1.7,shooting
GER-Bundesliga,2023,Wolfsburg,Yannick Gerhardt,GER,"MF,DF",29.0,1994.0,18.1,2,19,9,47.4,1.05,0.5,0.11,0.22,16.2,0,0,0,1.9,1.9,0.1,0.1,0.1,shooting
