league,season,team,player,nation,pos,age,born,Playing Time MP,Playing Time Starts,Playing Time Min,Playing Time 90s,Performance Gls,Performance Ast,Performance G+A,Performance G-PK,Performance PK,Performance PKatt,Performance CrdY,Performance CrdR,Expected xG,Expected npxG,Expected xAG,Expected npxG+xAG,Progression PrgC,Progression PrgP,Progression PrgR,Per 90 Minutes Gls,Per 90 Minutes Ast,Per 90 Minutes G+A,Per 90 Minutes G-PK,Per 90 Minutes G+A-PK,Per 90 Minutes xG,Per 90 Minutes xAG,Per 90 Minutes xG+xAG,Per 90 Minutes npxG,Per 90 Minutes npxG+xAG,stat_type
GER-Bundesliga,2020,Arminia,Anderson Lucoqui,ANG,DF,23,1997,21,18,1604,17.8,0,0,0,0,0,0,5,0,0.2,0.2,0.2,0.4,18,45,23,0.0,0.0,0.0,0.0,0.0,0.01,0.01,0.02,0.01,0.02,standard
GER-Bundesliga,2020,Arminia,Andreas Voglsammer,GER,"FW,MF",28,1992,18,11,1000,11.1,2,2,4,2,0,0,1,0,3.9,3.9,1.9,5.8,20,23,71,0.18,0.18,0.36,0.18,0.36,0.35,0.17,0.52,0.35,0.52,standard
GER-Bundesliga,2020,Arminia,Arne Maier,GER,MF,21,1999,16,13,1034,11.5,0,0,0,0,0,0,0,0,0.6,0.6,1.2,1.8,17,29,22,0.0,0.0,0.0,0.0,0.0,0.05,0.11,0.16,0.05,0.16,standard
GER-Bundesliga,2020,Arminia,Brian Behrendt,GER,DF,28,1991,3,0,79,0.9,0,0,0,0,0,0,0,0,0.0,0.0,0.0,0.0,0,2,2,0.0,0.0,0.0,0.0,0.0,0.04,0.0,0.04,0.04,0.04,standard
GER-Bundesliga,2020,Arminia,Cebio Soukou,BEN,"FW,MF",27,1992,14,5,458,5.1,1,0,1,1,0,0,2,0,0.7,0.7,0.2,0.9,5,8,29,0.2,0.0,0.2,0.2,0.2,0.13,0.04,0.17,0.13,0.17,standard
GER-Bundesliga,2020,Arminia,Christian Gebauer,AUT,"MF,FW",26,1993,23,5,687,7.6,1,1,2,1,0,0,0,0,1.9,1.9,1.0,3.0,8,14,41,0.13,0.13,0.26,0.13,0.26,0.25,0.14,0.39,0.25,0.39,standard
GER-Bundesliga,2020,Arminia,Cédric Brunner,SUI,DF,26,1994,31,30,2655,29.5,0,1,1,0,0,0,6,0,0.5,0.5,1.3,1.8,28,87,41,0.0,0.03,0.03,0.0,0.03,0.02,0.04,0.06,0.02,0.06,standard
GER-Bundesliga,2020,Arminia,Fabian Klos,GER,FW,32,1987,34,32,2709,30.1,5,2,7,4,1,2,4,0,7.9,6.3,4.8,11.1,24,79,141,0.17,0.07,0.23,0.13,0.2,0.26,0.16,0.42,0.21,0.37,standard
GER-Bundesliga,2020,Arminia,Fabian Kunze,GER,MF,22,1998,26,12,1270,14.1,0,0,0,0,0,0,6,0,0.3,0.3,0.5,0.9,13,57,17,0.0,0.0,0.0,0.0,0.0,0.02,0.04,0.06,0.02,0.06,standard
GER-Bundesliga,2020,Arminia,Jacob Barrett Laursen,DEN,DF,25,1994,16,13,1108,12.3,0,1,1,0,0,0,1,0,0.1,0.1,1.1,1.2,13,30,20,0.0,0.08,0.08,0.0,0.08,0.01,0.09,0.1,0.01,0.1,standard
GER-Bundesliga,2020,Arminia,Joakim Nilsson,SWE,DF,26,1994,25,24,2162,24.0,0,0,0,0,0,0,1,0,0.9,0.9,0.2,1.0,5,47,5,0.0,0.0,0.0,0.0,0.0,0.04,0.01,0.04,0.04,0.04,standard
GER-Bundesliga,2020,Arminia,Jóan Símun Edmundsson,FRO,"FW,MF",29,1991,5,0,58,0.6,1,0,1,1,0,0,0,0,0.4,0.4,0.0,0.4,2,0,6,1.55,0.0,1.55,1.55,1.55,0.66,0.0,0.66,0.66,0.66,standard
GER-Bundesliga,2020,Arminia,Manuel Prietl,AUT,MF,28,1991,28,28,2517,28.0,1,1,2,1,0,0,3,0,0.8,0.8,1.8,2.6,14,67,18,0.04,0.04,0.07,0.04,0.07,0.03,0.06,0.09,0.03,0.09,standard
GER-Bundesliga,2020,Arminia,Marcel Hartel,GER,MF,24,1996,22,20,1681,18.7,0,0,0,0,0,0,1,0,1.2,1.2,1.3,2.5,18,69,39,0.0,0.0,0.0,0.0,0.0,0.07,0.07,0.14,0.07,0.14,standard
GER-Bundesliga,2020,Arminia,Masaya Okugawa,JPN,MF,24,1996,13,11,914,10.2,1,0,1,1,0,0,0,0,1.1,1.1,0.6,1.7,9,17,39,0.1,0.0,0.1,0.1,0.1,0.11,0.06,0.17,0.11,0.17,standard
GER-Bundesliga,2020,Arminia,Michel Vlap,NED,"MF,FW",23,1997,7,5,371,4.1,1,1,2,1,0,0,0,0,0.5,0.5,0.6,1.1,3,8,20,0.24,0.24,0.49,0.24,0.49,0.13,0.15,0.28,0.13,0.28,standard
GER-Bundesliga,2020,Arminia,Mike van der Hoorn,NED,DF,27,1992,22,15,1356,15.1,0,0,0,0,0,0,3,0,0.4,0.4,0.2,0.6,4,36,3,0.0,0.0,0.0,0.0,0.0,0.03,0.01,0.04,0.03,0.04,standard
GER-Bundesliga,2020,Arminia,Nathan de Medina,BEL,DF,22,1997,16,7,639,7.1,0,1,1,0,0,0,5,1,0.0,0.0,0.5,0.5,4,13,8,0.0,0.14,0.14,0.0,0.14,0.0,0.07,0.07,0.0,0.07,standard
GER-Bundesliga,2020,Arminia,Nils Seufert,GER,"MF,FW",23,1997,13,2,343,3.8,0,1,1,0,0,0,1,0,0.0,0.0,0.3,0.4,1,19,8,0.0,0.26,0.26,0.0,0.26,0.01,0.09,0.1,0.01,0.1,standard
GER-Bundesliga,2020,Arminia,Reinhold Yabo,GER,"MF,FW",28,1992,13,8,647,7.2,1,0,1,1,0,0,1,0,0.5,0.5,0.1,0.7,10,18,31,0.14,0.0,0.14,0.14,0.14,0.07,0.02,0.09,0.07,0.09,standard
GER-Bundesliga,2020,Arminia,Ritsu Doan,JPN,"MF,FW",22,1998,34,33,2768,30.8,5,2,7,5,0,0,1,0,5.2,5.1,3.6,8.7,88,86,169,0.16,0.07,0.23,0.16,0.23,0.17,0.12,0.29,0.17,0.28,standard
GER-Bundesliga,2020,Arminia,Sebastian Müller,GER,"MF,DF",19,2001,2,0,4,0.0,0,0,0,0,0,0,0,0,0.0,0.0,0.0,0.0,0,0,1,0.0,0.0,0.0,0.0,0.0,0.0,0.0,0.0,0.0,0.0,standard
GER-Bundesliga,2020,Arminia,Sergio Córdova,VEN,"FW,MF",22,1997,23,13,1090,12.1,2,1,3,2,0,0,0,0,3.5,3.5,0.9,4.4,17,21,77,0.17,0.08,0.25,0.17,0.25,0.29,0.08,0.36,0.29,0.36,standard
GER-Bundesliga,2020,Arminia,Stefan Ortega,GER,GK,27,1992,34,34,3060,34.0,0,1,1,0,0,0,1,0,0.0,0.0,0.6,0.6,0,2,0,0.0,0.03,0.03,0.0,0.03,0.0,0.02,0.02,0.0,0.02,standard
GER-Bundesliga,2020,Arminia,Sven Schipplock,GER,"FW,MF",31,1988,32,5,744,8.3,1,0,1,1,0,0,4,0,1.5,1.5,0.6,2.1,16,17,37,0.12,0.0,0.12,0.12,0.12,0.18,0.07,0.25,0.18,0.25,standard
GER-Bundesliga,2020,Augsburg,Alfreð Finnbogason,ISL,FW,31,1989,17,4,544,6.0,0,1,1,0,0,2,0,0,3.1,1.5,0.9,2.5,5,18,47,0.0,0.17,0.17,0.0,0.17,0.51,0.15,0.67,0.25,0.41,standard
GER-Bundesliga,2020,Augsburg,André Hahn,GER,"FW,MF",29,1990,29,24,2037,22.6,8,3,11,8,0,0,4,0,5.0,5.0,2.1,7.1,22,29,82,0.35,0.13,0.49,0.35,0.49,0.22,0.09,0.31,0.22,0.31,standard
GER-Bundesliga,2020,Augsburg,Carlos Gruezo,ECU,MF,25,1995,28,23,2084,23.2,0,0,0,0,0,0,4,0,0.4,0.4,0.5,0.9,5,79,8,0.0,0.0,0.0,0.0,0.0,0.02,0.02,0.04,0.02,0.04,standard
GER-Bundesliga,2020,Augsburg,Daniel Caligiuri,ITA,"MF,FW",32,1988,33,31,2665,29.6,6,4,10,4,2,3,5,0,4.8,2.4,4.6,7.0,64,114,136,0.2,0.14,0.34,0.14,0.27,0.16,0.16,0.32,0.08,0.24,standard
GER-Bundesliga,2020,Augsburg,Florian Niederlechner,GER,FW,29,1990,28,21,1737,19.3,5,4,9,5,0,0,3,1,6.0,6.0,2.2,8.3,18,31,87,0.26,0.21,0.47,0.26,0.47,0.31,0.12,0.43,0.31,0.43,standard
GER-Bundesliga,2020,Augsburg,Fredrik Jensen,FIN,"FW,MF",22,1997,13,1,377,4.2,0,1,1,0,0,0,0,0,0.3,0.3,1.2,1.5,4,11,26,0.0,0.24,0.24,0.0,0.24,0.07,0.28,0.35,0.07,0.35,standard
GER-Bundesliga,2020,Augsburg,Iago,BRA,DF,23,1997,18,18,1560,17.3,1,1,2,1,0,0,2,0,1.1,1.1,1.1,2.1,39,37,67,0.06,0.06,0.12,0.06,0.12,0.06,0.06,0.12,0.06,0.12,standard
GER-Bundesliga,2020,Augsburg,Jan Morávek,CZE,MF,30,1989,5,3,267,3.0,0,0,0,0,0,0,0,0,0.1,0.1,0.0,0.1,4,14,5,0.0,0.0,0.0,0.0,0.0,0.03,0.01,0.04,0.03,0.04,standard
GER-Bundesliga,2020,Augsburg,Jeffrey Gouweleeuw,NED,DF,29,1991,32,32,2835,31.5,1,0,1,1,0,0,9,0,0.3,0.3,0.6,0.9,27,131,8,0.03,0.0,0.03,0.03,0.03,0.01,0.02,0.03,0.01,0.03,standard
GER-Bundesliga,2020,Augsburg,Lukas Petkov,BUL,MF,19,2000,1,0,4,0.0,0,0,0,0,0,0,0,0,0.0,0.0,0.0,0.0,0,0,0,0.0,0.0,0.0,0.0,0.0,0.0,0.0,0.0,0.0,0.0,standard
GER-Bundesliga,2020,Augsburg,László Bénes,SVK,MF,22,1997,12,9,660,7.3,1,1,2,1,0,0,3,0,0.5,0.5,0.9,1.3,7,19,20,0.14,0.14,0.27,0.14,0.27,0.07,0.12,0.18,0.07,0.18,standard
GER-Bundesliga,2020,Augsburg,Mads Pedersen,DEN,DF,23,1996,15,9,887,9.9,0,0,0,0,0,0,1,0,0.0,0.0,1.3,1.3,26,12,20,0.0,0.0,0.0,0.0,0.0,0.0,0.13,0.13,0.0,0.13,standard
GER-Bundesliga,2020,Augsburg,Marco Richter,GER,"FW,MF",22,1997,29,16,1416,15.7,3,1,4,3,0,0,4,1,5.1,5.1,1.7,6.8,32,38,107,0.19,0.06,0.25,0.19,0.25,0.32,0.11,0.43,0.32,0.43,standard
GER-Bundesliga,2020,Augsburg,Marek Suchý,CZE,DF,32,1988,5,3,305,3.4,0,0,0,0,0,0,2,0,0.0,0.0,0.0,0.0,0,7,0,0.0,0.0,0.0,0.0,0.0,0.0,0.0,0.0,0.0,0.0,standard
GER-Bundesliga,2020,Augsburg,Michael Gregoritsch,AUT,"FW,MF",26,1994,24,9,835,9.3,1,2,3,1,0,0,1,0,1.5,1.5,1.5,3.0,12,26,48,0.11,0.22,0.32,0.11,0.32,0.16,0.16,0.32,0.16,0.32,standard
GER-Bundesliga,2020,Augsburg,Noah Joel Sarenren Bazee,NGA,"FW,MF",23,1996,5,0,36,0.4,0,1,1,0,0,0,1,0,0.0,0.0,0.7,0.7,1,0,4,0.0,2.5,2.5,0.0,2.5,0.0,1.85,1.85,0.0,1.85,standard
GER-Bundesliga,2020,Augsburg,Ohis Felix Uduokhai,GER,DF,22,1997,29,29,2610,29.0,1,0,1,1,0,0,5,0,1.7,1.7,0.3,2.0,21,94,13,0.03,0.0,0.03,0.03,0.03,0.06,0.01,0.07,0.06,0.07,standard
GER-Bundesliga,2020,Augsburg,Rafał Gikiewicz,POL,GK,32,1987,34,34,3060,34.0,0,0,0,0,0,0,3,0,0.0,0.0,0.0,0.0,0,1,0,0.0,0.0,0.0,0.0,0.0,0.0,0.0,0.0,0.0,0.0,standard
GER-Bundesliga,2020,Augsburg,Rani Khedira,GER,MF,26,1994,27,23,1818,20.2,1,0,1,1,0,0,5,0,1.1,1.1,0.2,1.3,9,56,15,0.05,0.0,0.05,0.05,0.05,0.06,0.01,0.07,0.06,0.07,standard
GER-Bundesliga,2020,Augsburg,Raphael Framberger,GER,DF,24,1995,21,19,1540,17.1,0,1,1,0,0,0,6,1,0.0,0.0,2.0,2.1,48,36,63,0.0,0.06,0.06,0.0,0.06,0.0,0.12,0.12,0.0,0.12,standard
GER-Bundesliga,2020,Augsburg,Reece Oxford,ENG,DF,21,1998,24,13,1358,15.1,0,0,0,0,0,0,2,0,1.2,1.2,0.0,1.2,6,63,1,0.0,0.0,0.0,0.0,0.0,0.08,0.0,0.08,0.08,0.08,standard
GER-Bundesliga,2020,Augsburg,Robert Gumny,POL,DF,22,1998,24,14,1377,15.3,1,0,1,1,0,0,4,0,0.5,0.5,0.6,1.1,24,27,62,0.07,0.0,0.07,0.07,0.07,0.03,0.04,0.07,0.03,0.07,standard
GER-Bundesliga,2020,Augsburg,Ruben Vargas,SUI,"MF,FW",21,1998,30,18,1612,17.9,6,3,9,6,0,0,2,1,4.1,4.1,2.8,7.0,48,61,124,0.33,0.17,0.5,0.33,0.5,0.23,0.16,0.39,0.23,0.39,standard
GER-Bundesliga,2020,Augsburg,Tim Civeja,ALB,MF,18,2002,3,0,34,0.4,0,0,0,0,0,0,0,0,0.0,0.0,0.0,0.0,0,2,0,0.0,0.0,0.0,0.0,0.0,0.0,0.0,0.0,0.0,0.0,standard
GER-Bundesliga,2020,Augsburg,Tobias Strobl,GER,MF,30,1990,29,21,1846,20.5,0,0,0,0,0,0,4,0,0.9,0.9,0.8,1.7,9,81,34,0.0,0.0,0.0,0.0,0.0,0.04,0.04,0.08,0.04,0.08,standard
GER-Bundesliga,2020,Bayern Munich,Alexander Nübel,GER,GK,23,1996,1,1,90,1.0,0,0,0,0,0,0,0,0,0.0,0.0,0.0,0.0,0,0,0,0.0,0.0,0.0,0.0,0.0,0.0,0.0,0.0,0.0,0.0,standard
GER-Bundesliga,2020,Bayern Munich,Alphonso Davies,CAN,DF,19,2000,23,22,1763,19.6,1,2,3,1,0,0,2,1,0.2,0.2,1.9,2.1,80,123,131,0.05,0.1,0.15,0.05,0.15,0.01,0.1,0.11,0.01,0.11,standard
GER-Bundesliga,2020,Bayern Munich,Benjamin Pavard,FRA,DF,24,1996,24,22,1943,21.6,0,0,0,0,0,0,3,0,0.4,0.4,1.3,1.7,49,162,167,0.0,0.0,0.0,0.0,0.0,0.02,0.06,0.08,0.02,0.08,standard
GER-Bundesliga,2020,Bayern Munich,Bouna Sarr,SEN,DF,28,1992,8,5,452,5.0,0,1,1,0,0,0,1,0,0.1,0.1,0.1,0.2,18,32,29,0.0,0.2,0.2,0.0,0.2,0.01,0.02,0.04,0.01,0.04,standard
GER-Bundesliga,2020,Bayern Munich,Chris Richards,USA,DF,20,2000,3,1,89,1.0,0,1,1,0,0,0,0,0,0.0,0.0,0.5,0.5,1,5,10,0.0,1.01,1.01,0.0,1.01,0.0,0.47,0.47,0.0,0.47,standard
GER-Bundesliga,2020,Bayern Munich,Christopher Scott,GER,"MF,FW",18,2002,2,0,34,0.4,0,0,0,0,0,0,0,0,0.0,0.0,0.0,0.0,2,1,3,0.0,0.0,0.0,0.0,0.0,0.08,0.0,0.08,0.08,0.08,standard
GER-Bundesliga,2020,Bayern Munich,Corentin Tolisso,FRA,MF,25,1994,16,7,781,8.7,1,0,1,1,0,0,1,1,2.2,2.2,0.4,2.6,12,68,27,0.12,0.0,0.12,0.12,0.12,0.25,0.05,0.3,0.25,0.3,standard
GER-Bundesliga,2020,Bayern Munich,David Alaba,AUT,"DF,MF",28,1992,32,30,2675,29.7,2,4,6,2,0,0,4,0,1.2,1.2,2.1,3.3,56,242,70,0.07,0.13,0.2,0.07,0.2,0.04,0.07,0.11,0.04,0.11,standard
GER-Bundesliga,2020,Bayern Munich,Douglas Costa,BRA,"FW,MF",29,1990,11,3,320,3.6,1,1,2,1,0,0,0,0,0.2,0.2,0.8,0.9,15,17,40,0.28,0.28,0.56,0.28,0.56,0.04,0.21,0.26,0.04,0.26,standard
GER-Bundesliga,2020,Bayern Munich,Eric Maxim Choupo-Moting,CMR,"FW,MF",31,1989,22,8,820,9.1,3,0,3,3,0,0,2,0,4.7,4.7,1.5,6.1,9,19,63,0.33,0.0,0.33,0.33,0.33,0.51,0.16,0.67,0.51,0.67,standard
GER-Bundesliga,2020,Bayern Munich,Jamal Musiala,GER,"FW,MF",17,2003,26,7,881,9.8,6,1,7,6,0,0,0,0,2.9,2.9,0.7,3.6,29,39,66,0.61,0.1,0.72,0.61,0.72,0.29,0.08,0.37,0.29,0.37,standard
GER-Bundesliga,2020,Bayern Munich,Javi Martínez,ESP,"DF,MF",31,1988,19,4,466,5.2,0,0,0,0,0,0,0,0,0.1,0.1,0.1,0.3,7,36,5,0.0,0.0,0.0,0.0,0.0,0.03,0.03,0.05,0.03,0.05,standard
GER-Bundesliga,2020,Bayern Munich,Joshua Kimmich,GER,MF,25,1995,27,25,2194,24.4,4,10,14,4,0,0,4,0,2.3,2.3,6.7,9.1,54,288,66,0.16,0.41,0.57,0.16,0.57,0.1,0.28,0.37,0.1,0.37,standard
GER-Bundesliga,2020,Bayern Munich,Joshua Zirkzee,NED,FW,19,2001,3,1,92,1.0,0,0,0,0,0,0,0,0,0.2,0.2,0.1,0.3,0,0,3,0.0,0.0,0.0,0.0,0.0,0.23,0.09,0.31,0.23,0.31,standard
GER-Bundesliga,2020,Bayern Munich,Josip Stanišić,CRO,DF,20,2000,1,1,90,1.0,0,0,0,0,0,0,0,0,0.2,0.2,0.0,0.2,0,4,5,0.0,0.0,0.0,0.0,0.0,0.15,0.0,0.15,0.15,0.15,standard
GER-Bundesliga,2020,Bayern Munich,Jérôme Boateng,GER,DF,31,1988,29,29,2368,26.3,1,1,2,1,0,0,6,0,0.4,0.4,0.5,0.9,8,184,7,0.04,0.04,0.08,0.04,0.08,0.01,0.02,0.03,0.01,0.03,standard
GER-Bundesliga,2020,Bayern Munich,Kingsley Coman,FRA,"FW,MF",24,1996,29,23,1752,19.5,5,10,15,5,0,0,1,0,4.2,4.2,6.4,10.6,103,76,268,0.26,0.51,0.77,0.26,0.77,0.21,0.33,0.55,0.21,0.55,standard
GER-Bundesliga,2020,Bayern Munich,Leon Goretzka,GER,MF,25,1995,24,18,1705,18.9,5,5,10,5,0,0,2,0,3.7,3.7,2.8,6.5,45,137,42,0.26,0.26,0.53,0.26,0.53,0.19,0.15,0.34,0.19,0.34,standard
GER-Bundesliga,2020,Bayern Munich,Leroy Sané,GER,"FW,MF",24,1996,32,18,1805,20.1,6,9,15,6,0,0,2,0,5.4,5.4,6.8,12.1,73,84,230,0.3,0.45,0.75,0.3,0.75,0.27,0.34,0.61,0.27,0.61,standard
GER-Bundesliga,2020,Bayern Munich,Lucas Hernández,FRA,DF,24,1996,23,18,1597,17.7,0,2,2,0,0,0,4,0,0.7,0.7,1.8,2.5,42,86,81,0.0,0.11,0.11,0.0,0.11,0.04,0.1,0.14,0.04,0.14,standard
GER-Bundesliga,2020,Bayern Munich,Manuel Neuer,GER,GK,34,1986,33,33,2970,33.0,0,0,0,0,0,0,1,0,0.0,0.0,0.3,0.3,0,5,0,0.0,0.0,0.0,0.0,0.0,0.0,0.01,0.01,0.0,0.01,standard
GER-Bundesliga,2020,Bayern Munich,Marc Roca,ESP,MF,23,1996,6,2,177,2.0,0,0,0,0,0,0,1,0,0.2,0.2,0.0,0.2,1,20,1,0.0,0.0,0.0,0.0,0.0,0.11,0.01,0.12,0.11,0.12,standard
GER-Bundesliga,2020,Bayern Munich,Mickaël Cuisance,FRA,FW,20,1999,1,0,18,0.2,0,0,0,0,0,0,0,0,0.0,0.0,0.0,0.0,1,0,1,0.0,0.0,0.0,0.0,0.0,0.0,0.0,0.0,0.0,0.0,standard
GER-Bundesliga,2020,Bayern Munich,Niklas Süle,GER,DF,24,1995,20,16,1505,16.7,1,0,1,1,0,0,1,0,1.0,1.0,0.3,1.3,36,129,29,0.06,0.0,0.06,0.06,0.06,0.06,0.02,0.08,0.06,0.08,standard
GER-Bundesliga,2020,Bayern Munich,Robert Lewandowski,POL,FW,31,1988,29,28,2458,27.3,41,7,48,33,8,9,4,0,31.3,24.2,4.7,28.8,51,67,185,1.5,0.26,1.76,1.21,1.46,1.14,0.17,1.31,0.88,1.06,standard
GER-Bundesliga,2020,Bayern Munich,Serge Gnabry,GER,"FW,MF",25,1995,27,20,1644,18.3,10,2,12,10,0,0,4,0,8.0,8.0,6.0,14.1,82,93,216,0.55,0.11,0.66,0.55,0.66,0.44,0.33,0.77,0.44,0.77,standard
GER-Bundesliga,2020,Bayern Munich,Tanguy Nianzou,FRA,"DF,FW",18,2002,6,0,118,1.3,0,0,0,0,0,0,1,1,0.0,0.0,0.0,0.0,3,13,0,0.0,0.0,0.0,0.0,0.0,0.0,0.0,0.0,0.0,0.0,standard
GER-Bundesliga,2020,Bayern Munich,Thomas Müller,GER,MF,30,1989,32,31,2674,29.7,11,19,30,10,1,1,0,0,8.2,7.4,10.0,17.4,51,151,325,0.37,0.64,1.01,0.34,0.98,0.27,0.34,0.61,0.25,0.59,standard
GER-Bundesliga,2020,Bayern Munich,Tiago Dantas,POR,MF,19,2000,2,1,69,0.8,0,0,0,0,0,0,0,0,0.0,0.0,0.1,0.1,1,3,3,0.0,0.0,0.0,0.0,0.0,0.0,0.15,0.15,0.0,0.15,standard
GER-Bundesliga,2020,Dortmund,Ansgar Knauff,GER,"MF,FW",18,2002,4,0,71,0.8,1,1,2,1,0,0,0,0,0.1,0.1,1.1,1.2,9,2,7,1.27,1.27,2.54,1.27,2.54,0.1,1.38,1.48,0.1,1.48,standard
GER-Bundesliga,2020,Dortmund,Axel Witsel,BEL,MF,31,1989,15,13,1130,12.6,0,0,0,0,0,0,4,0,0.6,0.6,0.4,1.0,10,72,23,0.0,0.0,0.0,0.0,0.0,0.05,0.03,0.08,0.05,0.08,standard
GER-Bundesliga,2020,Dortmund,Dan-Axel Zagadou,FRA,DF,21,1999,9,3,276,3.1,0,0,0,0,0,0,0,0,0.0,0.0,0.0,0.1,1,7,1,0.0,0.0,0.0,0.0,0.0,0.02,0.01,0.02,0.02,0.02,standard
GER-Bundesliga,2020,Dortmund,Emre Can,GER,"DF,MF",26,1994,28,23,2133,23.7,1,4,5,1,0,0,5,0,1.0,1.0,2.9,3.9,53,133,32,0.04,0.17,0.21,0.04,0.21,0.04,0.12,0.17,0.04,0.17,standard
GER-Bundesliga,2020,Dortmund,Erling Haaland,NOR,FW,20,2000,28,27,2407,26.7,27,6,33,25,2,4,2,0,23.5,20.3,3.5,23.8,47,39,157,1.01,0.22,1.23,0.93,1.16,0.88,0.13,1.01,0.76,0.89,standard
GER-Bundesliga,2020,Dortmund,Felix Passlack,GER,DF,22,1998,7,3,362,4.0,1,0,1,1,0,0,0,0,0.6,0.6,0.2,0.9,15,14,22,0.25,0.0,0.25,0.25,0.25,0.16,0.06,0.21,0.16,0.21,standard
GER-Bundesliga,2020,Dortmund,Gio Reyna,USA,"MF,FW",17,2002,32,23,1976,22.0,4,5,9,4,0,0,1,0,4.1,4.1,5.2,9.2,65,64,215,0.18,0.23,0.41,0.18,0.41,0.18,0.24,0.42,0.18,0.42,standard
GER-Bundesliga,2020,Dortmund,Jadon Sancho,ENG,"FW,MF",20,2000,26,24,2062,22.9,8,11,19,7,1,1,0,0,6.6,5.8,7.7,13.5,114,178,276,0.35,0.48,0.83,0.31,0.79,0.29,0.34,0.62,0.25,0.59,standard
GER-Bundesliga,2020,Dortmund,Jude Bellingham,ENG,MF,17,2003,29,19,1697,18.9,1,3,4,1,0,0,6,1,2.5,2.5,3.2,5.8,28,93,80,0.05,0.16,0.21,0.05,0.21,0.13,0.17,0.31,0.13,0.31,standard
GER-Bundesliga,2020,Dortmund,Julian Brandt,GER,"FW,MF",24,1996,31,17,1495,16.6,3,2,5,3,0,0,0,0,2.2,2.2,2.3,4.6,39,102,142,0.18,0.12,0.3,0.18,0.3,0.14,0.14,0.28,0.14,0.28,standard
GER-Bundesliga,2020,Dortmund,Mahmoud Dahoud,GER,MF,24,1996,21,15,1258,14.0,1,1,2,1,0,0,2,0,0.6,0.6,1.4,2.0,21,93,30,0.07,0.07,0.14,0.07,0.14,0.04,0.1,0.14,0.04,0.14,standard
GER-Bundesliga,2020,Dortmund,Manuel Akanji,SUI,DF,25,1995,28,26,2350,26.1,2,0,2,2,0,0,4,0,1.7,1.7,0.3,2.0,26,159,7,0.08,0.0,0.08,0.08,0.08,0.06,0.01,0.08,0.06,0.08,standard
GER-Bundesliga,2020,Dortmund,Marco Reus,GER,"MF,FW",31,1989,32,27,2279,25.3,8,6,14,8,0,2,1,0,10.2,7.5,7.0,14.5,61,107,208,0.32,0.24,0.55,0.32,0.55,0.4,0.28,0.68,0.3,0.57,standard
GER-Bundesliga,2020,Dortmund,Marwin Hitz,SUI,GK,32,1987,16,16,1395,15.5,0,0,0,0,0,0,1,0,0.0,0.0,0.0,0.0,0,0,0,0.0,0.0,0.0,0.0,0.0,0.0,0.0,0.0,0.0,0.0,standard
GER-Bundesliga,2020,Dortmund,Mateu Morey,ESP,DF,20,2000,13,10,829,9.2,0,2,2,0,0,0,1,0,0.1,0.1,1.0,1.2,23,43,53,0.0,0.22,0.22,0.0,0.22,0.01,0.11,0.12,0.01,0.12,standard
GER-Bundesliga,2020,Dortmund,Mats Hummels,GER,DF,31,1988,33,32,2813,31.3,5,0,5,5,0,0,6,0,4.6,4.6,0.8,5.4,17,149,7,0.16,0.0,0.16,0.16,0.16,0.15,0.03,0.17,0.15,0.17,standard
GER-Bundesliga,2020,Dortmund,Nico Schulz,GER,DF,27,1993,13,6,610,6.8,0,0,0,0,0,0,1,0,0.1,0.1,0.4,0.5,23,30,36,0.0,0.0,0.0,0.0,0.0,0.01,0.06,0.07,0.01,0.07,standard
GER-Bundesliga,2020,Dortmund,Raphaël Guerreiro,POR,DF,26,1993,27,25,2218,24.6,5,10,15,5,0,0,1,0,3.8,3.8,7.4,11.2,86,243,169,0.2,0.41,0.61,0.2,0.61,0.15,0.3,0.45,0.15,0.45,standard
GER-Bundesliga,2020,Dortmund,Reinier,BRA,"MF,FW",18,2002,14,1,257,2.9,1,1,2,1,0,0,0,0,0.5,0.5,0.3,0.7,7,5,11,0.35,0.35,0.7,0.35,0.7,0.17,0.09,0.26,0.17,0.26,standard
GER-Bundesliga,2020,Dortmund,Roman Bürki,SUI,GK,29,1990,19,18,1665,18.5,0,0,0,0,0,0,0,0,0.0,0.0,0.0,0.0,0,1,0,0.0,0.0,0.0,0.0,0.0,0.0,0.0,0.0,0.0,0.0,standard
GER-Bundesliga,2020,Dortmund,Steffen Tigges,GER,"FW,DF",22,1998,6,0,56,0.6,0,0,0,0,0,0,0,0,0.1,0.1,0.0,0.2,0,3,2,0.0,0.0,0.0,0.0,0.0,0.23,0.05,0.28,0.23,0.28,standard
GER-Bundesliga,2020,Dortmund,Thomas Delaney,DEN,MF,28,1991,20,14,1286,14.3,1,1,2,1,0,0,6,0,0.6,0.6,0.2,0.7,5,58,19,0.07,0.07,0.14,0.07,0.14,0.04,0.01,0.05,0.04,0.05,standard
GER-Bundesliga,2020,Dortmund,Thomas Meunier,BEL,DF,28,1991,21,17,1472,16.4,1,1,2,1,0,0,3,0,1.0,1.0,1.5,2.4,77,92,128,0.06,0.06,0.12,0.06,0.12,0.06,0.09,0.15,0.06,0.15,standard
GER-Bundesliga,2020,Dortmund,Thorgan Hazard,BEL,"MF,FW",27,1993,16,8,654,7.3,1,3,4,1,0,0,0,0,0.8,0.8,3.5,4.3,20,31,56,0.14,0.41,0.55,0.14,0.55,0.11,0.48,0.59,0.11,0.59,standard
GER-Bundesliga,2020,Dortmund,Youssoufa Moukoko,GER,"FW,MF",15,2004,14,2,422,4.7,3,0,3,3,0,0,0,0,2.2,2.2,0.8,3.0,6,7,43,0.64,0.0,0.64,0.64,0.64,0.47,0.18,0.65,0.47,0.65,standard
GER-Bundesliga,2020,Dortmund,Łukasz Piszczek,POL,DF,35,1985,11,5,455,5.1,0,0,0,0,0,0,0,0,0.0,0.0,0.2,0.2,10,20,10,0.0,0.0,0.0,0.0,0.0,0.01,0.04,0.05,0.01,0.05,standard
GER-Bundesliga,2020,Eint Frankfurt,Ajdin Hrustic,AUS,"MF,DF",24,1996,11,1,272,3.0,1,0,1,1,0,0,2,0,0.3,0.3,0.1,0.5,9,28,9,0.33,0.0,0.33,0.33,0.33,0.11,0.05,0.16,0.11,0.16,standard
GER-Bundesliga,2020,Eint Frankfurt,Almamy Touré,MLI,DF,24,1996,17,8,704,7.8,1,1,2,1,0,0,2,0,1.9,1.9,2.0,3.9,17,27,70,0.13,0.13,0.26,0.13,0.26,0.24,0.26,0.49,0.24,0.49,standard
GER-Bundesliga,2020,Eint Frankfurt,Amin Younes,GER,MF,26,1993,26,16,1391,15.5,3,3,6,3,0,0,5,0,2.8,2.8,1.6,4.5,61,98,119,0.19,0.19,0.39,0.19,0.39,0.18,0.11,0.29,0.18,0.29,standard
GER-Bundesliga,2020,Eint Frankfurt,André Silva,POR,FW,24,1995,32,32,2760,30.7,28,7,35,21,7,7,1,0,25.6,20.1,4.7,24.8,46,67,255,0.91,0.23,1.14,0.68,0.91,0.83,0.15,0.99,0.65,0.81,standard
GER-Bundesliga,2020,Eint Frankfurt,Aymen Barkok,MAR,"MF,DF",22,1998,26,9,977,10.9,2,3,5,2,0,0,5,0,1.9,1.9,3.2,5.0,30,46,76,0.18,0.28,0.46,0.18,0.46,0.17,0.29,0.47,0.17,0.47,standard
GER-Bundesliga,2020,Eint Frankfurt,Bas Dost,NED,FW,31,1989,12,9,817,9.1,4,2,6,3,1,1,3,0,4.0,3.2,2.6,5.8,3,30,40,0.44,0.22,0.66,0.33,0.55,0.44,0.29,0.73,0.35,0.64,standard
GER-Bundesliga,2020,Eint Frankfurt,Daichi Kamada,JPN,MF,23,1996,32,28,2356,26.2,5,12,17,5,0,0,3,0,5.6,5.6,7.5,13.1,63,124,210,0.19,0.46,0.65,0.19,0.65,0.21,0.29,0.5,0.21,0.5,standard
GER-Bundesliga,2020,Eint Frankfurt,Danny da Costa,GER,DF,27,1993,6,1,110,1.2,0,0,0,0,0,0,0,0,0.2,0.2,0.0,0.2,4,5,7,0.0,0.0,0.0,0.0,0.0,0.13,0.0,0.13,0.13,0.13,standard
GER-Bundesliga,2020,Eint Frankfurt,David Abraham,ARG,DF,34,1986,14,14,1222,13.6,1,0,1,1,0,0,5,1,0.6,0.6,0.4,1.0,12,55,21,0.07,0.0,0.07,0.07,0.07,0.04,0.03,0.07,0.04,0.07,standard
GER-Bundesliga,2020,Eint Frankfurt,Djibril Sow,SUI,MF,23,1997,28,25,2175,24.2,0,2,2,0,0,0,6,0,0.5,0.5,1.2,1.7,41,119,45,0.0,0.08,0.08,0.0,0.08,0.02,0.05,0.07,0.02,0.07,standard
GER-Bundesliga,2020,Eint Frankfurt,Dominik Kohr,GER,"MF,DF",26,1994,7,2,260,2.9,0,0,0,0,0,0,1,0,1.0,1.0,0.0,1.0,6,24,12,0.0,0.0,0.0,0.0,0.0,0.35,0.01,0.36,0.35,0.36,standard
GER-Bundesliga,2020,Eint Frankfurt,Elias Bördner,GER,GK,18,2002,1,1,90,1.0,0,0,0,0,0,0,0,0,0.0,0.0,0.0,0.0,0,0,0,0.0,0.0,0.0,0.0,0.0,0.0,0.0,0.0,0.0,0.0,standard
GER-Bundesliga,2020,Eint Frankfurt,Erik Durm,GER,DF,28,1992,21,19,1480,16.4,1,2,3,1,0,0,1,0,1.4,1.4,1.9,3.3,25,47,90,0.06,0.12,0.18,0.06,0.18,0.09,0.11,0.2,0.09,0.2,standard
GER-Bundesliga,2020,Eint Frankfurt,Filip Kostić,SRB,DF,27,1992,30,29,2534,28.2,4,14,18,4,0,0,4,0,4.4,4.4,12.8,17.2,124,108,288,0.14,0.5,0.64,0.14,0.64,0.16,0.45,0.61,0.16,0.61,standard
GER-Bundesliga,2020,Eint Frankfurt,Kevin Trapp,GER,GK,30,1990,33,33,2970,33.0,0,0,0,0,0,0,0,0,0.0,0.0,0.0,0.0,0,0,0,0.0,0.0,0.0,0.0,0.0,0.0,0.0,0.0,0.0,0.0,standard
GER-Bundesliga,2020,Eint Frankfurt,Luka Jović,SRB,FW,22,1997,18,8,894,9.9,4,1,5,4,0,0,2,0,2.9,2.9,0.7,3.6,15,37,62,0.4,0.1,0.5,0.4,0.5,0.29,0.07,0.36,0.29,0.36,standard
GER-Bundesliga,2020,Eint Frankfurt,Makoto Hasebe,JPN,"DF,MF",36,1984,29,26,2288,25.4,0,0,0,0,0,0,5,0,0.1,0.1,0.3,0.4,28,167,13,0.0,0.0,0.0,0.0,0.0,0.0,0.01,0.01,0.0,0.01,standard
GER-Bundesliga,2020,Eint Frankfurt,Martin Hinteregger,AUT,DF,27,1992,29,29,2527,28.1,2,1,3,2,0,0,4,0,2.4,2.4,1.2,3.5,23,152,18,0.07,0.04,0.11,0.07,0.11,0.08,0.04,0.13,0.08,0.13,standard
GER-Bundesliga,2020,Eint Frankfurt,Obite N'Dicka,CIV,DF,20,1999,23,23,2044,22.7,3,1,4,3,0,0,10,0,1.4,1.4,0.4,1.8,43,95,29,0.13,0.04,0.18,0.13,0.18,0.06,0.02,0.08,0.06,0.08,standard
GER-Bundesliga,2020,Eint Frankfurt,Ragnar Ache,GER,"FW,DF",22,1998,7,0,100,1.1,1,0,1,1,0,0,1,0,0.1,0.1,0.0,0.1,3,3,12,0.9,0.0,0.9,0.9,0.9,0.13,0.0,0.13,0.13,0.13,standard
GER-Bundesliga,2020,Eint Frankfurt,Sebastian Rode,GER,MF,29,1990,27,19,1625,18.1,1,0,1,1,0,0,10,0,0.1,0.1,1.1,1.2,36,112,34,0.06,0.0,0.06,0.06,0.06,0.0,0.06,0.07,0.0,0.07,standard
GER-Bundesliga,2020,Eint Frankfurt,Stefan Ilsanker,AUT,"MF,DF",31,1989,27,17,1578,17.5,1,0,1,1,0,0,4,0,1.3,1.3,0.2,1.5,14,77,13,0.06,0.0,0.06,0.06,0.06,0.07,0.01,0.09,0.07,0.09,standard
GER-Bundesliga,2020,Eint Frankfurt,Steven Zuber,SUI,"DF,MF",28,1991,20,6,585,6.5,0,3,3,0,0,0,1,0,0.5,0.5,2.2,2.8,23,21,51,0.0,0.46,0.46,0.0,0.46,0.08,0.35,0.43,0.08,0.43,standard
GER-Bundesliga,2020,Eint Frankfurt,Timothy Chandler,USA,DF,30,1990,15,3,432,4.8,1,0,1,1,0,0,2,0,0.8,0.8,0.2,1.0,14,19,45,0.21,0.0,0.21,0.21,0.21,0.16,0.05,0.22,0.16,0.22,standard
GER-Bundesliga,2020,Eint Frankfurt,Tuta,BRA,DF,21,1999,19,16,1459,16.2,0,0,0,0,0,0,5,0,0.2,0.2,0.2,0.4,24,87,15,0.0,0.0,0.0,0.0,0.0,0.01,0.01,0.03,0.01,0.03,standard
GER-Bundesliga,2020,Freiburg,Amir Abrashi,ALB,"MF,DF",30,1990,5,0,60,0.7,0,0,0,0,0,0,0,0,0.0,0.0,0.0,0.0,1,0,1,0.0,0.0,0.0,0.0,0.0,0.0,0.0,0.0,0.0,0.0,standard
GER-Bundesliga,2020,Freiburg,Baptiste Santamaria,FRA,MF,25,1995,30,28,2209,24.5,1,2,3,1,0,0,5,0,2.2,2.2,1.4,3.7,30,96,58,0.04,0.08,0.12,0.04,0.12,0.09,0.06,0.15,0.09,0.15,standard
GER-Bundesliga,2020,Freiburg,Christian Günter,GER,"DF,MF",27,1993,34,34,3060,34.0,3,3,6,3,0,0,2,0,1.0,1.0,5.9,6.9,67,115,188,0.09,0.09,0.18,0.09,0.18,0.03,0.17,0.2,0.03,0.2,standard
GER-Bundesliga,2020,Freiburg,Dominique Heintz,GER,DF,26,1993,21,14,1369,15.2,0,0,0,0,0,0,3,0,0.2,0.2,0.3,0.5,11,78,4,0.0,0.0,0.0,0.0,0.0,0.01,0.02,0.03,0.01,0.03,standard
GER-Bundesliga,2020,Freiburg,Ermedin Demirović,BIH,FW,22,1998,30,19,1498,16.6,5,6,11,5,0,0,7,0,4.9,4.9,4.3,9.3,16,39,88,0.3,0.36,0.66,0.3,0.66,0.3,0.26,0.56,0.3,0.56,standard
GER-Bundesliga,2020,Freiburg,Florian Müller,GER,GK,22,1997,31,31,2790,31.0,0,0,0,0,0,0,0,0,0.0,0.0,0.0,0.0,0,0,0,0.0,0.0,0.0,0.0,0.0,0.0,0.0,0.0,0.0,0.0,standard
GER-Bundesliga,2020,Freiburg,Guus Til,NED,FW,22,1997,7,1,125,1.4,0,0,0,0,0,0,1,0,0.7,0.7,0.0,0.7,3,0,15,0.0,0.0,0.0,0.0,0.0,0.48,0.03,0.51,0.48,0.51,standard
GER-Bundesliga,2020,Freiburg,Janik Haberer,GER,"MF,FW",26,1994,14,5,486,5.4,0,0,0,0,0,0,0,0,0.9,0.9,0.1,1.0,8,19,23,0.0,0.0,0.0,0.0,0.0,0.17,0.01,0.18,0.17,0.18,standard
GER-Bundesliga,2020,Freiburg,Jeong Woo-yeong,KOR,"FW,MF",20,1999,26,7,823,9.1,4,0,4,4,0,0,0,0,1.3,1.3,1.1,2.4,28,46,78,0.44,0.0,0.44,0.44,0.44,0.14,0.12,0.27,0.14,0.27,standard
GER-Bundesliga,2020,Freiburg,Jonathan Schmid,FRA,"MF,DF",30,1990,31,27,2393,26.6,2,2,4,2,0,0,4,0,1.1,1.1,2.4,3.5,49,130,122,0.08,0.08,0.15,0.08,0.15,0.04,0.09,0.13,0.04,0.13,standard
GER-Bundesliga,2020,Freiburg,Keven Schlotterbeck,GER,DF,23,1997,24,18,1654,18.4,0,0,0,0,0,0,3,0,0.5,0.5,0.1,0.5,2,56,6,0.0,0.0,0.0,0.0,0.0,0.02,0.0,0.03,0.02,0.03,standard
GER-Bundesliga,2020,Freiburg,Kwon Chang-hoon,KOR,"MF,FW",26,1994,12,1,216,2.4,0,0,0,0,0,0,2,0,0.2,0.2,0.1,0.3,3,6,24,0.0,0.0,0.0,0.0,0.0,0.07,0.05,0.12,0.07,0.12,standard
GER-Bundesliga,2020,Freiburg,Lino Tempelmann,GER,MF,21,1999,10,2,270,3.0,0,0,0,0,0,0,2,0,0.2,0.2,0.0,0.2,3,8,4,0.0,0.0,0.0,0.0,0.0,0.06,0.01,0.06,0.06,0.06,standard
GER-Bundesliga,2020,Freiburg,Lucas Höler,GER,"FW,MF",26,1994,33,22,2089,23.2,4,4,8,4,0,0,5,0,8.5,8.5,2.8,11.3,57,46,148,0.17,0.17,0.34,0.17,0.34,0.37,0.12,0.49,0.37,0.49,standard
GER-Bundesliga,2020,Freiburg,Lukas Kübler,GER,"DF,MF",27,1992,19,11,884,9.8,0,1,1,0,0,0,2,0,0.1,0.1,0.5,0.5,7,37,24,0.0,0.1,0.1,0.0,0.1,0.01,0.05,0.06,0.01,0.06,standard
GER-Bundesliga,2020,Freiburg,Manuel Gulde,GER,DF,29,1991,27,22,1954,21.7,2,0,2,2,0,0,3,0,0.8,0.8,0.0,0.8,9,54,7,0.09,0.0,0.09,0.09,0.09,0.04,0.0,0.04,0.04,0.04,standard
GER-Bundesliga,2020,Freiburg,Mark Flekken,NED,GK,27,1993,3,3,270,3.0,0,0,0,0,0,0,0,0,0.0,0.0,0.0,0.0,0,0,0,0.0,0.0,0.0,0.0,0.0,0.0,0.0,0.0,0.0,0.0,standard
GER-Bundesliga,2020,Freiburg,Nicolas Höfler,GER,MF,30,1990,31,30,2729,30.3,1,3,4,1,0,0,11,0,1.5,1.5,1.3,2.8,26,122,14,0.03,0.1,0.13,0.03,0.13,0.05,0.04,0.09,0.05,0.09,standard
GER-Bundesliga,2020,Freiburg,Nils Petersen,GER,FW,31,1988,32,12,1301,14.5,8,0,8,7,1,1,0,0,6.3,5.5,0.5,6.0,4,16,60,0.55,0.0,0.55,0.48,0.48,0.44,0.04,0.47,0.38,0.42,standard
GER-Bundesliga,2020,Freiburg,Nishan Burkart,SUI,MF,20,2000,1,0,15,0.2,0,0,0,0,0,0,0,0,0.0,0.0,0.0,0.0,0,1,3,0.0,0.0,0.0,0.0,0.0,0.0,0.0,0.0,0.0,0.0,standard
GER-Bundesliga,2020,Freiburg,Philipp Lienhart,AUT,DF,24,1996,34,34,2993,33.3,4,0,4,4,0,0,4,0,1.9,1.9,0.2,2.0,16,76,7,0.12,0.0,0.12,0.12,0.12,0.06,0.01,0.06,0.06,0.06,standard
GER-Bundesliga,2020,Freiburg,Roland Sallai,HUN,"MF,FW",23,1997,28,22,1661,18.5,8,3,11,7,1,1,5,0,6.4,5.6,1.4,7.0,54,65,118,0.43,0.16,0.6,0.38,0.54,0.35,0.07,0.42,0.3,0.38,standard
GER-Bundesliga,2020,Freiburg,Vincenzo Grifo,ITA,"MF,FW",27,1993,31,27,2313,25.7,9,10,19,5,4,4,2,0,8.1,4.9,7.1,12.0,68,135,153,0.35,0.39,0.74,0.19,0.58,0.31,0.27,0.59,0.19,0.47,standard
GER-Bundesliga,2020,Freiburg,Yannik Keitel,GER,MF,20,2000,12,4,498,5.5,0,0,0,0,0,0,1,0,0.3,0.3,0.1,0.4,1,25,10,0.0,0.0,0.0,0.0,0.0,0.05,0.03,0.07,0.05,0.07,standard
GER-Bundesliga,2020,Gladbach,Alassane Pléa,FRA,FW,27,1993,29,19,1803,20.0,6,1,7,6,0,0,2,0,5.7,5.7,4.6,10.4,55,75,178,0.3,0.05,0.35,0.3,0.35,0.29,0.23,0.52,0.29,0.52,standard
GER-Bundesliga,2020,Gladbach,Breel Embolo,SUI,"FW,MF",23,1997,31,16,1440,16.0,5,2,7,5,0,0,4,0,7.7,7.7,1.3,9.0,37,31,124,0.31,0.12,0.44,0.31,0.44,0.48,0.08,0.56,0.48,0.56,standard
GER-Bundesliga,2020,Gladbach,Christoph Kramer,GER,MF,29,1991,28,23,2033,22.6,0,2,2,0,0,0,5,0,0.3,0.3,1.0,1.3,20,113,17,0.0,0.09,0.09,0.0,0.09,0.01,0.04,0.06,0.01,0.06,standard
GER-Bundesliga,2020,Gladbach,Denis Zakaria,SUI,"MF,DF",23,1996,25,15,1419,15.8,1,1,2,1,0,0,5,0,1.5,1.5,1.1,2.5,29,57,27,0.06,0.06,0.13,0.06,0.13,0.09,0.07,0.16,0.09,0.16,standard
GER-Bundesliga,2020,Gladbach,Florian Neuhaus,GER,MF,23,1997,33,30,2622,29.1,6,5,11,6,0,0,9,0,2.7,2.7,2.9,5.6,63,201,57,0.21,0.17,0.38,0.21,0.38,0.09,0.1,0.19,0.09,0.19,standard
GER-Bundesliga,2020,Gladbach,Hannes Wolf,AUT,"MF,FW",21,1999,32,14,1378,15.3,3,2,5,3,0,0,2,0,1.8,1.8,2.5,4.3,34,56,102,0.2,0.13,0.33,0.2,0.33,0.12,0.16,0.28,0.12,0.28,standard
GER-Bundesliga,2020,Gladbach,Ibrahima Traoré,GUI,"FW,DF",32,1988,7,1,98,1.1,0,0,0,0,0,0,0,0,0.0,0.0,0.2,0.2,2,2,8,0.0,0.0,0.0,0.0,0.0,0.0,0.22,0.22,0.0,0.22,standard
GER-Bundesliga,2020,Gladbach,Jonas Hofmann,GER,"FW,MF",28,1992,24,21,1817,20.2,6,11,17,3,3,3,1,0,4.9,2.5,5.3,7.9,46,73,106,0.3,0.54,0.84,0.15,0.69,0.24,0.26,0.51,0.13,0.39,standard
GER-Bundesliga,2020,Gladbach,Jordan Beyer,GER,DF,20,2000,4,2,188,2.1,0,0,0,0,0,0,0,0,0.0,0.0,0.0,0.0,1,5,2,0.0,0.0,0.0,0.0,0.0,0.0,0.0,0.0,0.0,0.0,standard
GER-Bundesliga,2020,Gladbach,Lars Stindl,GER,"MF,FW",31,1988,30,23,1961,21.8,14,8,22,8,6,7,6,0,10.1,4.6,4.8,9.4,22,116,111,0.64,0.37,1.01,0.37,0.73,0.46,0.22,0.68,0.21,0.43,standard
GER-Bundesliga,2020,Gladbach,László Bénes,SVK,MF,22,1997,7,1,150,1.7,0,1,1,0,0,0,0,0,0.1,0.1,0.2,0.3,2,7,6,0.0,0.6,0.6,0.0,0.6,0.03,0.14,0.17,0.03,0.17,standard
GER-Bundesliga,2020,Gladbach,Marcus Thuram,FRA,"FW,MF",22,1997,29,20,1731,19.2,8,3,11,8,0,0,3,1,8.1,8.1,2.4,10.5,77,44,162,0.42,0.16,0.57,0.42,0.57,0.42,0.13,0.55,0.42,0.55,standard
GER-Bundesliga,2020,Gladbach,Matthias Ginter,GER,DF,26,1994,34,34,3060,34.0,2,1,3,2,0,0,2,0,1.4,1.4,1.8,3.2,47,178,21,0.06,0.03,0.09,0.06,0.09,0.04,0.05,0.09,0.04,0.09,standard
GER-Bundesliga,2020,Gladbach,Nico Elvedi,SUI,DF,23,1996,29,29,2536,28.2,3,1,4,3,0,0,1,0,1.7,1.7,0.1,1.8,10,69,3,0.11,0.04,0.14,0.11,0.14,0.06,0.0,0.06,0.06,0.06,standard
GER-Bundesliga,2020,Gladbach,Oscar Wendt,SWE,DF,34,1985,22,15,1254,13.9,1,1,2,1,0,0,3,0,1.0,1.0,0.9,1.9,6,47,52,0.07,0.07,0.14,0.07,0.14,0.07,0.06,0.13,0.07,0.13,standard
GER-Bundesliga,2020,Gladbach,Patrick Herrmann,GER,"FW,MF",29,1991,27,9,876,9.7,0,3,3,0,0,0,3,0,2.3,2.3,2.5,4.9,23,24,80,0.0,0.31,0.31,0.0,0.31,0.24,0.26,0.5,0.24,0.5,standard
GER-Bundesliga,2020,Gladbach,Ramy Bensebaini,ALG,DF,25,1995,25,20,1811,20.1,4,0,4,3,1,1,7,0,2.3,1.6,1.2,2.7,27,83,64,0.2,0.0,0.2,0.15,0.15,0.12,0.06,0.17,0.08,0.14,standard
GER-Bundesliga,2020,Gladbach,Rocco Reitz,GER,MF,18,2002,2,1,60,0.7,0,0,0,0,0,0,1,0,0.0,0.0,0.1,0.1,0,6,0,0.0,0.0,0.0,0.0,0.0,0.0,0.17,0.17,0.0,0.17,standard
GER-Bundesliga,2020,Gladbach,Stefan Lainer,AUT,DF,27,1992,33,31,2768,30.8,2,2,4,2,0,0,2,0,1.8,1.8,3.1,5.0,79,136,171,0.07,0.07,0.13,0.07,0.13,0.06,0.1,0.16,0.06,0.16,standard
GER-Bundesliga,2020,Gladbach,Tobias Sippel,GER,GK,32,1988,4,3,344,3.8,0,0,0,0,0,0,0,0,0.0,0.0,0.0,0.0,0,0,0,0.0,0.0,0.0,0.0,0.0,0.0,0.0,0.0,0.0,0.0,standard
GER-Bundesliga,2020,Gladbach,Tony Jantschke,GER,DF,30,1990,8,3,269,3.0,0,0,0,0,0,0,1,0,0.2,0.2,0.0,0.2,0,16,1,0.0,0.0,0.0,0.0,0.0,0.05,0.0,0.05,0.05,0.05,standard
GER-Bundesliga,2020,Gladbach,Valentino Lazaro,AUT,"DF,FW",24,1996,22,13,1240,13.8,2,0,2,2,0,0,3,0,2.3,2.3,1.2,3.4,33,30,71,0.15,0.0,0.15,0.15,0.15,0.16,0.08,0.25,0.16,0.25,standard
GER-Bundesliga,2020,Gladbach,Yann Sommer,SUI,GK,31,1988,31,31,2712,30.1,0,0,0,0,0,0,1,1,0.0,0.0,0.0,0.0,0,2,0,0.0,0.0,0.0,0.0,0.0,0.0,0.0,0.0,0.0,0.0,standard
GER-Bundesliga,2020,Hertha BSC,Alexander Schwolow,GER,GK,28,1992,26,26,2340,26.0,0,0,0,0,0,0,0,0,0.0,0.0,0.0,0.0,0,1,0,0.0,0.0,0.0,0.0,0.0,0.0,0.0,0.0,0.0,0.0,standard
GER-Bundesliga,2020,Hertha BSC,Arne Maier,GER,MF,21,1999,2,0,30,0.3,0,0,0,0,0,0,0,0,0.0,0.0,0.1,0.1,0,3,0,0.0,0.0,0.0,0.0,0.0,0.0,0.24,0.24,0.0,0.24,standard
GER-Bundesliga,2020,Hertha BSC,Daishawn Redan,NED,"FW,MF",19,2001,7,0,102,1.1,0,0,0,0,0,0,0,0,0.7,0.7,0.0,0.7,5,4,10,0.0,0.0,0.0,0.0,0.0,0.58,0.02,0.6,0.58,0.6,standard
GER-Bundesliga,2020,Hertha BSC,Dedryck Boyata,BEL,DF,29,1990,19,17,1545,17.2,1,0,1,1,0,0,3,0,0.6,0.6,0.8,1.4,2,44,3,0.06,0.0,0.06,0.06,0.06,0.04,0.04,0.08,0.04,0.08,standard
GER-Bundesliga,2020,Hertha BSC,Deyovaisio Zeefuik,NED,"DF,FW",22,1998,22,10,905,10.1,1,0,1,1,0,0,4,1,0.2,0.2,1.1,1.2,23,31,51,0.1,0.0,0.1,0.1,0.1,0.02,0.1,0.12,0.02,0.12,standard
GER-Bundesliga,2020,Hertha BSC,Dodi Lukebakio,BEL,"FW,MF",22,1997,29,21,1855,20.6,5,5,10,3,2,2,4,1,6.9,5.3,2.8,8.1,49,39,124,0.24,0.24,0.49,0.15,0.39,0.34,0.13,0.47,0.26,0.39,standard
GER-Bundesliga,2020,Hertha BSC,Eduard Löwen,GER,"MF,DF",23,1997,7,1,85,0.9,0,0,0,0,0,0,0,0,0.0,0.0,0.0,0.0,3,5,4,0.0,0.0,0.0,0.0,0.0,0.04,0.0,0.04,0.04,0.04,standard
GER-Bundesliga,2020,Hertha BSC,Javairô Dilrosun,NED,"FW,MF",22,1998,12,5,529,5.9,0,1,1,0,0,0,0,0,0.4,0.4,0.3,0.7,16,18,40,0.0,0.17,0.17,0.0,0.17,0.07,0.05,0.12,0.07,0.12,standard
GER-Bundesliga,2020,Hertha BSC,Jessic Ngankam,GER,FW,20,2000,15,2,296,3.3,2,0,2,2,0,0,1,0,0.4,0.4,0.1,0.5,3,1,12,0.61,0.0,0.61,0.61,0.61,0.12,0.03,0.14,0.12,0.14,standard
GER-Bundesliga,2020,Hertha BSC,Jhon Córdoba,COL,FW,27,1993,21,17,1537,17.1,7,1,8,7,0,0,3,0,6.9,6.9,1.6,8.5,22,16,97,0.41,0.06,0.47,0.41,0.47,0.41,0.09,0.5,0.41,0.5,standard
GER-Bundesliga,2020,Hertha BSC,Jonas Dirkner,GER,MF,18,2002,1,0,16,0.2,0,0,0,0,0,0,0,0,0.0,0.0,0.0,0.0,0,0,0,0.0,0.0,0.0,0.0,0.0,0.0,0.0,0.0,0.0,0.0,standard
GER-Bundesliga,2020,Hertha BSC,Jonas Michelbrink,GER,MF,19,2001,2,0,39,0.4,0,0,0,0,0,0,1,0,0.0,0.0,0.0,0.0,2,2,2,0.0,0.0,0.0,0.0,0.0,0.0,0.0,0.0,0.0,0.0,standard
GER-Bundesliga,2020,Hertha BSC,Jordan Torunarigha,GER,DF,22,1997,14,11,969,10.8,0,0,0,0,0,0,5,0,0.2,0.2,0.4,0.6,10,44,9,0.0,0.0,0.0,0.0,0.0,0.02,0.04,0.06,0.02,0.06,standard
GER-Bundesliga,2020,Hertha BSC,Krzysztof Piątek,POL,FW,25,1995,32,18,1630,18.1,7,1,8,7,0,1,4,0,6.4,5.6,1.1,6.6,18,21,105,0.39,0.06,0.44,0.39,0.44,0.35,0.06,0.41,0.31,0.37,standard
GER-Bundesliga,2020,Hertha BSC,Luca Netz,GER,"DF,FW",17,2003,11,2,309,3.4,1,0,1,1,0,0,0,0,0.7,0.7,0.1,0.8,12,9,24,0.29,0.0,0.29,0.29,0.29,0.21,0.03,0.24,0.21,0.24,standard
GER-Bundesliga,2020,Hertha BSC,Lucas Tousart,FRA,MF,23,1997,26,25,2090,23.2,1,0,1,1,0,0,7,0,1.5,1.5,1.6,3.0,24,84,23,0.04,0.0,0.04,0.04,0.04,0.06,0.07,0.13,0.06,0.13,standard
GER-Bundesliga,2020,Hertha BSC,Lukas Klünter,GER,DF,24,1996,11,11,990,11.0,0,0,0,0,0,0,0,0,0.0,0.0,0.3,0.3,14,36,15,0.0,0.0,0.0,0.0,0.0,0.0,0.03,0.03,0.0,0.03,standard
GER-Bundesliga,2020,Hertha BSC,Marten Winkler,GER,FW,17,2002,1,0,1,0.0,0,0,0,0,0,0,0,0,0.0,0.0,0.0,0.0,0,0,1,0.0,0.0,0.0,0.0,0.0,0.0,0.0,0.0,0.0,0.0,standard
GER-Bundesliga,2020,Hertha BSC,Marvin Plattenhardt,GER,DF,28,1992,16,12,1071,11.9,0,2,2,0,0,0,1,0,0.1,0.1,1.2,1.3,28,56,46,0.0,0.17,0.17,0.0,0.17,0.01,0.1,0.11,0.01,0.11,standard
GER-Bundesliga,2020,Hertha BSC,Matheus Cunha,BRA,"FW,MF",21,1999,27,25,2149,23.9,7,4,11,5,2,3,9,0,8.4,6.1,4.5,10.6,91,85,137,0.29,0.17,0.46,0.21,0.38,0.35,0.19,0.54,0.25,0.44,standard
GER-Bundesliga,2020,Hertha BSC,Mathew Leckie,AUS,"FW,DF",29,1991,17,5,506,5.6,0,1,1,0,0,0,0,0,0.1,0.1,0.5,0.6,10,15,35,0.0,0.18,0.18,0.0,0.18,0.02,0.09,0.11,0.02,0.11,standard
GER-Bundesliga,2020,Hertha BSC,Mattéo Guendouzi,FRA,MF,21,1999,24,19,1818,20.2,2,1,3,2,0,0,5,0,1.0,1.0,1.6,2.6,40,125,61,0.1,0.05,0.15,0.1,0.15,0.05,0.08,0.13,0.05,0.13,standard
GER-Bundesliga,2020,Hertha BSC,Maximilian Mittelstädt,GER,"DF,FW",23,1997,27,22,1797,20.0,0,2,2,0,0,0,3,0,0.5,0.5,2.0,2.5,49,89,74,0.0,0.1,0.1,0.0,0.1,0.03,0.1,0.13,0.03,0.13,standard
GER-Bundesliga,2020,Hertha BSC,Márton Dárdai,HUN,"DF,MF",18,2002,12,9,821,9.1,0,1,1,0,0,0,0,0,0.1,0.1,0.3,0.4,10,41,1,0.0,0.11,0.11,0.0,0.11,0.01,0.03,0.04,0.01,0.04,standard
GER-Bundesliga,2020,Hertha BSC,Nemanja Radonjić,SRB,"FW,MF",24,1996,12,5,611,6.8,1,2,3,1,0,0,1,0,1.9,1.9,1.0,2.9,40,31,77,0.15,0.29,0.44,0.15,0.44,0.29,0.15,0.43,0.29,0.43,standard
GER-Bundesliga,2020,Hertha BSC,Niklas Stark,GER,"DF,MF",25,1995,33,31,2793,31.0,0,0,0,0,0,0,2,0,1.1,1.1,0.8,1.9,23,113,15,0.0,0.0,0.0,0.0,0.0,0.03,0.03,0.06,0.03,0.06,standard
GER-Bundesliga,2020,Hertha BSC,Omar Alderete,PAR,DF,23,1996,17,14,1299,14.4,0,0,0,0,0,0,2,0,0.3,0.3,0.1,0.4,8,55,3,0.0,0.0,0.0,0.0,0.0,0.02,0.01,0.03,0.02,0.03,standard
GER-Bundesliga,2020,Hertha BSC,Peter Pekarík,SVK,DF,33,1986,23,22,1692,18.8,3,1,4,3,0,0,4,0,1.8,1.8,0.8,2.6,42,61,74,0.16,0.05,0.21,0.16,0.21,0.09,0.04,0.14,0.09,0.14,standard
GER-Bundesliga,2020,Hertha BSC,Rune Jarstein,NOR,GK,35,1984,8,8,720,8.0,0,0,0,0,0,0,0,0,0.0,0.0,0.0,0.0,0,0,0,0.0,0.0,0.0,0.0,0.0,0.0,0.0,0.0,0.0,0.0,standard
GER-Bundesliga,2020,Hertha BSC,Sami Khedira,GER,MF,33,1987,9,4,395,4.4,0,1,1,0,0,0,1,0,0.0,0.0,1.1,1.2,3,15,7,0.0,0.23,0.23,0.0,0.23,0.01,0.25,0.26,0.01,0.26,standard
GER-Bundesliga,2020,Hertha BSC,Santiago Ascacíbar,ARG,MF,23,1997,13,8,762,8.5,1,0,1,1,0,0,2,0,0.3,0.3,0.3,0.6,7,31,8,0.12,0.0,0.12,0.12,0.12,0.03,0.03,0.07,0.03,0.07,standard
GER-Bundesliga,2020,Hertha BSC,Vladimír Darida,CZE,MF,29,1990,27,24,1903,21.1,1,6,7,1,0,0,5,1,1.7,1.7,5.2,6.9,35,101,105,0.05,0.28,0.33,0.05,0.33,0.08,0.25,0.33,0.08,0.33,standard
GER-Bundesliga,2020,Hoffenheim,Andrej Kramarić,CRO,"FW,MF",29,1991,28,26,2379,26.4,20,5,25,15,5,5,2,0,14.8,10.8,4.2,15.1,88,106,235,0.76,0.19,0.95,0.57,0.76,0.56,0.16,0.72,0.41,0.57,standard
GER-Bundesliga,2020,Hoffenheim,Chris Richards,USA,DF,20,2000,11,11,944,10.5,0,1,1,0,0,0,1,0,0.1,0.1,0.3,0.4,4,45,2,0.0,0.1,0.1,0.0,0.1,0.01,0.03,0.04,0.01,0.04,standard
GER-Bundesliga,2020,Hoffenheim,Christoph Baumgartner,AUT,"MF,FW",20,1999,31,28,2369,26.3,6,3,9,6,0,0,6,0,5.9,5.9,3.5,9.4,68,110,133,0.23,0.11,0.34,0.23,0.34,0.23,0.13,0.36,0.23,0.36,standard
GER-Bundesliga,2020,Hoffenheim,Dennis Geiger,GER,MF,22,1998,9,9,658,7.3,1,1,2,1,0,0,4,1,0.3,0.3,1.5,1.8,10,46,18,0.14,0.14,0.27,0.14,0.27,0.04,0.21,0.25,0.04,0.25,standard
GER-Bundesliga,2020,Hoffenheim,Diadie Samassékou,MLI,MF,24,1996,31,31,2563,28.5,0,2,2,0,0,0,3,0,0.6,0.6,1.8,2.3,11,112,32,0.0,0.07,0.07,0.0,0.07,0.02,0.06,0.08,0.02,0.08,standard
GER-Bundesliga,2020,Hoffenheim,Ermin Bičakčić,BIH,DF,30,1990,2,2,128,1.4,1,0,1,1,0,0,1,0,0.4,0.4,0.0,0.4,0,4,0,0.7,0.0,0.7,0.7,0.7,0.25,0.0,0.25,0.25,0.25,standard
GER-Bundesliga,2020,Hoffenheim,Florian Grillitsch,AUT,"MF,DF",24,1995,26,22,1879,20.9,2,1,3,2,0,0,6,1,2.5,2.5,1.6,4.2,29,160,43,0.1,0.05,0.14,0.1,0.14,0.12,0.08,0.2,0.12,0.2,standard
GER-Bundesliga,2020,Hoffenheim,Georginio Rutter,FRA,FW,18,2002,9,2,241,2.7,1,0,1,1,0,0,0,0,0.7,0.7,0.1,0.8,4,6,29,0.37,0.0,0.37,0.37,0.37,0.25,0.04,0.28,0.25,0.28,standard
GER-Bundesliga,2020,Hoffenheim,Håvard Nordtveit,NOR,DF,30,1990,12,6,700,7.8,0,0,0,0,0,0,1,0,0.2,0.2,0.6,0.7,2,31,1,0.0,0.0,0.0,0.0,0.0,0.02,0.07,0.1,0.02,0.1,standard
GER-Bundesliga,2020,Hoffenheim,Ihlas Bebou,TOG,"FW,MF",26,1994,32,23,2200,24.4,9,7,16,9,0,0,3,0,9.9,9.9,5.0,14.8,70,52,225,0.37,0.29,0.65,0.37,0.65,0.4,0.2,0.61,0.4,0.61,standard
GER-Bundesliga,2020,Hoffenheim,Ishak Belfodil,ALG,"FW,MF",28,1992,14,7,596,6.6,0,1,1,0,0,0,0,0,1.5,1.5,0.9,2.4,9,8,54,0.0,0.15,0.15,0.0,0.15,0.23,0.13,0.36,0.23,0.36,standard
GER-Bundesliga,2020,Hoffenheim,Jacob Bruun Larsen,DEN,"MF,FW",21,1998,2,1,89,1.0,0,0,0,0,0,0,0,0,0.0,0.0,0.0,0.0,1,0,11,0.0,0.0,0.0,0.0,0.0,0.0,0.03,0.03,0.0,0.03,standard
GER-Bundesliga,2020,Hoffenheim,Joshua Brenet,CUW,DF,26,1994,1,0,1,0.0,0,0,0,0,0,0,0,0,0.0,0.0,0.0,0.0,1,0,0,0.0,0.0,0.0,0.0,0.0,0.0,0.0,0.0,0.0,0.0,standard
GER-Bundesliga,2020,Hoffenheim,Kasim Nuhu,GHA,DF,25,1995,12,11,987,11.0,0,0,0,0,0,0,0,0,0.5,0.5,0.0,0.6,17,62,7,0.0,0.0,0.0,0.0,0.0,0.05,0.0,0.05,0.05,0.05,standard
GER-Bundesliga,2020,Hoffenheim,Kevin Akpoguma,NGA,DF,25,1995,16,14,1184,13.2,1,0,1,1,0,0,1,0,0.1,0.1,0.4,0.5,10,56,14,0.08,0.0,0.08,0.08,0.08,0.01,0.03,0.04,0.01,0.04,standard
GER-Bundesliga,2020,Hoffenheim,Kevin Vogt,GER,DF,28,1991,24,20,1841,20.5,0,1,1,0,0,0,6,0,0.0,0.0,0.4,0.4,12,128,3,0.0,0.05,0.05,0.0,0.05,0.0,0.02,0.02,0.0,0.02,standard
GER-Bundesliga,2020,Hoffenheim,Klauss,BRA,"MF,FW",23,1997,4,0,51,0.6,0,0,0,0,0,0,0,0,0.1,0.1,0.1,0.2,1,3,3,0.0,0.0,0.0,0.0,0.0,0.12,0.22,0.34,0.12,0.34,standard
GER-Bundesliga,2020,Hoffenheim,Marco John,GER,DF,18,2002,14,12,997,11.1,0,0,0,0,0,0,1,0,0.1,0.1,2.0,2.1,21,47,63,0.0,0.0,0.0,0.0,0.0,0.01,0.18,0.19,0.01,0.19,standard
GER-Bundesliga,2020,Hoffenheim,Maximilian Beier,GER,"FW,DF",17,2002,3,0,10,0.1,0,0,0,0,0,0,0,0,0.0,0.0,0.0,0.0,0,0,0,0.0,0.0,0.0,0.0,0.0,0.0,0.0,0.0,0.0,0.0,standard
GER-Bundesliga,2020,Hoffenheim,Melayro Bogarde,NED,"DF,MF",18,2002,9,2,277,3.1,0,1,1,0,0,0,1,0,0.2,0.2,0.2,0.4,5,18,9,0.0,0.32,0.32,0.0,0.32,0.05,0.08,0.13,0.05,0.13,standard
GER-Bundesliga,2020,Hoffenheim,Mijat Gaćinović,SRB,"DF,MF",25,1995,23,7,822,9.1,0,2,2,0,0,0,5,0,2.0,2.0,2.0,4.0,16,29,46,0.0,0.22,0.22,0.0,0.22,0.22,0.22,0.44,0.22,0.44,standard
GER-Bundesliga,2020,Hoffenheim,Moanes Dabbur,ISR,"FW,MF",28,1992,22,11,999,11.1,4,0,4,4,0,1,2,0,5.3,4.5,0.6,5.1,20,35,80,0.36,0.0,0.36,0.36,0.36,0.48,0.05,0.53,0.41,0.46,standard
GER-Bundesliga,2020,Hoffenheim,Oliver Baumann,GER,GK,30,1990,31,31,2790,31.0,0,0,0,0,0,0,1,0,0.0,0.0,0.0,0.0,0,2,1,0.0,0.0,0.0,0.0,0.0,0.0,0.0,0.0,0.0,0.0,standard
GER-Bundesliga,2020,Hoffenheim,Pavel Kadeřábek,CZE,"DF,FW",28,1992,20,17,1588,17.6,0,4,4,0,0,0,3,0,1.1,1.1,2.8,4.0,38,86,149,0.0,0.23,0.23,0.0,0.23,0.07,0.16,0.23,0.07,0.23,standard
GER-Bundesliga,2020,Hoffenheim,Philipp Pentke,GER,GK,35,1985,3,3,270,3.0,0,0,0,0,0,0,0,0,0.0,0.0,0.0,0.0,0,0,0,0.0,0.0,0.0,0.0,0.0,0.0,0.0,0.0,0.0,0.0,standard
GER-Bundesliga,2020,Hoffenheim,Robert Skov,DEN,"FW,MF",24,1996,23,12,1164,12.9,1,0,1,1,0,0,0,1,1.9,1.9,2.5,4.4,25,42,98,0.08,0.0,0.08,0.08,0.08,0.15,0.19,0.34,0.15,0.34,standard
GER-Bundesliga,2020,Hoffenheim,Ryan Sessegnon,ENG,"DF,FW",20,2000,23,17,1574,17.5,2,3,5,2,0,0,4,0,0.8,0.8,1.7,2.5,45,68,103,0.11,0.17,0.29,0.11,0.29,0.05,0.1,0.14,0.05,0.14,standard
GER-Bundesliga,2020,Hoffenheim,Sargis Adamyan,ARM,"FW,MF",27,1993,18,3,479,5.3,2,3,5,2,0,0,2,0,2.1,2.1,2.3,4.5,20,17,58,0.38,0.56,0.94,0.38,0.94,0.4,0.44,0.84,0.4,0.84,standard
GER-Bundesliga,2020,Hoffenheim,Sebastian Rudy,GER,"MF,FW",30,1990,25,21,1678,18.6,1,3,4,1,0,0,4,0,0.8,0.8,2.3,3.1,19,111,67,0.05,0.16,0.21,0.05,0.21,0.04,0.12,0.16,0.04,0.16,standard
GER-Bundesliga,2020,Hoffenheim,Stefan Posch,AUT,DF,23,1997,26,25,2119,23.5,0,0,0,0,0,0,11,1,0.7,0.7,0.7,1.4,35,133,26,0.0,0.0,0.0,0.0,0.0,0.03,0.03,0.06,0.03,0.06,standard
GER-Bundesliga,2020,Köln,Anthony Modeste,FRA,FW,32,1988,8,1,221,2.5,0,0,0,0,0,1,1,0,1.8,1.0,0.0,1.0,1,0,10,0.0,0.0,0.0,0.0,0.0,0.74,0.01,0.75,0.42,0.43,standard
GER-Bundesliga,2020,Köln,Benno Schmitz,GER,DF,25,1994,12,4,416,4.6,0,1,1,0,0,0,0,0,0.2,0.2,0.3,0.5,7,26,18,0.0,0.22,0.22,0.0,0.22,0.04,0.07,0.11,0.04,0.11,standard
GER-Bundesliga,2020,Köln,Dimitris Limnios,GRE,"MF,FW",22,1998,12,2,378,4.2,0,0,0,0,0,0,0,0,0.4,0.4,0.6,0.9,10,10,27,0.0,0.0,0.0,0.0,0.0,0.09,0.14,0.23,0.09,0.23,standard
GER-Bundesliga,2020,Köln,Dominick Drexler,GER,"MF,FW",30,1990,27,11,1233,13.7,2,1,3,2,0,0,1,0,2.1,2.1,2.7,4.8,33,56,98,0.15,0.07,0.22,0.15,0.22,0.15,0.2,0.35,0.15,0.35,standard
GER-Bundesliga,2020,Köln,Ellyes Skhiri,TUN,MF,25,1995,32,32,2785,30.9,5,2,7,5,0,0,5,0,4.5,4.5,1.0,5.5,19,109,28,0.16,0.06,0.23,0.16,0.23,0.15,0.03,0.18,0.15,0.18,standard
GER-Bundesliga,2020,Köln,Elvis Rexhbeçaj,KVX,"MF,FW",22,1997,30,20,1833,20.4,5,2,7,5,0,0,4,0,2.3,2.3,2.6,4.8,27,67,73,0.25,0.1,0.34,0.25,0.34,0.11,0.13,0.24,0.11,0.24,standard
GER-Bundesliga,2020,Köln,Emmanuel Dennis,NGA,FW,22,1997,9,6,474,5.3,0,1,1,0,0,0,0,0,0.6,0.6,0.2,0.8,11,4,44,0.0,0.19,0.19,0.0,0.19,0.12,0.03,0.15,0.12,0.15,standard
GER-Bundesliga,2020,Köln,Florian Kainz,AUT,"MF,FW",27,1992,8,6,447,5.0,1,0,1,1,0,0,0,0,0.5,0.5,1.5,2.0,10,27,27,0.2,0.0,0.2,0.2,0.2,0.09,0.31,0.4,0.09,0.4,standard
GER-Bundesliga,2020,Köln,Frederik Sørensen,DEN,DF,28,1992,3,1,99,1.1,0,0,0,0,0,0,2,0,0.0,0.0,0.1,0.1,1,6,2,0.0,0.0,0.0,0.0,0.0,0.0,0.06,0.06,0.0,0.06,standard
GER-Bundesliga,2020,Köln,Ismail Jakobs,SEN,"MF,FW",20,1999,23,18,1726,19.2,1,1,2,1,0,0,6,0,2.4,2.4,1.9,4.3,34,34,134,0.05,0.05,0.1,0.05,0.1,0.13,0.1,0.23,0.13,0.23,standard
GER-Bundesliga,2020,Köln,Jan Thielmann,GER,"FW,MF",18,2002,24,9,1029,11.4,2,3,5,2,0,0,0,0,1.4,1.4,0.8,2.2,18,28,70,0.17,0.26,0.44,0.17,0.44,0.12,0.07,0.19,0.12,0.19,standard
GER-Bundesliga,2020,Köln,Jannes Horn,GER,DF,23,1997,29,20,1768,19.6,0,1,1,0,0,0,6,0,0.2,0.2,1.6,1.8,34,62,37,0.0,0.05,0.05,0.0,0.05,0.01,0.08,0.09,0.01,0.09,standard
GER-Bundesliga,2020,Köln,Jonas Hector,GER,"MF,FW",30,1990,19,15,1290,14.3,3,1,4,3,0,0,2,0,3.1,3.1,1.6,4.7,8,60,57,0.21,0.07,0.28,0.21,0.28,0.22,0.11,0.33,0.22,0.33,standard
GER-Bundesliga,2020,Köln,Jorge Meré,ESP,DF,23,1997,16,14,1300,14.4,0,0,0,0,0,0,2,0,0.0,0.0,0.2,0.3,2,28,2,0.0,0.0,0.0,0.0,0.0,0.0,0.01,0.02,0.0,0.02,standard
GER-Bundesliga,2020,Köln,Kingsley Ehizibue,NED,DF,25,1995,21,15,1133,12.6,0,1,1,0,0,0,5,0,0.6,0.6,0.6,1.2,25,30,44,0.0,0.08,0.08,0.0,0.08,0.05,0.05,0.1,0.05,0.1,standard
GER-Bundesliga,2020,Köln,Marco Höger,GER,"DF,MF",30,1989,3,1,53,0.6,0,0,0,0,0,0,0,0,0.0,0.0,0.0,0.0,1,4,3,0.0,0.0,0.0,0.0,0.0,0.0,0.0,0.0,0.0,0.0,standard
GER-Bundesliga,2020,Köln,Marius Wolf,GER,"MF,DF",25,1995,31,29,2551,28.3,2,2,4,2,0,0,3,0,3.2,3.2,2.4,5.5,72,120,132,0.07,0.07,0.14,0.07,0.14,0.11,0.08,0.2,0.11,0.2,standard
GER-Bundesliga,2020,Köln,Max Meyer,GER,MF,24,1995,10,3,351,3.9,0,0,0,0,0,0,0,0,0.8,0.8,0.5,1.3,6,34,9,0.0,0.0,0.0,0.0,0.0,0.21,0.12,0.33,0.21,0.33,standard
GER-Bundesliga,2020,Köln,Noah Katterbach,GER,"DF,MF",19,2001,21,12,1111,12.3,0,0,0,0,0,0,1,0,0.3,0.3,1.1,1.4,27,60,47,0.0,0.0,0.0,0.0,0.0,0.02,0.09,0.11,0.02,0.11,standard
GER-Bundesliga,2020,Köln,Ondrej Duda,SVK,"FW,MF",25,1994,32,32,2537,28.2,7,5,12,4,3,4,8,1,6.4,3.3,3.9,7.2,32,126,132,0.25,0.18,0.43,0.14,0.32,0.23,0.14,0.37,0.12,0.26,standard
GER-Bundesliga,2020,Köln,Rafael Czichos,GER,DF,30,1990,28,26,2259,25.1,1,0,1,1,0,0,7,0,1.8,1.8,0.1,1.9,21,103,6,0.04,0.0,0.04,0.04,0.04,0.07,0.01,0.08,0.07,0.08,standard
GER-Bundesliga,2020,Köln,Ron-Robert Zieler,GER,GK,31,1989,1,0,51,0.6,0,0,0,0,0,0,0,0,0.0,0.0,0.0,0.0,0,0,0,0.0,0.0,0.0,0.0,0.0,0.0,0.0,0.0,0.0,0.0,standard
GER-Bundesliga,2020,Köln,Salih Özcan,TUR,MF,22,1998,28,15,1371,15.2,0,1,1,0,0,0,3,0,0.5,0.5,1.3,1.8,16,49,50,0.0,0.07,0.07,0.0,0.07,0.03,0.09,0.12,0.03,0.12,standard
GER-Bundesliga,2020,Köln,Sava Cestic,SRB,DF,19,2001,11,11,899,10.0,0,0,0,0,0,0,3,0,0.2,0.2,0.1,0.3,3,19,0,0.0,0.0,0.0,0.0,0.0,0.02,0.01,0.03,0.02,0.03,standard
GER-Bundesliga,2020,Köln,Sebastiaan Bornauw,BEL,DF,21,1999,24,23,2083,23.1,1,1,2,1,0,0,3,0,1.5,1.5,0.0,1.5,4,43,4,0.04,0.04,0.09,0.04,0.09,0.07,0.0,0.07,0.06,0.06,standard
GER-Bundesliga,2020,Köln,Sebastian Andersson,SWE,FW,29,1991,16,14,1126,12.5,3,0,3,2,1,1,1,0,6.2,5.4,0.3,5.7,6,20,55,0.24,0.0,0.24,0.16,0.16,0.49,0.03,0.52,0.43,0.46,standard
GER-Bundesliga,2020,Köln,Timo Horn,GER,GK,27,1993,34,34,3009,33.4,0,0,0,0,0,0,0,0,0.0,0.0,0.1,0.1,0,2,0,0.0,0.0,0.0,0.0,0.0,0.0,0.0,0.0,0.0,0.0,standard
GER-Bundesliga,2020,Köln,Tolu Arokodare,NGA,"FW,MF",19,2000,10,0,112,1.2,0,0,0,0,0,0,0,0,0.2,0.2,0.2,0.5,1,4,11,0.0,0.0,0.0,0.0,0.0,0.2,0.2,0.4,0.2,0.4,standard
GER-Bundesliga,2020,Leverkusen,Aleksandar Dragović,AUT,DF,29,1991,18,11,1136,12.6,1,0,1,1,0,0,3,0,0.2,0.2,0.6,0.8,15,99,16,0.08,0.0,0.08,0.08,0.08,0.02,0.05,0.06,0.02,0.06,standard
GER-Bundesliga,2020,Leverkusen,Charles Aránguiz,CHI,MF,31,1989,21,20,1669,18.5,0,0,0,0,0,0,4,0,0.6,0.6,0.6,1.1,11,119,18,0.0,0.0,0.0,0.0,0.0,0.03,0.03,0.06,0.03,0.06,standard
GER-Bundesliga,2020,Leverkusen,Daley Sinkgraven,NED,DF,25,1995,22,19,1570,17.4,0,0,0,0,0,0,4,0,0.3,0.3,0.6,0.9,56,78,66,0.0,0.0,0.0,0.0,0.0,0.02,0.03,0.05,0.02,0.05,standard
GER-Bundesliga,2020,Leverkusen,Demarai Gray,JAM,FW,24,1996,10,5,442,4.9,1,2,3,1,0,0,0,0,1.4,1.4,0.9,2.3,27,12,44,0.2,0.41,0.61,0.2,0.61,0.28,0.18,0.46,0.28,0.46,standard
GER-Bundesliga,2020,Leverkusen,Edmond Tapsoba,BFA,DF,21,1999,31,29,2652,29.5,1,0,1,1,0,0,5,0,1.0,1.0,0.5,1.5,25,167,8,0.03,0.0,0.03,0.03,0.03,0.03,0.02,0.05,0.03,0.05,standard
GER-Bundesliga,2020,Leverkusen,Emrehan Gedikli,GER,FW,17,2003,1,0,25,0.3,0,0,0,0,0,0,0,0,0.0,0.0,0.0,0.0,0,1,0,0.0,0.0,0.0,0.0,0.0,0.0,0.0,0.0,0.0,0.0,standard
GER-Bundesliga,2020,Leverkusen,Exequiel Palacios,ARG,MF,21,1998,9,7,572,6.4,0,0,0,0,0,0,1,0,0.1,0.1,0.7,0.8,4,34,5,0.0,0.0,0.0,0.0,0.0,0.02,0.1,0.12,0.02,0.12,standard
GER-Bundesliga,2020,Leverkusen,Florian Wirtz,GER,MF,17,2003,29,25,2224,24.7,5,6,11,5,0,0,1,0,4.0,4.0,3.4,7.4,54,114,154,0.2,0.24,0.45,0.2,0.45,0.16,0.14,0.3,0.16,0.3,standard
GER-Bundesliga,2020,Leverkusen,Jeremie Frimpong,NED,"DF,FW",19,2000,10,4,436,4.8,0,0,0,0,0,0,1,0,0.2,0.2,0.9,1.1,30,29,47,0.0,0.0,0.0,0.0,0.0,0.03,0.19,0.22,0.03,0.22,standard
GER-Bundesliga,2020,Leverkusen,Joel Pohjanpalo,FIN,MF,25,1994,1,0,6,0.1,0,0,0,0,0,0,0,0,0.0,0.0,0.0,0.0,0,0,1,0.0,0.0,0.0,0.0,0.0,0.0,0.0,0.0,0.0,0.0,standard
GER-Bundesliga,2020,Leverkusen,Jonathan Tah,GER,DF,24,1996,27,24,2219,24.7,1,0,1,1,0,0,3,0,0.8,0.8,0.0,0.9,13,125,12,0.04,0.0,0.04,0.04,0.04,0.03,0.0,0.03,0.03,0.03,standard
GER-Bundesliga,2020,Leverkusen,Julian Baumgartlinger,AUT,MF,32,1988,17,12,1072,11.9,2,0,2,2,0,0,1,0,1.0,1.0,0.2,1.2,3,51,8,0.17,0.0,0.17,0.17,0.17,0.08,0.01,0.1,0.08,0.1,standard
GER-Bundesliga,2020,Leverkusen,Karim Bellarabi,GER,"FW,MF",30,1990,22,7,798,8.9,0,0,0,0,0,0,2,0,1.8,1.8,2.6,4.4,42,25,109,0.0,0.0,0.0,0.0,0.0,0.2,0.29,0.5,0.2,0.5,standard
GER-Bundesliga,2020,Leverkusen,Kerem Demirbay,GER,MF,27,1993,29,20,1744,19.4,4,3,7,4,0,0,2,0,3.5,3.5,3.7,7.1,41,130,74,0.21,0.15,0.36,0.21,0.36,0.18,0.19,0.37,0.18,0.37,standard
GER-Bundesliga,2020,Leverkusen,Lars Bender,GER,DF,31,1989,14,12,936,10.4,1,2,3,0,1,1,2,0,1.7,0.9,0.6,1.5,15,55,31,0.1,0.19,0.29,0.0,0.19,0.16,0.06,0.22,0.08,0.14,standard
GER-Bundesliga,2020,Leverkusen,Lennart Grill,GER,GK,21,1999,4,4,360,4.0,0,0,0,0,0,0,0,0,0.0,0.0,0.0,0.0,0,0,0,0.0,0.0,0.0,0.0,0.0,0.0,0.0,0.0,0.0,0.0,standard
GER-Bundesliga,2020,Leverkusen,Leon Bailey,JAM,"FW,MF",22,1997,30,25,2141,23.8,9,8,17,9,0,0,6,0,6.2,6.2,6.0,12.2,112,63,254,0.38,0.34,0.71,0.38,0.71,0.26,0.25,0.51,0.26,0.51,standard
GER-Bundesliga,2020,Leverkusen,Lucas Alario,ARG,FW,27,1992,25,12,1245,13.8,11,2,13,9,2,2,2,0,7.2,5.7,0.9,6.6,7,21,75,0.8,0.14,0.94,0.65,0.8,0.52,0.07,0.59,0.41,0.48,standard
GER-Bundesliga,2020,Leverkusen,Lukáš Hrádecký,FIN,GK,30,1989,29,29,2565,28.5,0,0,0,0,0,0,1,0,0.0,0.0,0.0,0.0,0,1,0,0.0,0.0,0.0,0.0,0.0,0.0,0.0,0.0,0.0,0.0,standard
GER-Bundesliga,2020,Leverkusen,Mitchell Weiser,GER,DF,26,1994,5,2,226,2.5,1,0,1,1,0,0,0,0,0.1,0.1,0.0,0.1,4,18,9,0.4,0.0,0.4,0.4,0.4,0.04,0.0,0.04,0.04,0.04,standard
GER-Bundesliga,2020,Leverkusen,Moussa Diaby,FRA,"FW,MF",21,1999,32,28,2388,26.5,4,11,15,4,0,0,5,0,4.6,4.6,6.7,11.3,142,62,270,0.15,0.41,0.57,0.15,0.57,0.17,0.25,0.43,0.17,0.43,standard
GER-Bundesliga,2020,Leverkusen,Nadiem Amiri,GER,MF,23,1996,29,20,1890,21.0,2,6,8,2,0,0,5,0,2.2,2.2,3.1,5.3,45,113,82,0.1,0.29,0.38,0.1,0.38,0.1,0.15,0.25,0.1,0.25,standard
GER-Bundesliga,2020,Leverkusen,Niklas Lomb,GER,GK,27,1993,2,1,135,1.5,0,0,0,0,0,0,0,0,0.0,0.0,0.0,0.0,0,0,0,0.0,0.0,0.0,0.0,0.0,0.0,0.0,0.0,0.0,0.0,standard
GER-Bundesliga,2020,Leverkusen,Patrik Schick,CZE,FW,24,1996,29,20,1866,20.7,9,1,10,9,0,0,4,0,9.2,9.2,2.5,11.7,19,19,132,0.43,0.05,0.48,0.43,0.48,0.44,0.12,0.56,0.44,0.56,standard
GER-Bundesliga,2020,Leverkusen,Paulinho,BRA,FW,20,2000,1,1,65,0.7,0,0,0,0,0,0,0,0,0.2,0.2,0.0,0.2,1,2,6,0.0,0.0,0.0,0.0,0.0,0.28,0.0,0.28,0.28,0.28,standard
GER-Bundesliga,2020,Leverkusen,Santiago Arias,COL,DF,28,1992,1,1,90,1.0,0,0,0,0,0,0,0,0,0.0,0.0,0.1,0.1,2,5,4,0.0,0.0,0.0,0.0,0.0,0.0,0.05,0.05,0.0,0.05,standard
GER-Bundesliga,2020,Leverkusen,Sven Bender,GER,DF,31,1989,18,14,1170,13.0,0,0,0,0,0,0,1,0,0.2,0.2,0.2,0.4,1,42,2,0.0,0.0,0.0,0.0,0.0,0.01,0.02,0.03,0.01,0.03,standard
GER-Bundesliga,2020,Leverkusen,Timothy Fosu-Mensah,NED,DF,22,1998,6,5,409,4.5,0,0,0,0,0,0,2,0,0.2,0.2,0.1,0.2,8,35,17,0.0,0.0,0.0,0.0,0.0,0.03,0.01,0.05,0.03,0.05,standard
GER-Bundesliga,2020,Leverkusen,Tin Jedvaj,CRO,DF,24,1995,3,2,152,1.7,0,0,0,0,0,0,0,0,0.0,0.0,0.0,0.0,0,9,0,0.0,0.0,0.0,0.0,0.0,0.02,0.0,0.02,0.02,0.02,standard
GER-Bundesliga,2020,Leverkusen,Wendell,BRA,DF,27,1993,22,15,1457,16.2,0,0,0,0,0,0,3,0,0.5,0.5,0.1,0.6,47,93,66,0.0,0.0,0.0,0.0,0.0,0.03,0.0,0.03,0.03,0.03,standard
GER-Bundesliga,2020,Mainz 05,Aarón Martín,ESP,"DF,FW",23,1997,5,3,262,2.9,0,0,0,0,0,0,0,0,0.0,0.0,0.3,0.3,5,9,18,0.0,0.0,0.0,0.0,0.0,0.01,0.09,0.1,0.01,0.1,standard
GER-Bundesliga,2020,Mainz 05,Abass Issah,GHA,"DF,FW",21,1998,2,0,18,0.2,0,0,0,0,0,0,0,0,0.0,0.0,0.0,0.0,1,1,1,0.0,0.0,0.0,0.0,0.0,0.0,0.0,0.0,0.0,0.0,standard
GER-Bundesliga,2020,Mainz 05,Alexander Hack,GER,DF,26,1993,21,14,1370,15.2,1,0,1,1,0,0,2,0,0.5,0.5,0.3,0.8,7,51,2,0.07,0.0,0.07,0.07,0.07,0.03,0.02,0.05,0.03,0.05,standard
GER-Bundesliga,2020,Mainz 05,Daniel Brosinski,GER,"DF,FW",32,1988,21,16,1430,15.9,2,1,3,0,2,2,0,0,2.0,0.4,2.9,3.3,21,64,66,0.13,0.06,0.19,0.0,0.06,0.12,0.18,0.31,0.02,0.21,standard
GER-Bundesliga,2020,Mainz 05,Danny Latza,GER,MF,30,1989,29,21,1800,20.0,0,2,2,0,0,0,8,0,2.1,2.1,2.2,4.3,10,67,42,0.0,0.1,0.1,0.0,0.1,0.11,0.11,0.22,0.11,0.22,standard
GER-Bundesliga,2020,Mainz 05,Danny da Costa,GER,"DF,FW",27,1993,16,15,1208,13.4,0,1,1,0,0,0,2,0,0.1,0.1,2.3,2.5,23,48,41,0.0,0.07,0.07,0.0,0.07,0.01,0.17,0.18,0.01,0.18,standard
GER-Bundesliga,2020,Mainz 05,Dominik Kohr,GER,MF,26,1994,17,14,1268,14.1,1,1,2,1,0,0,3,0,0.9,0.9,0.7,1.6,17,62,25,0.07,0.07,0.14,0.07,0.14,0.07,0.05,0.12,0.07,0.12,standard
GER-Bundesliga,2020,Mainz 05,Edimilson Fernandes,SUI,"MF,FW",24,1996,14,9,841,9.3,0,1,1,0,0,0,1,0,0.5,0.5,1.3,1.8,6,23,19,0.0,0.11,0.11,0.0,0.11,0.05,0.14,0.2,0.05,0.2,standard
GER-Bundesliga,2020,Mainz 05,Finn Dahmen,GER,GK,22,1998,3,3,270,3.0,0,0,0,0,0,0,0,0,0.0,0.0,0.0,0.0,0,0,0,0.0,0.0,0.0,0.0,0.0,0.0,0.0,0.0,0.0,0.0,standard
GER-Bundesliga,2020,Mainz 05,Jean-Paul Boëtius,NED,"MF,FW",26,1994,31,23,2065,22.9,2,4,6,2,0,0,5,0,2.6,2.6,6.1,8.7,33,109,96,0.09,0.17,0.26,0.09,0.26,0.11,0.27,0.38,0.11,0.38,standard
GER-Bundesliga,2020,Mainz 05,Jean-Philippe Mateta,FRA,FW,23,1997,15,12,997,11.1,7,1,8,6,1,1,2,0,8.6,7.8,1.4,9.2,14,10,74,0.63,0.09,0.72,0.54,0.63,0.78,0.13,0.9,0.7,0.83,standard
GER-Bundesliga,2020,Mainz 05,Jerry St. Juste,NED,DF,23,1996,32,32,2880,32.0,0,1,1,0,0,0,4,0,1.9,1.9,0.3,2.2,36,99,13,0.0,0.03,0.03,0.0,0.03,0.06,0.01,0.07,0.06,0.07,standard
GER-Bundesliga,2020,Mainz 05,Ji Dong-won,KOR,FW,29,1991,6,0,62,0.7,0,0,0,0,0,0,1,0,0.0,0.0,0.0,0.0,1,2,4,0.0,0.0,0.0,0.0,0.0,0.0,0.05,0.05,0.0,0.05,standard
GER-Bundesliga,2020,Mainz 05,Jonathan Burkardt,GER,"FW,MF",20,2000,29,16,1373,15.3,2,0,2,2,0,0,0,0,3.7,3.7,1.9,5.6,39,33,97,0.13,0.0,0.13,0.13,0.13,0.24,0.13,0.37,0.24,0.37,standard
GER-Bundesliga,2020,Mainz 05,Karim Onisiwo,AUT,"FW,MF",28,1992,31,19,1843,20.5,4,0,4,4,0,0,2,0,6.2,6.2,1.8,8.0,54,36,153,0.2,0.0,0.2,0.2,0.2,0.3,0.09,0.39,0.3,0.39,standard
GER-Bundesliga,2020,Mainz 05,Kevin Stöger,AUT,"MF,FW",26,1993,19,4,538,6.0,3,0,3,3,0,0,3,0,1.8,1.8,0.7,2.5,22,38,36,0.5,0.0,0.5,0.5,0.5,0.3,0.12,0.42,0.3,0.42,standard
GER-Bundesliga,2020,Mainz 05,Leandro Barreiro Martins,LUX,MF,20,2000,29,27,2303,25.6,2,2,4,2,0,0,5,0,4.5,4.5,2.7,7.1,11,76,42,0.08,0.08,0.16,0.08,0.16,0.17,0.1,0.28,0.17,0.28,standard
GER-Bundesliga,2020,Mainz 05,Levin Öztunalı,GER,"DF,FW",24,1996,17,7,758,8.4,1,2,3,1,0,0,0,0,0.6,0.6,0.9,1.5,25,19,38,0.12,0.24,0.36,0.12,0.36,0.07,0.11,0.18,0.07,0.18,standard
GER-Bundesliga,2020,Mainz 05,Luca Kilian,GER,DF,20,1999,6,4,381,4.2,0,0,0,0,0,0,1,0,0.1,0.1,0.0,0.1,2,7,0,0.0,0.0,0.0,0.0,0.0,0.02,0.01,0.02,0.02,0.02,standard
GER-Bundesliga,2020,Mainz 05,Merveille Papela,GER,DF,19,2001,1,0,2,0.0,0,0,0,0,0,0,0,0,0.0,0.0,0.0,0.0,0,0,0,0.0,0.0,0.0,0.0,0.0,0.0,0.0,0.0,0.0,0.0,standard
GER-Bundesliga,2020,Mainz 05,Moussa Niakhate,SEN,DF,24,1996,32,32,2866,31.8,3,1,4,2,1,1,10,1,2.3,1.5,2.1,3.7,47,117,18,0.09,0.03,0.13,0.06,0.09,0.07,0.07,0.14,0.05,0.12,standard
GER-Bundesliga,2020,Mainz 05,Niklas Tauer,GER,"MF,DF",19,2001,5,0,69,0.8,0,0,0,0,0,0,0,0,0.0,0.0,0.1,0.1,1,3,1,0.0,0.0,0.0,0.0,0.0,0.0,0.09,0.09,0.0,0.09,standard
GER-Bundesliga,2020,Mainz 05,Paul Nebel,GER,"MF,FW",17,2002,4,0,51,0.6,0,0,0,0,0,0,0,0,0.0,0.0,0.0,0.0,1,2,1,0.0,0.0,0.0,0.0,0.0,0.0,0.0,0.0,0.0,0.0,standard
GER-Bundesliga,2020,Mainz 05,Phillipp Mwene,AUT,"DF,MF",26,1994,20,19,1674,18.6,1,2,3,1,0,0,3,0,0.5,0.5,1.6,2.1,24,39,72,0.05,0.11,0.16,0.05,0.16,0.03,0.09,0.11,0.03,0.11,standard
GER-Bundesliga,2020,Mainz 05,Pierre Kunde,CMR,MF,25,1995,11,6,513,5.7,0,0,0,0,0,0,1,0,0.2,0.2,0.7,0.9,6,23,7,0.0,0.0,0.0,0.0,0.0,0.03,0.12,0.15,0.03,0.15,standard
GER-Bundesliga,2020,Mainz 05,Ridle Baku,GER,DF,22,1998,2,2,180,2.0,0,0,0,0,0,0,0,0,0.0,0.0,0.0,0.0,7,11,7,0.0,0.0,0.0,0.0,0.0,0.0,0.0,0.0,0.0,0.0,standard
GER-Bundesliga,2020,Mainz 05,Robert Glatzel,GER,FW,26,1994,13,3,359,4.0,2,1,3,2,0,0,0,0,2.8,2.8,0.5,3.3,9,12,38,0.5,0.25,0.75,0.5,0.75,0.7,0.12,0.82,0.7,0.82,standard
GER-Bundesliga,2020,Mainz 05,Robin Quaison,SWE,"FW,MF",26,1993,28,18,1476,16.4,6,2,8,5,1,1,1,0,6.2,5.4,2.6,8.0,14,40,68,0.37,0.12,0.49,0.3,0.43,0.38,0.16,0.53,0.33,0.49,standard
GER-Bundesliga,2020,Mainz 05,Robin Zentner,GER,GK,25,1994,31,31,2790,31.0,0,0,0,0,0,0,2,0,0.1,0.1,0.1,0.2,0,0,0,0.0,0.0,0.0,0.0,0.0,0.0,0.0,0.01,0.0,0.01,standard
GER-Bundesliga,2020,Mainz 05,Stefan Bell,GER,DF,28,1991,16,16,1266,14.1,1,1,2,1,0,0,6,0,0.5,0.5,0.8,1.3,1,25,3,0.07,0.07,0.14,0.07,0.14,0.04,0.06,0.09,0.04,0.09,standard
GER-Bundesliga,2020,Mainz 05,Ádám Szalai,HUN,FW,32,1987,18,8,733,8.1,1,0,1,1,0,0,1,0,2.4,2.4,0.6,3.0,5,20,52,0.12,0.0,0.12,0.12,0.12,0.29,0.08,0.37,0.29,0.37,standard
GER-Bundesliga,2020,RB Leipzig,Alexander Sørloth,NOR,FW,24,1995,29,13,1443,16.0,5,3,8,5,0,1,2,0,6.4,5.6,2.7,8.3,43,34,143,0.31,0.19,0.5,0.31,0.5,0.4,0.17,0.57,0.35,0.52,standard
GER-Bundesliga,2020,RB Leipzig,Amadou Haidara,MLI,"MF,FW",22,1998,31,21,1905,21.2,3,1,4,3,0,0,4,0,3.9,3.9,3.0,6.8,53,99,121,0.14,0.05,0.19,0.14,0.19,0.18,0.14,0.32,0.18,0.32,standard
GER-Bundesliga,2020,RB Leipzig,Angeliño,ESP,"DF,FW",23,1997,26,24,2161,24.0,4,4,8,4,0,0,2,0,4.2,4.2,5.5,9.7,47,93,242,0.17,0.17,0.33,0.17,0.33,0.17,0.23,0.4,0.17,0.4,standard
GER-Bundesliga,2020,RB Leipzig,Benjamin Henrichs,GER,"DF,MF",23,1997,13,5,540,6.0,0,1,1,0,0,0,3,0,0.2,0.2,0.6,0.8,12,33,32,0.0,0.17,0.17,0.0,0.17,0.03,0.11,0.14,0.03,0.14,standard
GER-Bundesliga,2020,RB Leipzig,Christopher Nkunku,FRA,"FW,MF",22,1997,28,19,1892,21.0,6,6,12,6,0,0,2,0,6.9,6.9,7.1,13.9,65,76,207,0.29,0.29,0.57,0.29,0.57,0.33,0.34,0.66,0.33,0.66,standard
GER-Bundesliga,2020,RB Leipzig,Dani Olmo,ESP,MF,22,1998,32,26,2194,24.4,5,9,14,4,1,1,1,0,6.6,5.8,5.1,10.9,50,175,174,0.21,0.37,0.57,0.16,0.53,0.27,0.21,0.48,0.24,0.45,standard
GER-Bundesliga,2020,RB Leipzig,Dayot Upamecano,FRA,DF,21,1998,29,27,2330,25.9,1,0,1,1,0,0,6,0,1.3,1.3,0.6,1.9,24,156,11,0.04,0.0,0.04,0.04,0.04,0.05,0.02,0.07,0.05,0.07,standard
GER-Bundesliga,2020,RB Leipzig,Dennis Borkowski,GER,"MF,FW",18,2002,2,0,11,0.1,0,0,0,0,0,0,0,0,0.0,0.0,0.0,0.0,0,0,4,0.0,0.0,0.0,0.0,0.0,0.0,0.0,0.0,0.0,0.0,standard
GER-Bundesliga,2020,RB Leipzig,Emil Forsberg,SWE,"FW,MF",28,1991,29,20,1539,17.1,7,4,11,5,2,3,0,0,6.1,3.7,4.8,8.5,36,71,112,0.41,0.23,0.64,0.29,0.53,0.36,0.28,0.64,0.22,0.5,standard
GER-Bundesliga,2020,RB Leipzig,Hwang Hee-chan,KOR,"FW,MF",24,1996,18,3,460,5.1,0,1,1,0,0,0,2,0,1.8,1.8,0.5,2.3,14,7,40,0.0,0.2,0.2,0.0,0.2,0.35,0.11,0.46,0.35,0.46,standard
GER-Bundesliga,2020,RB Leipzig,Ibrahima Konaté,FRA,DF,21,1999,14,8,695,7.7,1,0,1,1,0,0,2,0,0.7,0.7,0.0,0.7,6,29,1,0.13,0.0,0.13,0.13,0.13,0.09,0.0,0.09,0.09,0.09,standard
GER-Bundesliga,2020,RB Leipzig,Joscha Wosz,GER,DF,18,2002,2,0,34,0.4,0,0,0,0,0,0,0,0,0.0,0.0,0.0,0.0,0,1,0,0.0,0.0,0.0,0.0,0.0,0.0,0.0,0.0,0.0,0.0,standard
GER-Bundesliga,2020,RB Leipzig,Josep Martinez,ESP,GK,22,1998,1,1,90,1.0,0,0,0,0,0,0,0,0,0.0,0.0,0.0,0.0,0,0,0,0.0,0.0,0.0,0.0,0.0,0.0,0.0,0.0,0.0,0.0,standard
GER-Bundesliga,2020,RB Leipzig,Justin Kluivert,NED,"FW,MF",21,1999,19,8,813,9.0,3,1,4,3,0,0,2,0,3.6,3.6,1.0,4.6,42,11,108,0.33,0.11,0.44,0.33,0.44,0.4,0.11,0.51,0.4,0.51,standard
GER-Bundesliga,2020,RB Leipzig,Kevin Kampl,SVN,MF,29,1990,27,24,1932,21.5,0,1,1,0,0,0,6,0,1.1,1.1,1.6,2.7,25,117,24,0.0,0.05,0.05,0.0,0.05,0.05,0.07,0.13,0.05,0.13,standard
GER-Bundesliga,2020,RB Leipzig,Konrad Laimer,AUT,"DF,MF",23,1997,3,1,84,0.9,0,0,0,0,0,0,0,0,0.2,0.2,0.0,0.2,0,3,5,0.0,0.0,0.0,0.0,0.0,0.22,0.0,0.22,0.22,0.22,standard
GER-Bundesliga,2020,RB Leipzig,Lazar Samardzic,SRB,MF,18,2002,7,2,200,2.2,0,1,1,0,0,0,0,0,0.0,0.0,0.6,0.6,3,2,8,0.0,0.45,0.45,0.0,0.45,0.01,0.26,0.27,0.01,0.27,standard
GER-Bundesliga,2020,RB Leipzig,Lukas Klostermann,GER,DF,24,1996,23,15,1446,16.1,1,0,1,1,0,0,2,0,0.8,0.8,0.8,1.6,13,106,23,0.06,0.0,0.06,0.06,0.06,0.05,0.05,0.1,0.05,0.1,standard
GER-Bundesliga,2020,RB Leipzig,Marcel Halstenberg,GER,DF,28,1991,24,19,1651,18.3,2,2,4,1,1,1,2,0,1.9,1.1,1.7,2.9,44,143,59,0.11,0.11,0.22,0.05,0.16,0.11,0.09,0.2,0.06,0.16,standard
GER-Bundesliga,2020,RB Leipzig,Marcel Sabitzer,AUT,MF,26,1994,27,24,2026,22.5,8,3,11,4,4,4,8,0,7.6,4.4,2.7,7.1,24,171,78,0.36,0.13,0.49,0.18,0.31,0.34,0.12,0.46,0.19,0.32,standard
GER-Bundesliga,2020,RB Leipzig,Nordi Mukiele,FRA,DF,22,1997,28,21,1677,18.6,3,1,4,3,0,0,5,0,2.6,2.6,1.5,4.1,39,73,117,0.16,0.05,0.21,0.16,0.21,0.14,0.08,0.22,0.14,0.22,standard
GER-Bundesliga,2020,RB Leipzig,Péter Gulácsi,HUN,GK,30,1990,33,33,2970,33.0,0,0,0,0,0,0,0,0,0.0,0.0,0.0,0.0,0,3,0,0.0,0.0,0.0,0.0,0.0,0.0,0.0,0.0,0.0,0.0,standard
GER-Bundesliga,2020,RB Leipzig,Tyler Adams,USA,"MF,DF",21,1999,27,21,1850,20.6,1,1,2,1,0,0,3,0,1.3,1.3,0.9,2.2,27,113,70,0.05,0.05,0.1,0.05,0.1,0.07,0.04,0.11,0.07,0.11,standard
GER-Bundesliga,2020,RB Leipzig,Willi Orban,HUN,DF,27,1992,29,25,2363,26.3,4,1,5,4,0,0,4,0,3.8,3.8,1.6,5.4,33,166,5,0.15,0.04,0.19,0.15,0.19,0.14,0.06,0.21,0.14,0.21,standard
GER-Bundesliga,2020,RB Leipzig,Yussuf Poulsen,DEN,FW,26,1994,27,14,1354,15.0,5,4,9,5,0,0,1,0,4.6,4.6,1.8,6.4,24,37,119,0.33,0.27,0.6,0.33,0.6,0.31,0.12,0.42,0.31,0.42,standard
GER-Bundesliga,2020,Schalke 04,Ahmed Kutucu,TUR,"FW,MF",20,2000,7,0,108,1.2,0,0,0,0,0,0,1,0,0.1,0.1,0.0,0.1,2,1,10,0.0,0.0,0.0,0.0,0.0,0.05,0.02,0.07,0.05,0.07,standard
GER-Bundesliga,2020,Schalke 04,Alessandro Schöpf,AUT,"FW,MF",26,1994,19,10,942,10.5,0,0,0,0,0,0,0,0,0.5,0.5,0.2,0.7,19,22,63,0.0,0.0,0.0,0.0,0.0,0.04,0.02,0.07,0.04,0.07,standard
GER-Bundesliga,2020,Schalke 04,Amine Harit,MAR,"MF,FW",23,1997,28,25,2101,23.3,2,5,7,2,0,0,4,0,1.5,1.5,5.1,6.7,83,93,152,0.09,0.21,0.3,0.09,0.3,0.07,0.22,0.29,0.07,0.29,standard
GER-Bundesliga,2020,Schalke 04,Bastian Oczipka,GER,"DF,FW",31,1989,27,20,1922,21.4,0,2,2,0,0,0,1,0,0.3,0.3,1.7,1.9,40,71,60,0.0,0.09,0.09,0.0,0.09,0.01,0.08,0.09,0.01,0.09,standard
GER-Bundesliga,2020,Schalke 04,Benito Raman,BEL,"FW,MF",25,1994,25,13,1246,13.8,2,0,2,2,0,0,2,0,2.3,2.2,1.2,3.5,14,30,75,0.14,0.0,0.14,0.14,0.14,0.17,0.09,0.26,0.16,0.25,standard
GER-Bundesliga,2020,Schalke 04,Benjamin Stambouli,FRA,"DF,MF",29,1990,24,22,1956,21.7,0,2,2,0,0,0,5,0,0.1,0.1,0.4,0.5,16,102,9,0.0,0.09,0.09,0.0,0.09,0.0,0.02,0.02,0.0,0.02,standard
GER-Bundesliga,2020,Schalke 04,Blendi Idrizi,KVX,MF,22,1998,3,3,238,2.6,1,0,1,1,0,0,1,0,0.2,0.2,0.3,0.5,6,5,2,0.38,0.0,0.38,0.38,0.38,0.08,0.13,0.21,0.08,0.21,standard
GER-Bundesliga,2020,Schalke 04,Can Bozdogan,GER,"MF,FW",19,2001,14,5,651,7.2,0,2,2,0,0,0,0,0,0.5,0.5,0.7,1.2,9,16,18,0.0,0.28,0.28,0.0,0.28,0.07,0.09,0.17,0.07,0.17,standard
GER-Bundesliga,2020,Schalke 04,Florian Flick,GER,MF,20,2000,4,4,360,4.0,1,0,1,1,0,0,1,0,0.5,0.5,0.0,0.5,1,6,1,0.25,0.0,0.25,0.25,0.25,0.12,0.0,0.12,0.12,0.12,standard
GER-Bundesliga,2020,Schalke 04,Frederik Rønnow,DEN,GK,27,1992,11,10,945,10.5,0,0,0,0,0,0,0,0,0.0,0.0,0.0,0.0,0,0,0,0.0,0.0,0.0,0.0,0.0,0.0,0.0,0.0,0.0,0.0,standard
GER-Bundesliga,2020,Schalke 04,Gonçalo Paciência,POR,FW,25,1994,15,9,749,8.3,1,1,2,1,0,0,2,0,1.6,1.6,1.1,2.7,12,11,44,0.12,0.12,0.24,0.12,0.24,0.19,0.13,0.32,0.19,0.32,standard
GER-Bundesliga,2020,Schalke 04,Hamza Mendyl,MAR,"FW,DF",22,1997,3,1,95,1.1,0,0,0,0,0,0,1,0,0.1,0.1,0.0,0.1,4,4,8,0.0,0.0,0.0,0.0,0.0,0.09,0.0,0.09,0.09,0.09,standard
GER-Bundesliga,2020,Schalke 04,Henning Matriciani,GER,DF,20,2000,1,0,24,0.3,0,0,0,0,0,0,0,0,0.0,0.0,0.0,0.0,1,0,0,0.0,0.0,0.0,0.0,0.0,0.0,0.0,0.0,0.0,0.0,standard
GER-Bundesliga,2020,Schalke 04,Jan Luca Schuler,GER,FW,21,1999,2,0,40,0.4,0,0,0,0,0,0,0,0,0.0,0.0,0.0,0.0,0,0,0,0.0,0.0,0.0,0.0,0.0,0.11,0.0,0.11,0.11,0.11,standard
GER-Bundesliga,2020,Schalke 04,Jimmy Kaparos,GER,MF,18,2001,1,0,18,0.2,0,0,0,0,0,0,0,0,0.0,0.0,0.0,0.0,0,0,0,0.0,0.0,0.0,0.0,0.0,0.0,0.0,0.0,0.0,0.0,standard
GER-Bundesliga,2020,Schalke 04,Kerim Calhanoglu,GER,DF,17,2002,4,4,296,3.3,0,0,0,0,0,0,0,0,0.1,0.1,0.0,0.1,2,9,13,0.0,0.0,0.0,0.0,0.0,0.02,0.0,0.02,0.02,0.02,standard
GER-Bundesliga,2020,Schalke 04,Kilian Ludewig,GER,"DF,FW",20,2000,6,6,520,5.8,0,0,0,0,0,0,1,0,0.0,0.0,0.3,0.3,9,11,24,0.0,0.0,0.0,0.0,0.0,0.0,0.05,0.05,0.0,0.05,standard
GER-Bundesliga,2020,Schalke 04,Klaas-Jan Huntelaar,NED,FW,36,1983,9,7,588,6.5,2,1,3,2,0,1,2,0,3.5,2.7,0.3,3.0,1,14,21,0.31,0.15,0.46,0.31,0.46,0.54,0.05,0.59,0.41,0.46,standard
GER-Bundesliga,2020,Schalke 04,Levent Mercan,GER,FW,19,2000,1,0,5,0.1,0,0,0,0,0,0,0,0,0.0,0.0,0.0,0.0,0,0,0,0.0,0.0,0.0,0.0,0.0,0.0,0.0,0.0,0.0,0.0,standard
GER-Bundesliga,2020,Schalke 04,Malick Thiaw,GER,DF,18,2001,19,15,1452,16.1,1,0,1,1,0,0,5,1,0.7,0.7,0.1,0.8,4,28,10,0.06,0.0,0.06,0.06,0.06,0.04,0.01,0.05,0.04,0.05,standard
GER-Bundesliga,2020,Schalke 04,Mark Uth,GER,"FW,MF",28,1991,20,18,1494,16.6,3,1,4,3,0,0,5,0,3.2,3.2,1.9,5.1,34,53,69,0.18,0.06,0.24,0.18,0.24,0.19,0.12,0.31,0.19,0.31,standard
GER-Bundesliga,2020,Schalke 04,Matija Nastasić,SRB,DF,27,1993,15,14,1221,13.6,0,0,0,0,0,0,2,0,0.4,0.4,0.1,0.5,1,20,0,0.0,0.0,0.0,0.0,0.0,0.03,0.0,0.03,0.03,0.03,standard
GER-Bundesliga,2020,Schalke 04,Matthew Hoppe,USA,FW,19,2001,22,15,1305,14.5,6,1,7,6,0,0,3,0,3.8,3.8,0.8,4.6,17,14,69,0.41,0.07,0.48,0.41,0.48,0.26,0.06,0.32,0.26,0.32,standard
GER-Bundesliga,2020,Schalke 04,Mehmet Aydin,GER,DF,18,2002,6,6,500,5.6,0,0,0,0,0,0,0,0,0.0,0.0,0.5,0.5,6,7,10,0.0,0.0,0.0,0.0,0.0,0.0,0.09,0.09,0.0,0.09,standard
GER-Bundesliga,2020,Schalke 04,Michael Langer,AUT,GK,35,1985,3,2,239,2.7,0,0,0,0,0,0,0,0,0.0,0.0,0.0,0.0,0,0,0,0.0,0.0,0.0,0.0,0.0,0.0,0.0,0.0,0.0,0.0,standard
GER-Bundesliga,2020,Schalke 04,Mikail Maden,NOR,FW,18,2002,1,0,6,0.1,0,0,0,0,0,0,0,0,0.0,0.0,0.0,0.0,0,0,0,0.0,0.0,0.0,0.0,0.0,0.0,0.0,0.0,0.0,0.0,standard
GER-Bundesliga,2020,Schalke 04,Nabil Bentaleb,ALG,MF,25,1994,9,6,548,6.1,0,0,0,0,0,1,2,0,0.8,0.0,0.0,0.0,6,29,5,0.0,0.0,0.0,0.0,0.0,0.13,0.01,0.14,0.0,0.01,standard
GER-Bundesliga,2020,Schalke 04,Nassim Boujellab,MAR,"MF,FW",21,1999,12,6,605,6.7,1,0,1,1,0,0,2,0,1.6,1.6,0.2,1.8,9,22,29,0.15,0.0,0.15,0.15,0.15,0.23,0.03,0.26,0.23,0.26,standard
GER-Bundesliga,2020,Schalke 04,Omar Mascarell,EQG,MF,27,1993,24,21,1762,19.6,1,1,2,1,0,0,6,0,0.4,0.4,0.6,1.0,10,69,5,0.05,0.05,0.1,0.05,0.1,0.02,0.03,0.05,0.02,0.05,standard
GER-Bundesliga,2020,Schalke 04,Ozan Kabak,TUR,DF,20,2000,14,14,1243,13.8,0,0,0,0,0,0,6,1,1.0,1.0,0.3,1.3,9,54,1,0.0,0.0,0.0,0.0,0.0,0.07,0.02,0.1,0.07,0.1,standard
GER-Bundesliga,2020,Schalke 04,Rabbi Matondo,WAL,"FW,MF",19,2000,3,3,220,2.4,0,0,0,0,0,0,0,0,0.0,0.0,0.2,0.2,4,4,11,0.0,0.0,0.0,0.0,0.0,0.0,0.06,0.06,0.0,0.06,standard
GER-Bundesliga,2020,Schalke 04,Ralf Fährmann,GER,GK,31,1988,22,22,1876,20.8,0,0,0,0,0,0,2,0,0.1,0.1,0.1,0.2,0,0,0,0.0,0.0,0.0,0.0,0.0,0.01,0.0,0.01,0.01,0.01,standard
GER-Bundesliga,2020,Schalke 04,Salif Sané,SEN,DF,29,1990,14,11,1071,11.9,0,0,0,0,0,0,5,0,0.4,0.4,1.1,1.5,11,29,6,0.0,0.0,0.0,0.0,0.0,0.03,0.09,0.12,0.03,0.12,standard
GER-Bundesliga,2020,Schalke 04,Sead Kolašinac,BIH,"DF,MF",27,1993,17,16,1426,15.8,1,1,2,1,0,0,5,0,0.3,0.3,1.4,1.7,33,51,61,0.06,0.06,0.13,0.06,0.13,0.02,0.09,0.11,0.02,0.11,standard
GER-Bundesliga,2020,Schalke 04,Sebastian Rudy,GER,DF,30,1990,2,2,180,2.0,0,0,0,0,0,0,0,0,0.0,0.0,0.1,0.1,0,11,7,0.0,0.0,0.0,0.0,0.0,0.01,0.07,0.07,0.01,0.07,standard
GER-Bundesliga,2020,Schalke 04,Shkodran Mustafi,GER,DF,28,1992,13,11,1037,11.5,1,0,1,1,0,0,1,0,0.6,0.6,0.0,0.6,7,22,2,0.09,0.0,0.09,0.09,0.09,0.05,0.0,0.06,0.05,0.06,standard
GER-Bundesliga,2020,Schalke 04,Steven Skrzybski,GER,"FW,DF",27,1992,13,3,419,4.7,0,0,0,0,0,1,2,0,1.1,0.3,0.1,0.4,6,10,23,0.0,0.0,0.0,0.0,0.0,0.23,0.02,0.25,0.06,0.08,standard
GER-Bundesliga,2020,Schalke 04,Suat Serdar,GER,MF,23,1997,25,24,1953,21.7,1,3,4,1,0,0,3,0,2.1,2.1,1.3,3.4,44,67,52,0.05,0.14,0.18,0.05,0.18,0.1,0.06,0.16,0.1,0.16,standard
GER-Bundesliga,2020,Schalke 04,Timo Becker,GER,DF,23,1997,20,18,1640,18.2,0,0,0,0,0,0,1,0,0.3,0.3,0.4,0.7,21,44,48,0.0,0.0,0.0,0.0,0.0,0.01,0.02,0.04,0.01,0.04,standard
GER-Bundesliga,2020,Schalke 04,Vasileios Pavlidis,GRE,FW,17,2002,1,0,2,0.0,0,0,0,0,0,0,0,0,0.0,0.0,0.0,0.0,0,0,0,0.0,0.0,0.0,0.0,0.0,0.0,0.0,0.0,0.0,0.0,standard
GER-Bundesliga,2020,Schalke 04,Vedad Ibišević,BIH,FW,35,1984,4,1,156,1.7,0,0,0,0,0,0,1,0,1.1,1.1,0.1,1.2,1,1,9,0.0,0.0,0.0,0.0,0.0,0.65,0.04,0.69,0.65,0.69,standard
GER-Bundesliga,2020,Schalke 04,William,BRA,"DF,FW",25,1995,8,7,474,5.3,0,0,0,0,0,0,2,0,0.2,0.2,0.0,0.3,10,13,19,0.0,0.0,0.0,0.0,0.0,0.04,0.01,0.05,0.04,0.05,standard
GER-Bundesliga,2020,Stuttgart,Alkhaly Momo Cissé,GUI,"FW,DF",17,2002,5,0,38,0.4,0,0,0,0,0,0,1,0,0.0,0.0,0.0,0.0,1,2,3,0.0,0.0,0.0,0.0,0.0,0.0,0.06,0.06,0.0,0.06,standard
GER-Bundesliga,2020,Stuttgart,Atakan Karazor,,"DF,MF",23,1996,19,10,1037,11.5,0,0,0,0,0,0,3,0,0.1,0.1,0.1,0.2,4,33,6,0.0,0.0,0.0,0.0,0.0,0.01,0.01,0.02,0.01,0.02,standard
GER-Bundesliga,2020,Stuttgart,Borna Sosa,CRO,"DF,FW",22,1998,26,25,2042,22.7,0,9,9,0,0,0,2,0,0.6,0.6,5.6,6.2,88,88,200,0.0,0.4,0.4,0.0,0.4,0.03,0.25,0.28,0.03,0.28,standard
GER-Bundesliga,2020,Stuttgart,Daniel Didavi,GER,"MF,FW",30,1990,23,10,970,10.8,4,3,7,4,0,0,2,0,2.8,2.8,2.7,5.6,21,62,83,0.37,0.28,0.65,0.37,0.65,0.26,0.25,0.52,0.26,0.52,standard
GER-Bundesliga,2020,Stuttgart,Darko Churlinov,MKD,"DF,MF",20,2000,14,0,216,2.4,0,1,1,0,0,0,0,0,0.1,0.1,0.7,0.8,10,6,23,0.0,0.42,0.42,0.0,0.42,0.05,0.3,0.34,0.05,0.34,standard
GER-Bundesliga,2020,Stuttgart,Erik Thommy,GER,"MF,DF",25,1994,8,3,313,3.5,0,2,2,0,0,0,0,0,0.5,0.5,1.0,1.6,25,13,30,0.0,0.58,0.58,0.0,0.58,0.15,0.3,0.45,0.15,0.45,standard
GER-Bundesliga,2020,Stuttgart,Fabian Bredlow,GER,GK,25,1995,1,1,90,1.0,0,0,0,0,0,0,0,0,0.0,0.0,0.0,0.0,0,0,0,0.0,0.0,0.0,0.0,0.0,0.0,0.0,0.0,0.0,0.0,standard
GER-Bundesliga,2020,Stuttgart,Gonzalo Castro,GER,MF,33,1987,26,23,1729,19.2,4,2,6,4,0,0,9,0,3.3,3.3,2.8,6.2,55,119,108,0.21,0.1,0.31,0.21,0.31,0.17,0.15,0.32,0.17,0.32,standard
GER-Bundesliga,2020,Stuttgart,Gregor Kobel,SUI,GK,22,1997,33,33,2970,33.0,0,0,0,0,0,0,0,0,0.0,0.0,0.1,0.1,0,0,0,0.0,0.0,0.0,0.0,0.0,0.0,0.0,0.0,0.0,0.0,standard
GER-Bundesliga,2020,Stuttgart,Hamadi Al Ghaddioui,MAR,FW,29,1990,6,0,46,0.5,0,0,0,0,0,0,0,0,0.3,0.3,0.0,0.3,1,1,2,0.0,0.0,0.0,0.0,0.0,0.5,0.0,0.5,0.5,0.5,standard
GER-Bundesliga,2020,Stuttgart,Konstantinos Mavropanos,GRE,DF,22,1997,21,19,1463,16.3,0,0,0,0,0,0,5,0,1.6,1.6,0.3,1.8,10,82,2,0.0,0.0,0.0,0.0,0.0,0.1,0.02,0.11,0.1,0.11,standard
GER-Bundesliga,2020,Stuttgart,Lilian Egloff,GER,MF,17,2002,2,0,16,0.2,0,0,0,0,0,0,0,0,0.0,0.0,0.0,0.0,0,0,2,0.0,0.0,0.0,0.0,0.0,0.0,0.0,0.0,0.0,0.0,standard
GER-Bundesliga,2020,Stuttgart,Luca Mack,GER,MF,20,2000,1,0,6,0.1,0,0,0,0,0,0,0,0,0.0,0.0,0.0,0.0,0,0,0,0.0,0.0,0.0,0.0,0.0,0.0,0.0,0.0,0.0,0.0,standard
GER-Bundesliga,2020,Stuttgart,Marc-Oliver Kempf,GER,DF,25,1995,32,32,2727,30.3,2,1,3,2,0,0,5,0,1.1,1.1,0.5,1.6,51,199,13,0.07,0.03,0.1,0.07,0.1,0.04,0.02,0.05,0.04,0.05,standard
GER-Bundesliga,2020,Stuttgart,Marcin Kamiński,POL,DF,28,1992,5,2,219,2.4,0,0,0,0,0,0,0,0,0.0,0.0,0.3,0.3,5,36,5,0.0,0.0,0.0,0.0,0.0,0.0,0.12,0.12,0.0,0.12,standard
GER-Bundesliga,2020,Stuttgart,Mateo Klimowicz,GER,"MF,FW",20,2000,25,12,1198,13.3,1,1,2,1,0,0,1,0,3.0,3.0,1.0,4.0,35,36,74,0.08,0.08,0.15,0.08,0.15,0.22,0.07,0.3,0.22,0.3,standard
GER-Bundesliga,2020,Stuttgart,Mohamed Sankoh,NED,MF,16,2003,1,0,17,0.2,0,0,0,0,0,0,0,0,0.0,0.0,0.0,0.0,0,0,1,0.0,0.0,0.0,0.0,0.0,0.0,0.0,0.0,0.0,0.0,standard
GER-Bundesliga,2020,Stuttgart,Naouirou Ahamada,FRA,MF,18,2002,6,3,252,2.8,0,0,0,0,0,0,2,1,0.2,0.2,0.0,0.3,8,11,3,0.0,0.0,0.0,0.0,0.0,0.08,0.01,0.09,0.08,0.09,standard
GER-Bundesliga,2020,Stuttgart,Nicolás González,ARG,"FW,MF",22,1998,15,10,934,10.4,6,2,8,3,3,4,5,0,7.4,4.3,2.0,6.3,32,27,65,0.58,0.19,0.77,0.29,0.48,0.71,0.19,0.9,0.41,0.6,standard
GER-Bundesliga,2020,Stuttgart,Orel Mangala,BEL,MF,22,1998,24,24,2109,23.4,1,3,4,1,0,0,4,0,1.2,1.2,1.5,2.7,43,116,76,0.04,0.13,0.17,0.04,0.17,0.05,0.06,0.11,0.05,0.11,standard
GER-Bundesliga,2020,Stuttgart,Pascal Stenzel,GER,DF,24,1996,23,14,1276,14.2,0,1,1,0,0,0,3,1,0.2,0.2,0.3,0.5,10,73,13,0.0,0.07,0.07,0.0,0.07,0.01,0.02,0.03,0.01,0.03,standard
GER-Bundesliga,2020,Stuttgart,Philipp Förster,GER,MF,25,1995,25,17,1509,16.8,3,1,4,3,0,1,4,0,3.5,2.7,2.3,5.0,69,93,117,0.18,0.06,0.24,0.18,0.24,0.21,0.14,0.35,0.16,0.3,standard
GER-Bundesliga,2020,Stuttgart,Philipp Klement,GER,"MF,FW",27,1992,18,2,421,4.7,1,2,3,1,0,0,0,0,0.3,0.3,1.6,1.9,13,42,26,0.21,0.43,0.64,0.21,0.64,0.06,0.35,0.41,0.06,0.41,standard
GER-Bundesliga,2020,Stuttgart,Roberto Massimo,GER,"DF,FW",19,2000,18,7,757,8.4,0,0,0,0,0,0,2,0,1.3,1.3,1.0,2.3,23,17,79,0.0,0.0,0.0,0.0,0.0,0.16,0.12,0.27,0.16,0.27,standard
GER-Bundesliga,2020,Stuttgart,Sasa Kalajdzic,AUT,FW,23,1997,33,23,2136,23.7,16,5,21,16,0,0,1,0,10.4,10.4,3.7,14.0,18,46,166,0.67,0.21,0.88,0.67,0.88,0.44,0.15,0.59,0.44,0.59,standard
GER-Bundesliga,2020,Stuttgart,Silas Katompa,COD,"DF,FW",21,1998,25,24,1919,21.3,11,4,15,8,3,3,6,0,7.3,5.0,4.4,9.4,74,33,165,0.52,0.19,0.7,0.38,0.56,0.34,0.21,0.55,0.23,0.44,standard
GER-Bundesliga,2020,Stuttgart,Tanguy Coulibaly,FRA,"DF,FW",19,2001,31,17,1506,16.7,2,1,3,2,0,0,2,0,2.8,2.8,2.6,5.4,46,29,149,0.12,0.06,0.18,0.12,0.18,0.16,0.16,0.32,0.16,0.32,standard
GER-Bundesliga,2020,Stuttgart,Waldemar Anton,GER,DF,24,1996,31,30,2711,30.1,0,1,1,0,0,0,3,0,1.3,1.3,0.9,2.2,24,116,12,0.0,0.03,0.03,0.0,0.03,0.04,0.03,0.07,0.04,0.07,standard
GER-Bundesliga,2020,Stuttgart,Wataru Endo,JPN,MF,27,1993,33,33,2955,32.8,3,3,6,3,0,0,5,0,2.6,2.6,1.8,4.4,35,187,39,0.09,0.09,0.18,0.09,0.18,0.08,0.06,0.13,0.08,0.13,standard
GER-Bundesliga,2020,Union Berlin,Akaki Gogia,GER,"FW,MF",28,1992,7,0,140,1.6,0,1,1,0,0,0,1,0,0.1,0.1,0.5,0.6,5,7,17,0.0,0.64,0.64,0.0,0.64,0.07,0.33,0.39,0.07,0.39,standard
GER-Bundesliga,2020,Union Berlin,Andreas Luthe,GER,GK,33,1987,31,31,2768,30.8,0,0,0,0,0,0,1,0,0.0,0.0,0.0,0.0,0,0,0,0.0,0.0,0.0,0.0,0.0,0.0,0.0,0.0,0.0,0.0,standard
GER-Bundesliga,2020,Union Berlin,Cedric Teuchert,GER,"FW,MF",23,1997,24,5,754,8.4,3,1,4,3,0,0,2,0,3.7,3.7,0.7,4.4,23,17,32,0.36,0.12,0.48,0.36,0.48,0.44,0.08,0.52,0.44,0.52,standard
GER-Bundesliga,2020,Union Berlin,Christian Gentner,GER,MF,34,1985,22,13,1033,11.5,0,0,0,0,0,0,0,0,0.4,0.4,0.8,1.3,8,45,24,0.0,0.0,0.0,0.0,0.0,0.04,0.07,0.11,0.04,0.11,standard
GER-Bundesliga,2020,Union Berlin,Christopher Lenz,GER,"DF,FW",25,1994,27,27,2248,25.0,0,3,3,0,0,0,3,0,1.0,1.0,2.8,3.8,46,94,109,0.0,0.12,0.12,0.0,0.12,0.04,0.11,0.15,0.04,0.15,standard
GER-Bundesliga,2020,Union Berlin,Christopher Trimmel,AUT,"DF,FW",33,1987,31,30,2572,28.6,1,9,10,1,0,0,9,0,0.3,0.3,5.9,6.3,47,85,78,0.03,0.31,0.35,0.03,0.35,0.01,0.21,0.22,0.01,0.22,standard
GER-Bundesliga,2020,Union Berlin,Florian Hübner,GER,DF,29,1991,6,6,525,5.8,0,0,0,0,0,0,3,0,0.1,0.1,0.0,0.2,2,17,2,0.0,0.0,0.0,0.0,0.0,0.02,0.01,0.03,0.02,0.03,standard
GER-Bundesliga,2020,Union Berlin,Grischa Prömel,GER,MF,25,1995,24,21,1816,20.2,3,1,4,3,0,0,7,0,1.8,1.8,1.0,2.7,18,66,33,0.15,0.05,0.2,0.15,0.2,0.09,0.05,0.14,0.09,0.14,standard
GER-Bundesliga,2020,Union Berlin,Joel Pohjanpalo,FIN,FW,25,1994,19,10,851,9.5,6,0,6,6,0,0,0,0,6.6,6.6,1.2,7.8,6,26,39,0.63,0.0,0.63,0.63,0.63,0.7,0.13,0.83,0.7,0.83,standard
GER-Bundesliga,2020,Union Berlin,Joshua Mees,GER,FW,24,1996,1,0,5,0.1,0,0,0,0,0,0,0,0,0.1,0.1,0.0,0.1,0,0,2,0.0,0.0,0.0,0.0,0.0,2.41,0.0,2.41,2.41,2.41,standard
GER-Bundesliga,2020,Union Berlin,Julian Ryerson,NOR,"DF,MF",22,1997,24,10,1069,11.9,0,2,2,0,0,0,2,0,0.2,0.2,0.9,1.1,15,32,38,0.0,0.17,0.17,0.0,0.17,0.02,0.07,0.1,0.02,0.1,standard
GER-Bundesliga,2020,Union Berlin,Keita Endo,JPN,"MF,FW",22,1997,16,4,456,5.1,1,0,1,1,0,0,0,0,1.4,1.4,1.9,3.3,16,7,33,0.2,0.0,0.2,0.2,0.2,0.28,0.37,0.64,0.28,0.64,standard
GER-Bundesliga,2020,Union Berlin,Leon Dajaku,GER,FW,19,2001,2,0,37,0.4,0,0,0,0,0,0,0,0,0.0,0.0,0.0,0.0,0,1,2,0.0,0.0,0.0,0.0,0.0,0.0,0.0,0.0,0.0,0.0,standard
GER-Bundesliga,2020,Union Berlin,Loris Karius,GER,GK,27,1993,4,3,292,3.2,0,0,0,0,0,0,0,0,0.0,0.0,0.0,0.0,0,0,0,0.0,0.0,0.0,0.0,0.0,0.0,0.0,0.0,0.0,0.0,standard
GER-Bundesliga,2020,Union Berlin,Marcus Ingvartsen,DEN,"MF,FW",24,1996,30,24,1963,21.8,3,5,8,3,0,1,4,0,4.0,3.2,2.1,5.3,29,53,107,0.14,0.23,0.37,0.14,0.37,0.18,0.09,0.28,0.15,0.24,standard
GER-Bundesliga,2020,Union Berlin,Marius Bülter,GER,"FW,MF",27,1993,26,8,977,10.9,1,0,1,1,0,0,1,0,1.5,1.5,0.9,2.4,24,17,71,0.09,0.0,0.09,0.09,0.09,0.14,0.08,0.22,0.14,0.22,standard
GER-Bundesliga,2020,Union Berlin,Marvin Friedrich,GER,DF,24,1995,34,34,3060,34.0,5,2,7,5,0,0,1,0,1.6,1.6,2.5,4.1,30,123,13,0.15,0.06,0.21,0.15,0.21,0.05,0.07,0.12,0.05,0.12,standard
GER-Bundesliga,2020,Union Berlin,Max Kruse,GER,"FW,MF",32,1988,22,19,1629,18.1,11,5,16,6,5,6,0,0,6.8,2.0,4.2,6.2,38,74,116,0.61,0.28,0.88,0.33,0.61,0.38,0.23,0.61,0.11,0.34,standard
GER-Bundesliga,2020,Union Berlin,Nico Schlotterbeck,GER,DF,20,1999,16,15,1285,14.3,1,0,1,1,0,0,4,1,2.3,2.3,0.6,2.9,23,74,5,0.07,0.0,0.07,0.07,0.07,0.16,0.04,0.2,0.16,0.2,standard
GER-Bundesliga,2020,Union Berlin,Niko Gießelmann,GER,DF,28,1991,13,4,430,4.8,0,0,0,0,0,0,3,0,0.1,0.1,0.2,0.4,5,23,24,0.0,0.0,0.0,0.0,0.0,0.02,0.05,0.07,0.02,0.07,standard
GER-Bundesliga,2020,Union Berlin,Petar Musa,CRO,FW,22,1998,14,8,715,7.9,1,3,4,1,0,0,2,0,3.2,3.2,1.0,4.2,5,10,46,0.13,0.38,0.5,0.13,0.5,0.41,0.12,0.53,0.41,0.53,standard
GER-Bundesliga,2020,Union Berlin,Robert Andrich,GER,MF,25,1994,29,29,2526,28.1,5,2,7,5,0,0,5,1,2.6,2.6,2.0,4.5,25,128,31,0.18,0.07,0.25,0.18,0.25,0.09,0.07,0.16,0.09,0.16,standard
GER-Bundesliga,2020,Union Berlin,Robin Knoche,GER,DF,28,1992,34,34,3042,33.8,1,0,1,1,0,0,4,0,1.3,1.3,0.2,1.5,16,102,2,0.03,0.0,0.03,0.03,0.03,0.04,0.01,0.04,0.04,0.04,standard
GER-Bundesliga,2020,Union Berlin,Sebastian Griesbeck,GER,MF,29,1990,24,8,890,9.9,0,0,0,0,0,0,3,0,0.5,0.5,0.0,0.5,3,20,24,0.0,0.0,0.0,0.0,0.0,0.05,0.0,0.05,0.05,0.05,standard
GER-Bundesliga,2020,Union Berlin,Sheraldo Becker,SUR,"FW,MF",25,1995,18,15,1106,12.3,3,3,6,3,0,0,2,0,1.5,1.5,3.1,4.6,61,22,87,0.24,0.24,0.49,0.24,0.49,0.12,0.25,0.37,0.12,0.37,standard
GER-Bundesliga,2020,Union Berlin,Taiwo Awoniyi,NGA,FW,22,1997,21,16,1359,15.1,5,2,7,5,0,0,0,0,6.1,6.1,1.3,7.4,19,16,108,0.33,0.13,0.46,0.33,0.46,0.4,0.08,0.49,0.4,0.49,standard
GER-Bundesliga,2020,Union Berlin,Tim Maciejewski,GER,FW,19,2001,1,0,8,0.1,0,0,0,0,0,0,0,0,0.0,0.0,0.0,0.0,0,0,2,0.0,0.0,0.0,0.0,0.0,0.0,0.0,0.0,0.0,0.0,standard
GER-Bundesliga,2020,Werder Bremen,Christian Groß,GER,"MF,DF",31,1989,23,17,1468,16.3,0,1,1,0,0,0,8,1,0.3,0.3,0.6,1.0,14,55,9,0.0,0.06,0.06,0.0,0.06,0.02,0.04,0.06,0.02,0.06,standard
GER-Bundesliga,2020,Werder Bremen,Davie Selke,GER,FW,25,1995,23,7,813,9.0,3,1,4,2,1,1,4,0,3.7,2.9,0.4,3.3,10,15,46,0.33,0.11,0.44,0.22,0.33,0.41,0.05,0.46,0.32,0.37,standard
GER-Bundesliga,2020,Werder Bremen,Davy Klaassen,NED,MF,27,1993,3,3,222,2.5,0,0,0,0,0,0,1,0,0.1,0.1,0.1,0.2,1,10,2,0.0,0.0,0.0,0.0,0.0,0.05,0.03,0.08,0.05,0.08,standard
GER-Bundesliga,2020,Werder Bremen,Eren Dinkçi,GER,"MF,FW",18,2001,8,1,108,1.2,1,0,1,1,0,0,0,1,0.5,0.5,0.2,0.7,2,4,5,0.83,0.0,0.83,0.83,0.83,0.43,0.17,0.6,0.43,0.6,standard
GER-Bundesliga,2020,Werder Bremen,Felix Agu,GER,DF,20,1999,15,8,701,7.8,1,0,1,1,0,0,0,0,0.6,0.6,0.5,1.1,7,9,33,0.13,0.0,0.13,0.13,0.13,0.08,0.06,0.14,0.08,0.14,standard
GER-Bundesliga,2020,Werder Bremen,Ilia Gruev,BUL,FW,20,2000,1,0,1,0.0,0,0,0,0,0,0,0,0,0.0,0.0,0.0,0.0,0,0,0,0.0,0.0,0.0,0.0,0.0,0.0,0.0,0.0,0.0,0.0,standard
GER-Bundesliga,2020,Werder Bremen,Jean-Manuel Mbom,GER,"MF,DF",20,2000,21,15,1160,12.9,0,1,1,0,0,0,7,0,0.3,0.3,0.4,0.8,14,21,44,0.0,0.08,0.08,0.0,0.08,0.02,0.03,0.06,0.02,0.06,standard
GER-Bundesliga,2020,Werder Bremen,Jiří Pavlenka,CZE,GK,28,1992,34,34,3060,34.0,0,0,0,0,0,0,2,0,0.0,0.0,0.0,0.0,0,0,0,0.0,0.0,0.0,0.0,0.0,0.0,0.0,0.0,0.0,0.0,standard
GER-Bundesliga,2020,Werder Bremen,Johannes Eggestein,GER,"FW,MF",22,1998,2,0,33,0.4,0,0,0,0,0,0,0,0,0.0,0.0,0.0,0.0,1,1,2,0.0,0.0,0.0,0.0,0.0,0.0,0.12,0.12,0.0,0.12,standard
GER-Bundesliga,2020,Werder Bremen,Josh Sargent,USA,"FW,MF",20,2000,32,30,2506,27.8,5,2,7,5,0,0,7,0,5.5,5.5,3.8,9.3,28,45,114,0.18,0.07,0.25,0.18,0.25,0.2,0.14,0.34,0.2,0.34,standard
GER-Bundesliga,2020,Werder Bremen,Kevin Möhwald,GER,MF,27,1993,27,17,1555,17.3,5,1,6,5,0,0,4,1,1.7,1.7,0.8,2.4,12,76,24,0.29,0.06,0.35,0.29,0.35,0.1,0.04,0.14,0.1,0.14,standard
GER-Bundesliga,2020,Werder Bremen,Leonardo Bittencourt,GER,"MF,FW",26,1993,27,19,1514,16.8,4,1,5,3,1,1,3,0,4.3,3.6,1.0,4.6,40,42,106,0.24,0.06,0.3,0.18,0.24,0.26,0.06,0.32,0.21,0.27,standard
GER-Bundesliga,2020,Werder Bremen,Ludwig Augustinsson,SWE,"DF,FW",26,1994,23,21,1957,21.7,0,4,4,0,0,0,4,0,0.9,0.9,2.7,3.6,38,60,108,0.0,0.18,0.18,0.0,0.18,0.04,0.13,0.17,0.04,0.17,standard
GER-Bundesliga,2020,Werder Bremen,Marco Friedl,AUT,DF,22,1998,32,31,2785,30.9,0,0,0,0,0,0,6,0,0.4,0.4,0.8,1.2,25,125,15,0.0,0.0,0.0,0.0,0.0,0.01,0.02,0.04,0.01,0.04,standard
GER-Bundesliga,2020,Werder Bremen,Maximilian Eggestein,GER,MF,23,1996,33,33,2942,32.7,2,5,7,2,0,0,5,0,1.0,1.0,3.3,4.3,45,192,68,0.06,0.15,0.21,0.06,0.21,0.03,0.1,0.13,0.03,0.13,standard
GER-Bundesliga,2020,Werder Bremen,Milot Rashica,KVX,"FW,MF",24,1996,24,14,1462,16.2,3,2,5,2,1,1,0,0,4.4,3.6,1.6,5.2,52,31,134,0.18,0.12,0.31,0.12,0.25,0.27,0.1,0.37,0.22,0.32,standard
GER-Bundesliga,2020,Werder Bremen,Miloš Veljković,SRB,DF,24,1995,23,19,1723,19.1,0,0,0,0,0,0,1,0,0.3,0.3,0.0,0.3,3,56,3,0.0,0.0,0.0,0.0,0.0,0.02,0.0,0.02,0.02,0.02,standard
GER-Bundesliga,2020,Werder Bremen,Nick Woltemade,GER,"MF,FW",18,2002,6,1,147,1.6,0,1,1,0,0,0,1,0,0.3,0.3,0.1,0.5,4,6,10,0.0,0.61,0.61,0.0,0.61,0.2,0.09,0.29,0.2,0.29,standard
GER-Bundesliga,2020,Werder Bremen,Niclas Füllkrug,GER,FW,27,1993,19,10,877,9.7,6,0,6,4,2,2,1,0,5.0,3.5,0.2,3.7,9,22,68,0.62,0.0,0.62,0.41,0.41,0.52,0.02,0.54,0.35,0.38,standard
GER-Bundesliga,2020,Werder Bremen,Niklas Moisander,FIN,DF,34,1985,18,12,1222,13.6,0,0,0,0,0,0,3,0,0.0,0.0,0.1,0.1,14,57,0,0.0,0.0,0.0,0.0,0.0,0.0,0.0,0.0,0.0,0.0,standard
GER-Bundesliga,2020,Werder Bremen,Patrick Erras,GER,"FW,MF",25,1995,4,0,26,0.3,0,0,0,0,0,0,0,0,0.0,0.0,0.0,0.0,0,1,7,0.0,0.0,0.0,0.0,0.0,0.0,0.09,0.09,0.0,0.09,standard
GER-Bundesliga,2020,Werder Bremen,Philipp Bargfrede,GER,MF,31,1989,1,0,27,0.3,0,0,0,0,0,0,0,0,0.0,0.0,0.0,0.0,1,2,1,0.0,0.0,0.0,0.0,0.0,0.0,0.0,0.0,0.0,0.0,standard
GER-Bundesliga,2020,Werder Bremen,Romano Schmid,AUT,"MF,FW",20,2000,22,13,1177,13.1,0,3,3,0,0,0,2,0,0.7,0.7,1.3,2.0,19,57,63,0.0,0.23,0.23,0.0,0.23,0.05,0.1,0.15,0.05,0.15,standard
GER-Bundesliga,2020,Werder Bremen,Tahith Chong,NED,"MF,FW",20,1999,13,4,386,4.3,0,1,1,0,0,0,1,0,0.3,0.3,0.6,1.0,12,12,26,0.0,0.23,0.23,0.0,0.23,0.08,0.15,0.23,0.08,0.23,standard
GER-Bundesliga,2020,Werder Bremen,Theodor Gebre Selassie,CZE,DF,33,1986,34,34,3032,33.7,3,1,4,3,0,0,3,0,1.5,1.5,1.1,2.7,37,84,123,0.09,0.03,0.12,0.09,0.12,0.05,0.03,0.08,0.05,0.08,standard
GER-Bundesliga,2020,Werder Bremen,Yuya Osako,JPN,"MF,FW",30,1990,24,7,762,8.5,0,1,1,0,0,0,3,0,0.5,0.5,1.7,2.2,14,30,42,0.0,0.12,0.12,0.0,0.12,0.06,0.2,0.26,0.06,0.26,standard
GER-Bundesliga,2020,Werder Bremen,Ömer Toprak,TUR,DF,31,1989,26,24,1940,21.6,2,0,2,2,0,0,1,0,0.7,0.7,0.0,0.8,12,52,1,0.09,0.0,0.09,0.09,0.09,0.03,0.0,0.04,0.03,0.04,standard
GER-Bundesliga,2020,Wolfsburg,Admir Mehmedi,SUI,"MF,FW",29,1991,18,8,820,9.1,0,2,2,0,0,0,0,0,0.6,0.6,2.4,3.0,17,71,60,0.0,0.22,0.22,0.0,0.22,0.07,0.27,0.33,0.07,0.33,standard
GER-Bundesliga,2020,Wolfsburg,Bartosz Białek,POL,"FW,MF",18,2001,19,1,270,3.0,2,0,2,2,0,0,1,0,1.9,1.9,0.2,2.1,3,12,15,0.67,0.0,0.67,0.67,0.67,0.64,0.07,0.71,0.64,0.71,standard
GER-Bundesliga,2020,Wolfsburg,Daniel Ginczek,GER,"FW,MF",29,1991,11,1,215,2.4,0,0,0,0,0,0,0,0,0.2,0.2,0.2,0.3,2,9,14,0.0,0.0,0.0,0.0,0.0,0.07,0.06,0.13,0.07,0.13,standard
GER-Bundesliga,2020,Wolfsburg,Felix Klaus,GER,"DF,MF",27,1992,6,1,137,1.5,0,0,0,0,0,0,0,0,0.0,0.0,0.0,0.0,2,3,5,0.0,0.0,0.0,0.0,0.0,0.01,0.0,0.01,0.01,0.01,standard
GER-Bundesliga,2020,Wolfsburg,John Brooks,USA,DF,27,1993,32,31,2774,30.8,2,0,2,2,0,0,5,0,1.6,1.6,0.4,2.1,28,144,6,0.06,0.0,0.06,0.06,0.06,0.05,0.01,0.07,0.05,0.07,standard
GER-Bundesliga,2020,Wolfsburg,Josip Brekalo,CRO,FW,22,1998,29,22,1814,20.2,7,3,10,7,0,0,1,0,3.6,3.6,3.8,7.4,69,82,155,0.35,0.15,0.5,0.35,0.5,0.18,0.19,0.37,0.18,0.37,standard
GER-Bundesliga,2020,Wolfsburg,Josuha Guilavogui,FRA,"MF,DF",29,1990,20,7,747,8.3,0,1,1,0,0,0,3,0,0.4,0.4,0.7,1.0,2,39,7,0.0,0.12,0.12,0.0,0.12,0.05,0.08,0.12,0.05,0.12,standard
GER-Bundesliga,2020,Wolfsburg,Jérôme Roussillon,FRA,DF,27,1993,20,14,1229,13.7,0,2,2,0,0,0,0,0,0.8,0.8,1.7,2.5,35,43,69,0.0,0.15,0.15,0.0,0.15,0.06,0.12,0.18,0.06,0.18,standard
GER-Bundesliga,2020,Wolfsburg,Kevin Mbabu,SUI,DF,25,1995,22,19,1642,18.2,0,1,1,0,0,0,7,0,0.6,0.6,1.0,1.6,59,117,80,0.0,0.05,0.05,0.0,0.05,0.03,0.06,0.09,0.03,0.09,standard
GER-Bundesliga,2020,Wolfsburg,Koen Casteels,BEL,GK,28,1992,32,32,2880,32.0,0,0,0,0,0,0,0,0,0.0,0.0,0.0,0.0,0,0,0,0.0,0.0,0.0,0.0,0.0,0.0,0.0,0.0,0.0,0.0,standard
GER-Bundesliga,2020,Wolfsburg,Marin Pongračić,CRO,DF,22,1997,10,7,575,6.4,0,0,0,0,0,0,2,1,0.1,0.1,0.0,0.1,2,20,0,0.0,0.0,0.0,0.0,0.0,0.01,0.0,0.01,0.01,0.01,standard
GER-Bundesliga,2020,Wolfsburg,Maxence Lacroix,FRA,DF,20,2000,30,29,2590,28.8,1,1,2,1,0,0,5,0,1.4,1.4,0.3,1.7,21,126,6,0.03,0.03,0.07,0.03,0.07,0.05,0.01,0.06,0.05,0.06,standard
GER-Bundesliga,2020,Wolfsburg,Maximilian Arnold,GER,MF,26,1994,30,30,2585,28.7,3,6,9,3,0,0,7,1,2.4,2.4,4.2,6.6,30,180,33,0.1,0.21,0.31,0.1,0.31,0.08,0.15,0.23,0.08,0.23,standard
GER-Bundesliga,2020,Wolfsburg,Maximilian Philipp,GER,MF,26,1994,24,13,1111,12.3,6,2,8,6,0,0,3,0,3.5,3.5,1.1,4.5,8,28,71,0.49,0.16,0.65,0.49,0.65,0.28,0.09,0.37,0.28,0.37,standard
GER-Bundesliga,2020,Wolfsburg,Omar Marmoush,EGY,FW,21,1999,1,0,1,0.0,0,0,0,0,0,0,0,0,0.0,0.0,0.0,0.0,0,0,1,0.0,0.0,0.0,0.0,0.0,0.0,0.0,0.0,0.0,0.0,standard
GER-Bundesliga,2020,Wolfsburg,Paulo Otávio,BRA,DF,25,1994,23,19,1737,19.3,0,2,2,0,0,0,7,1,0.5,0.5,1.8,2.4,69,58,83,0.0,0.1,0.1,0.0,0.1,0.03,0.09,0.12,0.03,0.12,standard
GER-Bundesliga,2020,Wolfsburg,Pavao Pervan,AUT,GK,32,1987,2,2,180,2.0,0,0,0,0,0,0,0,0,0.0,0.0,0.0,0.0,0,0,0,0.0,0.0,0.0,0.0,0.0,0.0,0.0,0.0,0.0,0.0,standard
GER-Bundesliga,2020,Wolfsburg,Renato Steffen,SUI,"FW,MF",28,1991,21,19,1566,17.4,5,4,9,5,0,0,3,0,4.1,4.1,2.3,6.4,39,69,113,0.29,0.23,0.52,0.29,0.52,0.24,0.13,0.37,0.24,0.37,standard
GER-Bundesliga,2020,Wolfsburg,Ridle Baku,GER,"FW,DF",22,1998,32,31,2678,29.8,6,7,13,6,0,0,1,0,3.4,3.4,4.1,7.6,69,104,243,0.2,0.24,0.44,0.2,0.44,0.12,0.14,0.25,0.12,0.25,standard
GER-Bundesliga,2020,Wolfsburg,Tim Siersleben,GER,DF,20,2000,1,0,34,0.4,0,0,0,0,0,0,0,0,0.1,0.1,0.0,0.1,0,1,0,0.0,0.0,0.0,0.0,0.0,0.13,0.0,0.13,0.13,0.13,standard
GER-Bundesliga,2020,Wolfsburg,Victor Sá,BRA,FW,26,1994,21,3,469,5.2,1,1,2,1,0,0,0,0,0.5,0.5,1.1,1.6,20,15,66,0.19,0.19,0.38,0.19,0.38,0.09,0.22,0.31,0.09,0.31,standard
GER-Bundesliga,2020,Wolfsburg,William,BRA,"MF,FW",25,1995,2,0,2,0.0,0,0,0,0,0,0,0,0,0.0,0.0,0.0,0.0,0,0,0,0.0,0.0,0.0,0.0,0.0,0.0,0.0,0.0,0.0,0.0,standard
GER-Bundesliga,2020,Wolfsburg,Wout Weghorst,NED,FW,27,1992,34,33,2941,32.7,20,8,28,18,2,3,3,0,17.0,14.8,5.2,20.0,22,59,184,0.61,0.24,0.86,0.55,0.8,0.52,0.16,0.68,0.45,0.61,standard
GER-Bundesliga,2020,Wolfsburg,Xaver Schlager,AUT,MF,22,1997,32,30,2626,29.2,2,4,6,2,0,0,7,0,3.1,3.1,3.9,7.0,47,141,62,0.07,0.14,0.21,0.07,0.21,0.11,0.13,0.24,0.11,0.24,standard
GER-Bundesliga,2020,Wolfsburg,Yannick Gerhardt,GER,"MF,FW",26,1994,29,21,1936,21.5,2,4,6,2,0,0,3,0,3.9,3.9,3.4,7.3,51,74,107,0.09,0.19,0.28,0.09,0.28,0.18,0.16,0.34,0.18,0.34,standard
GER-Bundesliga,2020,Wolfsburg,Yunus Mallı,TUR,MF,28,1992,1,1,58,0.6,0,0,0,0,0,0,0,0,0.0,0.0,0.1,0.1,0,2,1,0.0,0.0,0.0,0.0,0.0,0.0,0.15,0.15,0.0,0.15,standard
