Saison,Équipe,Nom,Valeur marchande,Valeur marchande (euros)
"2020/2021,manchester-city,Ederson,""50,00 mio. €"","
"2020/2021,manchester-city,Zack Steffen,""6,00 mio. €"","
2020/2021,manchester-city,Scott Carson,300 K €,
2020/2021,manchester-city,James Trafford,-,
"2020/2021,manchester-city,Rúben Dias,""75,00 mio. €"","
"2020/2021,manchester-city,Aymeric Laporte,""45,00 mio. €"","
"2020/2021,manchester-city,Nathan Aké,""32,00 mio. €"","
"2020/2021,manchester-city,John Stones,""30,00 mio. €"","
"2020/2021,manchester-city,Eric García,""20,00 mio. €"","
"2020/2021,manchester-city,Nicolás Otamendi,""8,00 mio. €"","
"2020/2021,manchester-city,Taylor Harwood-Bellis,""3,00 mio. €"","
"2020/2021,manchester-city,Philippe Sandler,""2,50 mio. €"","
2020/2021,manchester-city,Luke Mbete,-,
"2020/2021,manchester-city,Oleksandr Zinchenko,""25,00 mio. €"","
"2020/2021,manchester-city,Benjamin Mendy,""20,00 mio. €"","
"2020/2021,manchester-city,João Cancelo,""55,00 mio. €"","
"2020/2021,manchester-city,Kyle Walker,""28,00 mio. €"","
"2020/2021,manchester-city,Rodri,""70,00 mio. €"","
"2020/2021,manchester-city,Fernandinho,""2,00 mio. €"","
2020/2021,manchester-city,Claudio Gomes,450 K €,
"2020/2021,manchester-city,İlkay Gündoğan,""40,00 mio. €"","
"2020/2021,manchester-city,Adrián Bernabé,""2,30 mio. €"","
"2020/2021,manchester-city,Tommy Doyle,""1,00 mio. €"","
2020/2021,manchester-city,Felix Nmecha,450 K €,
"2020/2021,manchester-city,Kevin De Bruyne,""100,00 mio. €"","
"2020/2021,manchester-city,Bernardo Silva,""70,00 mio. €"","
2020/2021,manchester-city,Cole Palmer,500 K €,
"2020/2021,manchester-city,Raheem Sterling,""90,00 mio. €"","
"2020/2021,manchester-city,Phil Foden,""80,00 mio. €"","
"2020/2021,manchester-city,Ferran Torres,""50,00 mio. €"","
"2020/2021,manchester-city,Riyad Mahrez,""42,00 mio. €"","
"2020/2021,manchester-city,Jack Harrison,""15,00 mio. €"","
"2020/2021,manchester-city,Patrick Roberts,""2,00 mio. €"","
"2020/2021,manchester-city,Gabriel Jesus,""60,00 mio. €"","
"2020/2021,manchester-city,Sergio Agüero,""18,00 mio. €"","
"2020/2021,manchester-city,Liam Delap,""1,00 mio. €"","
"2020/2021,fc-liverpool,Alisson,""60,00 mio. €"","
"2020/2021,fc-liverpool,Caoimhín Kelleher,""2,50 mio. €"","
"2020/2021,fc-liverpool,Adrián,""1,00 mio. €"","
2020/2021,fc-liverpool,Harvey Davies,-,
2020/2021,fc-liverpool,Vitezslav Jaros,-,
2020/2021,fc-liverpool,Jakub Ojrzynski,-,
2020/2021,fc-liverpool,Liam Hughes,-,
"2020/2021,fc-liverpool,Virgil van Dijk,""55,00 mio. €"","
"2020/2021,fc-liverpool,Joe Gomez,""30,00 mio. €"","
"2020/2021,fc-liverpool,Ozan Kabak,""25,00 mio. €"","
"2020/2021,fc-liverpool,Joel Matip,""18,00 mio. €"","
"2020/2021,fc-liverpool,Nat Phillips,""8,00 mio. €"","
"2020/2021,fc-liverpool,Rhys Williams,""5,00 mio. €"","
"2020/2021,fc-liverpool,Ben Davies,""3,00 mio. €"","
"2020/2021,fc-liverpool,Sepp van den Berg,""2,50 mio. €"","
2020/2021,fc-liverpool,Billy Koumetio,500 K €,
"2020/2021,fc-liverpool,Andrew Robertson,""65,00 mio. €"","
"2020/2021,fc-liverpool,Konstantinos Tsimikas,""8,00 mio. €"","
"2020/2021,fc-liverpool,Trent Alexander-Arnold,""75,00 mio. €"","
"2020/2021,fc-liverpool,Neco Williams,""8,00 mio. €"","
"2020/2021,fc-liverpool,Fabinho,""60,00 mio. €"","
"2020/2021,fc-liverpool,Marko Grujić,""15,00 mio. €"","
"2020/2021,fc-liverpool,Naby Keïta,""32,00 mio. €"","
"2020/2021,fc-liverpool,Georginio Wijnaldum,""30,00 mio. €"","
"2020/2021,fc-liverpool,Thiago Alcántara,""30,00 mio. €"","
"2020/2021,fc-liverpool,Curtis Jones,""30,00 mio. €"","
"2020/2021,fc-liverpool,Jordan Henderson,""20,00 mio. €"","
"2020/2021,fc-liverpool,Alex Oxlade-Chamberlain,""18,00 mio. €"","
"2020/2021,fc-liverpool,Harvey Elliott,""15,00 mio. €"","
"2020/2021,fc-liverpool,James Milner,""3,00 mio. €"","
2020/2021,fc-liverpool,Jake Cain,-,
"2020/2021,fc-liverpool,Xherdan Shaqiri,""12,00 mio. €"","
"2020/2021,fc-liverpool,Ben Woodburn,""2,00 mio. €"","
2020/2021,fc-liverpool,Leighton Clarkson,150 K €,
"2020/2021,fc-liverpool,Sadio Mané,""85,00 mio. €"","
"2020/2021,fc-liverpool,Takumi Minamino,""12,00 mio. €"","
"2020/2021,fc-liverpool,Mohamed Salah,""100,00 mio. €"","
"2020/2021,fc-liverpool,Harry Wilson,""17,00 mio. €"","
"2020/2021,fc-liverpool,Sheyi Ojo,""3,00 mio. €"","
"2020/2021,fc-liverpool,Roberto Firmino,""50,00 mio. €"","
"2020/2021,fc-liverpool,Diogo Jota,""45,00 mio. €"","
"2020/2021,fc-liverpool,Rhian Brewster,""12,00 mio. €"","
"2020/2021,fc-liverpool,Divock Origi,""12,00 mio. €"","
"2020/2021,fc-chelsea,Edouard Mendy,""25,00 mio. €"","
"2020/2021,fc-chelsea,Kepa Arrizabalaga,""13,00 mio. €"","
2020/2021,fc-chelsea,Jamal Blackman,600 K €,
2020/2021,fc-chelsea,Nathan Baxter,300 K €,
2020/2021,fc-chelsea,Willy Caballero,250 K €,
2020/2021,fc-chelsea,Karlo Ziger,150 K €,
"2020/2021,fc-chelsea,Kurt Zouma,""32,00 mio. €"","
"2020/2021,fc-chelsea,Andreas Christensen,""30,00 mio. €"","
"2020/2021,fc-chelsea,Antonio Rüdiger,""28,00 mio. €"","
"2020/2021,fc-chelsea,Fikayo Tomori,""28,00 mio. €"","
"2020/2021,fc-chelsea,César Azpilicueta,""13,00 mio. €"","
"2020/2021,fc-chelsea,Thiago Silva,""3,00 mio. €"","
"2020/2021,fc-chelsea,Jake Clarke-Salter,""2,00 mio. €"","
"2020/2021,fc-chelsea,Ben Chilwell,""45,00 mio. €"","
"2020/2021,fc-chelsea,Marcos Alonso,""12,00 mio. €"","
"2020/2021,fc-chelsea,Emerson,""12,00 mio. €"","
"2020/2021,fc-chelsea,Reece James,""40,00 mio. €"","
2020/2021,fc-chelsea,Tino Livramento,-,
"2020/2021,fc-chelsea,N'Golo Kanté,""55,00 mio. €"","
"2020/2021,fc-chelsea,Jorginho,""40,00 mio. €"","
"2020/2021,fc-chelsea,Ethan Ampadu,""15,00 mio. €"","
"2020/2021,fc-chelsea,Billy Gilmour,""10,00 mio. €"","
"2020/2021,fc-chelsea,Mateo Kovacic,""45,00 mio. €"","
"2020/2021,fc-chelsea,Ross Barkley,""20,00 mio. €"","
"2020/2021,fc-chelsea,Ruben Loftus-Cheek,""18,00 mio. €"","
"2020/2021,fc-chelsea,Conor Gallagher,""15,00 mio. €"","
2020/2021,fc-chelsea,Lewis Bate,-,
"2020/2021,fc-chelsea,Mason Mount,""75,00 mio. €"","
"2020/2021,fc-chelsea,Tino Anjorin,""2,30 mio. €"","
"2020/2021,fc-chelsea,Timo Werner,""65,00 mio. €"","
"2020/2021,fc-chelsea,Callum Hudson-Odoi,""32,00 mio. €"","
"2020/2021,fc-chelsea,Izzy Brown,""1,60 mio. €"","
"2020/2021,fc-chelsea,Charly Musonda Jr.,""1,00 mio. €"","
"2020/2021,fc-chelsea,Christian Pulisic,""50,00 mio. €"","
"2020/2021,fc-chelsea,Hakim Ziyech,""38,00 mio. €"","
"2020/2021,fc-chelsea,Kai Havertz,""70,00 mio. €"","
"2020/2021,fc-chelsea,Tammy Abraham,""38,00 mio. €"","
"2020/2021,fc-chelsea,Michy Batshuayi,""10,00 mio. €"","
"2020/2021,fc-chelsea,Olivier Giroud,""4,00 mio. €"","
"2020/2021,manchester-united,Dean Henderson,""22,00 mio. €"","
"2020/2021,manchester-united,David de Gea,""18,00 mio. €"","
"2020/2021,manchester-united,Sergio Romero,""1,00 mio. €"","
2020/2021,manchester-united,Joel Pereira,300 K €,
2020/2021,manchester-united,Nathan Bishop,300 K €,
2020/2021,manchester-united,Lee Grant,250 K €,
"2020/2021,manchester-united,Harry Maguire,""45,00 mio. €"","
"2020/2021,manchester-united,Victor Lindelöf,""24,00 mio. €"","
"2020/2021,manchester-united,Eric Bailly,""15,00 mio. €"","
"2020/2021,manchester-united,Phil Jones,""5,00 mio. €"","
"2020/2021,manchester-united,Teden Mengi,""1,50 mio. €"","
2020/2021,manchester-united,Will Fish,500 K €,
"2020/2021,manchester-united,Luke Shaw,""35,00 mio. €"","
"2020/2021,manchester-united,Alex Telles,""20,00 mio. €"","
"2020/2021,manchester-united,Brandon Williams,""10,00 mio. €"","
"2020/2021,manchester-united,Aaron Wan-Bissaka,""40,00 mio. €"","
"2020/2021,manchester-united,Diogo Dalot,""10,00 mio. €"","
"2020/2021,manchester-united,Axel Tuanzebe,""8,00 mio. €"","
"2020/2021,manchester-united,Timothy Fosu-Mensah,""4,00 mio. €"","
"2020/2021,manchester-united,Nemanja Matic,""8,00 mio. €"","
"2020/2021,manchester-united,Paul Pogba,""60,00 mio. €"","
"2020/2021,manchester-united,Scott McTominay,""35,00 mio. €"","
"2020/2021,manchester-united,Donny van de Beek,""30,00 mio. €"","
"2020/2021,manchester-united,Fred,""22,00 mio. €"","
2020/2021,manchester-united,Ethan Galbraith,900 K €,
"2020/2021,manchester-united,Bruno Fernandes,""90,00 mio. €"","
"2020/2021,manchester-united,Jesse Lingard,""22,00 mio. €"","
"2020/2021,manchester-united,Juan Mata,""4,00 mio. €"","
"2020/2021,manchester-united,Hannibal,""3,00 mio. €"","
"2020/2021,manchester-united,Marcus Rashford,""85,00 mio. €"","
"2020/2021,manchester-united,Shola Shoretire,""3,00 mio. €"","
"2020/2021,manchester-united,Mason Greenwood,""50,00 mio. €"","
"2020/2021,manchester-united,Amad Diallo,""18,00 mio. €"","
"2020/2021,manchester-united,Daniel James,""18,00 mio. €"","
"2020/2021,manchester-united,Facundo Pellistri,""6,00 mio. €"","
2020/2021,manchester-united,Anthony Elanga,800 K €,
"2020/2021,manchester-united,Anthony Martial,""45,00 mio. €"","
"2020/2021,manchester-united,Edinson Cavani,""6,00 mio. €"","
"2020/2021,manchester-united,Odion Ighalo,""3,50 mio. €"","
"2020/2021,tottenham-hotspur,Hugo Lloris,""9,00 mio. €"","
"2020/2021,tottenham-hotspur,Paulo Gazzaniga,""3,00 mio. €"","
"2020/2021,tottenham-hotspur,Joe Hart,""2,00 mio. €"","
"2020/2021,tottenham-hotspur,Alfie Whiteman,""1,00 mio. €"","
2020/2021,tottenham-hotspur,Brandon Austin,250 K €,
"2020/2021,tottenham-hotspur,Davinson Sánchez,""32,00 mio. €"","
"2020/2021,tottenham-hotspur,Eric Dier,""22,00 mio. €"","
"2020/2021,tottenham-hotspur,Ben Davies,""16,00 mio. €"","
"2020/2021,tottenham-hotspur,Toby Alderweireld,""11,00 mio. €"","
"2020/2021,tottenham-hotspur,Joe Rodon,""10,00 mio. €"","
"2020/2021,tottenham-hotspur,Japhet Tanganga,""8,00 mio. €"","
"2020/2021,tottenham-hotspur,Cameron Carter-Vickers,""2,00 mio. €"","
"2020/2021,tottenham-hotspur,Sergio Reguilón,""25,00 mio. €"","
"2020/2021,tottenham-hotspur,Ryan Sessegnon,""18,00 mio. €"","
"2020/2021,tottenham-hotspur,Danny Rose,""3,00 mio. €"","
2020/2021,tottenham-hotspur,Dennis Cirkin,-,
"2020/2021,tottenham-hotspur,Serge Aurier,""20,00 mio. €"","
"2020/2021,tottenham-hotspur,Matt Doherty,""16,00 mio. €"","
2020/2021,tottenham-hotspur,Marcel Lavinier,200 K €,
"2020/2021,tottenham-hotspur,Pierre-Emile Højbjerg,""35,00 mio. €"","
"2020/2021,tottenham-hotspur,Harry Winks,""20,00 mio. €"","
"2020/2021,tottenham-hotspur,Oliver Skipp,""10,00 mio. €"","
2020/2021,tottenham-hotspur,Harvey White,600 K €,
2020/2021,tottenham-hotspur,Jamie Bowden,-,
"2020/2021,tottenham-hotspur,Tanguy Ndombélé,""50,00 mio. €"","
"2020/2021,tottenham-hotspur,Giovani Lo Celso,""27,00 mio. €"","
"2020/2021,tottenham-hotspur,Gedson Fernandes,""12,50 mio. €"","
"2020/2021,tottenham-hotspur,Moussa Sissoko,""10,00 mio. €"","
2020/2021,tottenham-hotspur,Nile John,200 K €,
"2020/2021,tottenham-hotspur,Dele Alli,""30,00 mio. €"","
2020/2021,tottenham-hotspur,Alfie Devine,500 K €,
"2020/2021,tottenham-hotspur,Heung-min Son,""85,00 mio. €"","
"2020/2021,tottenham-hotspur,Steven Bergwijn,""22,00 mio. €"","
"2020/2021,tottenham-hotspur,Jack Clarke,""5,00 mio. €"","
"2020/2021,tottenham-hotspur,Lucas Moura,""25,00 mio. €"","
"2020/2021,tottenham-hotspur,Gareth Bale,""18,00 mio. €"","
"2020/2021,tottenham-hotspur,Erik Lamela,""16,00 mio. €"","
2020/2021,tottenham-hotspur,Dilan Markanday,-,
"2020/2021,tottenham-hotspur,Harry Kane,""120,00 mio. €"","
"2020/2021,tottenham-hotspur,Carlos Vinícius,""18,00 mio. €"","
2020/2021,tottenham-hotspur,Dane Scarlett,250 K €,
"2020/2021,fc-arsenal,Emiliano Martínez,""30,00 mio. €"","
"2020/2021,fc-arsenal,Bernd Leno,""22,00 mio. €"","
"2020/2021,fc-arsenal,Mathew Ryan,""6,00 mio. €"","
"2020/2021,fc-arsenal,Rúnar Alex Rúnarsson,""1,50 mio. €"","
2020/2021,fc-arsenal,Karl Hein,450 K €,
2020/2021,fc-arsenal,Matt Macey,300 K €,
2020/2021,fc-arsenal,Dejan Iliev,300 K €,
2020/2021,fc-arsenal,James Hillson,-,
2020/2021,fc-arsenal,Arthur Okonkwo,-,
"2020/2021,fc-arsenal,Gabriel Magalhães,""25,00 mio. €"","
"2020/2021,fc-arsenal,William Saliba,""18,00 mio. €"","
"2020/2021,fc-arsenal,Rob Holding,""18,00 mio. €"","
"2020/2021,fc-arsenal,Calum Chambers,""12,00 mio. €"","
"2020/2021,fc-arsenal,Pablo Marí,""7,00 mio. €"","
"2020/2021,fc-arsenal,Sead Kolasinac,""6,50 mio. €"","
"2020/2021,fc-arsenal,David Luiz,""4,00 mio. €"","
"2020/2021,fc-arsenal,Shkodran Mustafi,""2,50 mio. €"","
"2020/2021,fc-arsenal,Kieran Tierney,""32,00 mio. €"","
2020/2021,fc-arsenal,Joel López,-,
"2020/2021,fc-arsenal,Héctor Bellerín,""25,00 mio. €"","
"2020/2021,fc-arsenal,Ainsley Maitland-Niles,""16,00 mio. €"","
"2020/2021,fc-arsenal,Cédric Soares,""6,00 mio. €"","
"2020/2021,fc-arsenal,Thomas Partey,""40,00 mio. €"","
"2020/2021,fc-arsenal,Granit Xhaka,""22,00 mio. €"","
"2020/2021,fc-arsenal,Mohamed Elneny,""10,00 mio. €"","
"2020/2021,fc-arsenal,Dani Ceballos,""27,00 mio. €"","
"2020/2021,fc-arsenal,Joe Willock,""16,00 mio. €"","
2020/2021,fc-arsenal,Miguel Azeez,500 K €,
2020/2021,fc-arsenal,Ben Cottrell,200 K €,
2020/2021,fc-arsenal,James Olayinka,-,
"2020/2021,fc-arsenal,Martin Ødegaard,""40,00 mio. €"","
"2020/2021,fc-arsenal,Emile Smith Rowe,""18,00 mio. €"","
"2020/2021,fc-arsenal,Gabriel Martinelli,""22,00 mio. €"","
"2020/2021,fc-arsenal,Willian,""9,00 mio. €"","
"2020/2021,fc-arsenal,Bukayo Saka,""65,00 mio. €"","
"2020/2021,fc-arsenal,Nicolas Pépé,""35,00 mio. €"","
"2020/2021,fc-arsenal,Reiss Nelson,""9,00 mio. €"","
"2020/2021,fc-arsenal,Alexandre Lacazette,""28,00 mio. €"","
"2020/2021,fc-arsenal,Pierre-Emerick Aubameyang,""25,00 mio. €"","
"2020/2021,fc-arsenal,Eddie Nketiah,""16,00 mio. €"","
"2020/2021,fc-arsenal,Folarin Balogun,""4,00 mio. €"","
2020/2021,fc-arsenal,Tyreece John-Jules,-,
"2020/2021,fc-everton,Jordan Pickford,""22,00 mio. €"","
"2020/2021,fc-everton,Robin Olsen,""3,00 mio. €"","
"2020/2021,fc-everton,Jonas Lössl,""1,50 mio. €"","
"2020/2021,fc-everton,João Virgínia,""1,00 mio. €"","
2020/2021,fc-everton,Harry Tyrer,-,
2020/2021,fc-everton,Zan Luk Leban,-,
"2020/2021,fc-everton,Michael Keane,""25,00 mio. €"","
"2020/2021,fc-everton,Ben Godfrey,""25,00 mio. €"","
"2020/2021,fc-everton,Mason Holgate,""20,00 mio. €"","
"2020/2021,fc-everton,Yerry Mina,""20,00 mio. €"","
"2020/2021,fc-everton,Jarrad Branthwaite,""3,00 mio. €"","
2020/2021,fc-everton,Matthew Pennington,600 K €,
2020/2021,fc-everton,Ryan Astley,-,
2020/2021,fc-everton,Reece Welch,-,
"2020/2021,fc-everton,Lucas Digne,""35,00 mio. €"","
"2020/2021,fc-everton,Niels Nkounkou,""3,00 mio. €"","
2020/2021,fc-everton,Thierry Small,100 K €,
"2020/2021,fc-everton,Jonjoe Kenny,""5,80 mio. €"","
"2020/2021,fc-everton,Séamus Coleman,""5,00 mio. €"","
2020/2021,fc-everton,Kyle John,-,
"2020/2021,fc-everton,Allan,""22,00 mio. €"","
"2020/2021,fc-everton,Jean-Philippe Gbamin,""15,00 mio. €"","
"2020/2021,fc-everton,Muhamed Besic,""1,50 mio. €"","
"2020/2021,fc-everton,Beni Baningime,""1,00 mio. €"","
"2020/2021,fc-everton,Abdoulaye Doucouré,""25,00 mio. €"","
"2020/2021,fc-everton,André Gomes,""20,00 mio. €"","
"2020/2021,fc-everton,Tom Davies,""18,00 mio. €"","
"2020/2021,fc-everton,Fabian Delph,""3,50 mio. €"","
2020/2021,fc-everton,Tyler Onyango,200 K €,
2020/2021,fc-everton,Isaac Price,-,
"2020/2021,fc-everton,James Rodríguez,""28,00 mio. €"","
"2020/2021,fc-everton,Gylfi Sigurdsson,""13,00 mio. €"","
"2020/2021,fc-everton,Alex Iwobi,""22,00 mio. €"","
"2020/2021,fc-everton,Bernard,""12,00 mio. €"","
"2020/2021,fc-everton,Anthony Gordon,""5,00 mio. €"","
"2020/2021,fc-everton,Yannick Bolasie,""1,50 mio. €"","
2020/2021,fc-everton,Nathan Broadhead,500 K €,
"2020/2021,fc-everton,Theo Walcott,""5,00 mio. €"","
"2020/2021,fc-everton,Richarlison,""55,00 mio. €"","
"2020/2021,fc-everton,Dominic Calvert-Lewin,""45,00 mio. €"","
"2020/2021,fc-everton,Moise Kean,""35,00 mio. €"","
"2020/2021,fc-everton,Joshua King,""8,00 mio. €"","
"2020/2021,fc-everton,Cenk Tosun,""5,00 mio. €"","
2020/2021,fc-everton,Ellis Simms,-,
"2020/2021,leicester-city,Kasper Schmeichel,""6,00 mio. €"","
"2020/2021,leicester-city,Danny Ward,""6,00 mio. €"","
2020/2021,leicester-city,Eldin Jakupović,300 K €,
2020/2021,leicester-city,Jakub Stolarczyk,-,
"2020/2021,leicester-city,Çağlar Söyüncü,""45,00 mio. €"","
"2020/2021,leicester-city,Wesley Fofana,""40,00 mio. €"","
"2020/2021,leicester-city,Jonny Evans,""7,00 mio. €"","
"2020/2021,leicester-city,Daniel Amartey,""5,00 mio. €"","
2020/2021,leicester-city,Josh Knight,600 K €,
2020/2021,leicester-city,Wes Morgan,400 K €,
2020/2021,leicester-city,Sam Hughes,-,
2020/2021,leicester-city,Ben Nelson,-,
"2020/2021,leicester-city,Luke Thomas,""5,00 mio. €"","
2020/2021,leicester-city,Christian Fuchs,800 K €,
2020/2021,leicester-city,Shane Flynn,-,
"2020/2021,leicester-city,Ricardo Pereira,""30,00 mio. €"","
"2020/2021,leicester-city,Timothy Castagne,""28,00 mio. €"","
"2020/2021,leicester-city,James Justin,""17,00 mio. €"","
2020/2021,leicester-city,Vontae Daley-Campbell,200 K €,
"2020/2021,leicester-city,Wilfred Ndidi,""60,00 mio. €"","
"2020/2021,leicester-city,Nampalys Mendy,""8,00 mio. €"","
"2020/2021,leicester-city,Hamza Choudhury,""7,00 mio. €"","
"2020/2021,leicester-city,Youri Tielemans,""55,00 mio. €"","
"2020/2021,leicester-city,Dennis Praet,""18,00 mio. €"","
"2020/2021,leicester-city,Kiernan Dewsbury-Hall,""2,00 mio. €"","
"2020/2021,leicester-city,Matty James,""1,00 mio. €"","
2020/2021,leicester-city,Sidnei Tavares,300 K €,
2020/2021,leicester-city,Khanya Leshabela,-,
2020/2021,leicester-city,Ethan Fitzhugh,-,
2020/2021,leicester-city,Thanawat Suengchitthawon,-,
"2020/2021,leicester-city,Marc Albrighton,""4,00 mio. €"","
"2020/2021,leicester-city,James Maddison,""55,00 mio. €"","
"2020/2021,leicester-city,Harvey Barnes,""35,00 mio. €"","
"2020/2021,leicester-city,Demarai Gray,""8,00 mio. €"","
2020/2021,leicester-city,Tawanda Maswanhise,-,
"2020/2021,leicester-city,Cengiz Ünder,""18,00 mio. €"","
"2020/2021,leicester-city,Kelechi Iheanacho,""20,00 mio. €"","
"2020/2021,leicester-city,Ayoze Pérez,""18,00 mio. €"","
"2020/2021,leicester-city,Jamie Vardy,""7,00 mio. €"","
"2020/2021,leicester-city,Islam Slimani,""3,00 mio. €"","
"2020/2021,wolverhampton-wanderers,Rui Patrício,""10,00 mio. €"","
2020/2021,wolverhampton-wanderers,John Ruddy,800 K €,
2020/2021,wolverhampton-wanderers,Andreas Søndergaard,200 K €,
2020/2021,wolverhampton-wanderers,Matija Sarkic,100 K €,
"2020/2021,wolverhampton-wanderers,Conor Coady,""25,00 mio. €"","
"2020/2021,wolverhampton-wanderers,Willy Boly,""14,00 mio. €"","
"2020/2021,wolverhampton-wanderers,Romain Saïss,""10,00 mio. €"","
"2020/2021,wolverhampton-wanderers,Maximilian Kilman,""4,50 mio. €"","
2020/2021,wolverhampton-wanderers,Nigel Lonwijk,-,
2020/2021,wolverhampton-wanderers,Christian Marques,-,
"2020/2021,wolverhampton-wanderers,Rayan Aït-Nouri,""18,00 mio. €"","
"2020/2021,wolverhampton-wanderers,Rúben Vinagre,""5,00 mio. €"","
"2020/2021,wolverhampton-wanderers,Marçal,""1,80 mio. €"","
2020/2021,wolverhampton-wanderers,Hugo Bueno,-,
"2020/2021,wolverhampton-wanderers,Nélson Semedo,""28,00 mio. €"","
"2020/2021,wolverhampton-wanderers,Jonny Otto,""15,00 mio. €"","
"2020/2021,wolverhampton-wanderers,Ki-Jana Hoever,""7,00 mio. €"","
2020/2021,wolverhampton-wanderers,Oskar Buur,300 K €,
"2020/2021,wolverhampton-wanderers,Rúben Neves,""45,00 mio. €"","
"2020/2021,wolverhampton-wanderers,Leander Dendoncker,""30,00 mio. €"","
"2020/2021,wolverhampton-wanderers,Owen Otasowie,""1,50 mio. €"","
"2020/2021,wolverhampton-wanderers,Vitinha,""7,00 mio. €"","
"2020/2021,wolverhampton-wanderers,João Moutinho,""4,00 mio. €"","
2020/2021,wolverhampton-wanderers,Taylor Perry,-,
2020/2021,wolverhampton-wanderers,Luke Cundle,-,
2020/2021,wolverhampton-wanderers,Lewis Richards,-,
"2020/2021,wolverhampton-wanderers,Morgan Gibbs-White,""7,00 mio. €"","
2020/2021,wolverhampton-wanderers,Meritan Shabani,300 K €,
"2020/2021,wolverhampton-wanderers,Pedro Neto,""35,00 mio. €"","
"2020/2021,wolverhampton-wanderers,Adama Traoré,""30,00 mio. €"","
"2020/2021,wolverhampton-wanderers,Daniel Podence,""25,00 mio. €"","
2020/2021,wolverhampton-wanderers,Theo Corbeanu,500 K €,
"2020/2021,wolverhampton-wanderers,Diogo Jota,""45,00 mio. €"","
"2020/2021,wolverhampton-wanderers,Raúl Jiménez,""28,00 mio. €"","
"2020/2021,wolverhampton-wanderers,Fábio Silva,""25,00 mio. €"","
"2020/2021,wolverhampton-wanderers,Willian José,""18,00 mio. €"","
"2020/2021,wolverhampton-wanderers,Patrick Cutrone,""9,00 mio. €"","
2020/2021,wolverhampton-wanderers,Renat Dadashov,300 K €,
"2020/2021,aston-villa,Emiliano Martínez,""30,00 mio. €"","
"2020/2021,aston-villa,Lovre Kalinic,""2,50 mio. €"","
"2020/2021,aston-villa,Ørjan Nyland,""1,00 mio. €"","
"2020/2021,aston-villa,Tom Heaton,""1,00 mio. €"","
2020/2021,aston-villa,Jed Steer,800 K €,
2020/2021,aston-villa,Ákos Onódi,150 K €,
2020/2021,aston-villa,Oliwier Zych,-,
"2020/2021,aston-villa,Tyrone Mings,""30,00 mio. €"","
"2020/2021,aston-villa,Ezri Konsa,""25,00 mio. €"","
"2020/2021,aston-villa,Kortney Hause,""5,00 mio. €"","
"2020/2021,aston-villa,Björn Engels,""3,00 mio. €"","
2020/2021,aston-villa,Mungo Bridge,150 K €,
2020/2021,aston-villa,Dominic Revan,150 K €,
2020/2021,aston-villa,Sil Swinkels,150 K €,
"2020/2021,aston-villa,Matt Targett,""17,00 mio. €"","
"2020/2021,aston-villa,Neil Taylor,""1,50 mio. €"","
2020/2021,aston-villa,Ben Chrisene,150 K €,
"2020/2021,aston-villa,Matty Cash,""22,00 mio. €"","
"2020/2021,aston-villa,Frédéric Guilbert,""6,00 mio. €"","
"2020/2021,aston-villa,Ahmed El Mohamady,""1,50 mio. €"","
2020/2021,aston-villa,Kaine Kesler-Hayden,250 K €,
2020/2021,aston-villa,Frankie Ealing,-,
"2020/2021,aston-villa,Marvelous Nakamba,""7,00 mio. €"","
2020/2021,aston-villa,Lamare Bogarde,200 K €,
2020/2021,aston-villa,Hayden Lindley,150 K €,
2020/2021,aston-villa,Taylor-Jay Hart,-,
"2020/2021,aston-villa,Douglas Luiz,""35,00 mio. €"","
"2020/2021,aston-villa,John McGinn,""30,00 mio. €"","
"2020/2021,aston-villa,Ross Barkley,""20,00 mio. €"","
"2020/2021,aston-villa,Morgan Sanson,""16,00 mio. €"","
"2020/2021,aston-villa,Conor Hourihane,""3,50 mio. €"","
"2020/2021,aston-villa,Henri Lansbury,""1,00 mio. €"","
"2020/2021,aston-villa,Carney Chukwuemeka,""1,00 mio. €"","
2020/2021,aston-villa,Jake Walker,150 K €,
2020/2021,aston-villa,Callum Rowe,150 K €,
2020/2021,aston-villa,Harrison Sohna,150 K €,
2020/2021,aston-villa,Arjan Raikhy,150 K €,
2020/2021,aston-villa,Mamadou Sylla,150 K €,
2020/2021,aston-villa,Teddy Rowe,150 K €,
"2020/2021,aston-villa,Jacob Ramsey,""5,00 mio. €"","
"2020/2021,aston-villa,Jack Grealish,""65,00 mio. €"","
"2020/2021,aston-villa,Mahmoud Trezeguet,""10,00 mio. €"","
"2020/2021,aston-villa,Louie Barry,""1,00 mio. €"","
2020/2021,aston-villa,Jaden Philogene,500 K €,
"2020/2021,aston-villa,Bertrand Traoré,""20,00 mio. €"","
"2020/2021,aston-villa,Anwar El Ghazi,""13,00 mio. €"","
"2020/2021,aston-villa,Jota Peleteiro,""1,80 mio. €"","
2020/2021,aston-villa,Brad Young,150 K €,
"2020/2021,aston-villa,Ollie Watkins,""32,00 mio. €"","
"2020/2021,aston-villa,Wesley Moraes,""13,00 mio. €"","
"2020/2021,aston-villa,Ally Samatta,""4,20 mio. €"","
"2020/2021,aston-villa,Keinan Davis,""3,00 mio. €"","
2020/2021,aston-villa,Michael Tait,-,
"2020/2021,west-ham-united,Lukasz Fabianski,""1,50 mio. €"","
"2020/2021,west-ham-united,Darren Randolph,""1,50 mio. €"","
2020/2021,west-ham-united,David Martin,250 K €,
2020/2021,west-ham-united,Nathan Trott,250 K €,
"2020/2021,west-ham-united,Issa Diop,""18,00 mio. €"","
"2020/2021,west-ham-united,Fabián Balbuena,""5,00 mio. €"","
"2020/2021,west-ham-united,Craig Dawson,""3,00 mio. €"","
"2020/2021,west-ham-united,Angelo Ogbonna,""2,50 mio. €"","
"2020/2021,west-ham-united,Winston Reid,""1,50 mio. €"","
"2020/2021,west-ham-united,Frederik Alves,""1,00 mio. €"","
2020/2021,west-ham-united,Jamal Baptiste,200 K €,
2020/2021,west-ham-united,Aji Alese,-,
"2020/2021,west-ham-united,Arthur Masuaku,""7,00 mio. €"","
"2020/2021,west-ham-united,Aaron Cresswell,""5,00 mio. €"","
2020/2021,west-ham-united,Emmanuel Longelo,150 K €,
"2020/2021,west-ham-united,Vladimír Coufal,""12,00 mio. €"","
"2020/2021,west-ham-united,Ben Johnson,""3,00 mio. €"","
"2020/2021,west-ham-united,Ryan Fredericks,""2,50 mio. €"","
2020/2021,west-ham-united,Harrison Ashby,300 K €,
"2020/2021,west-ham-united,Tomas Soucek,""40,00 mio. €"","
"2020/2021,west-ham-united,Josh Cullen,""3,00 mio. €"","
2020/2021,west-ham-united,Conor Coventry,200 K €,
"2020/2021,west-ham-united,Declan Rice,""65,00 mio. €"","
"2020/2021,west-ham-united,Jack Wilshere,""2,50 mio. €"","
"2020/2021,west-ham-united,Mark Noble,""2,00 mio. €"","
"2020/2021,west-ham-united,Jesse Lingard,""22,00 mio. €"","
"2020/2021,west-ham-united,Pablo Fornals,""18,00 mio. €"","
"2020/2021,west-ham-united,Manuel Lanzini,""10,00 mio. €"","
"2020/2021,west-ham-united,Saïd Benrahma,""22,00 mio. €"","
"2020/2021,west-ham-united,Felipe Anderson,""10,00 mio. €"","
2020/2021,west-ham-united,Xande Silva,800 K €,
2020/2021,west-ham-united,Nathan Holland,-,
"2020/2021,west-ham-united,Jarrod Bowen,""30,00 mio. €"","
"2020/2021,west-ham-united,Andriy Yarmolenko,""4,00 mio. €"","
"2020/2021,west-ham-united,Robert Snodgrass,""1,50 mio. €"","
2020/2021,west-ham-united,Oladapo Afolayan,-,
"2020/2021,west-ham-united,Sébastien Haller,""27,00 mio. €"","
"2020/2021,west-ham-united,Michail Antonio,""12,00 mio. €"","
2020/2021,west-ham-united,Mipo Odubeko,250 K €,
"2020/2021,brighton-amp-hove-albion,Robert Sánchez,""8,00 mio. €"","
"2020/2021,brighton-amp-hove-albion,Mathew Ryan,""6,00 mio. €"","
2020/2021,brighton-amp-hove-albion,Jason Steele,800 K €,
2020/2021,brighton-amp-hove-albion,Christian Walton,800 K €,
2020/2021,brighton-amp-hove-albion,Tom McGill,-,
"2020/2021,brighton-amp-hove-albion,Lewis Dunk,""25,00 mio. €"","
"2020/2021,brighton-amp-hove-albion,Adam Webster,""18,00 mio. €"","
"2020/2021,brighton-amp-hove-albion,Shane Duffy,""5,00 mio. €"","
"2020/2021,brighton-amp-hove-albion,Dan Burn,""5,00 mio. €"","
"2020/2021,brighton-amp-hove-albion,Bernardo,""4,00 mio. €"","
"2020/2021,brighton-amp-hove-albion,Matt Clarke,""3,00 mio. €"","
"2020/2021,brighton-amp-hove-albion,Leo Østigård,""3,00 mio. €"","
2020/2021,brighton-amp-hove-albion,Lars Dendoncker,-,
2020/2021,brighton-amp-hove-albion,Haydon Roberts,500 K €,
2020/2021,brighton-amp-hove-albion,Alex Cochrane,250 K €,
"2020/2021,brighton-amp-hove-albion,Ben White,""28,00 mio. €"","
"2020/2021,brighton-amp-hove-albion,Tariq Lamptey,""18,00 mio. €"","
"2020/2021,brighton-amp-hove-albion,Joël Veltman,""6,00 mio. €"","
2020/2021,brighton-amp-hove-albion,Romaric Yapi,-,
"2020/2021,brighton-amp-hove-albion,Yves Bissouma,""25,00 mio. €"","
"2020/2021,brighton-amp-hove-albion,Moisés Caicedo,""5,00 mio. €"","
"2020/2021,brighton-amp-hove-albion,Alexis Mac Allister,""10,00 mio. €"","
"2020/2021,brighton-amp-hove-albion,Jakub Moder,""10,00 mio. €"","
"2020/2021,brighton-amp-hove-albion,Davy Pröpper,""8,00 mio. €"","
"2020/2021,brighton-amp-hove-albion,Pascal Groß,""7,00 mio. €"","
"2020/2021,brighton-amp-hove-albion,Steven Alzate,""6,00 mio. €"","
"2020/2021,brighton-amp-hove-albion,Michal Karbownik,""5,00 mio. €"","
"2020/2021,brighton-amp-hove-albion,Dale Stephens,""2,50 mio. €"","
"2020/2021,brighton-amp-hove-albion,Jayson Molumby,""1,00 mio. €"","
2020/2021,brighton-amp-hove-albion,Max Sanders,250 K €,
2020/2021,brighton-amp-hove-albion,Teddy Jenks,200 K €,
2020/2021,brighton-amp-hove-albion,Jensen Weir,150 K €,
"2020/2021,brighton-amp-hove-albion,Adam Lallana,""4,00 mio. €"","
2020/2021,brighton-amp-hove-albion,Reda Khadra,150 K €,
"2020/2021,brighton-amp-hove-albion,Leandro Trossard,""17,00 mio. €"","
"2020/2021,brighton-amp-hove-albion,José Izquierdo,""4,00 mio. €"","
"2020/2021,brighton-amp-hove-albion,Solly March,""9,00 mio. €"","
"2020/2021,brighton-amp-hove-albion,Alireza Jahanbakhsh,""5,00 mio. €"","
"2020/2021,brighton-amp-hove-albion,Percy Tau,""3,00 mio. €"","
2020/2021,brighton-amp-hove-albion,Peter Gwargis,300 K €,
"2020/2021,brighton-amp-hove-albion,Neal Maupay,""20,00 mio. €"","
"2020/2021,brighton-amp-hove-albion,Aaron Connolly,""7,00 mio. €"","
"2020/2021,brighton-amp-hove-albion,Danny Welbeck,""4,00 mio. €"","
"2020/2021,brighton-amp-hove-albion,Andi Zeqiri,""2,50 mio. €"","
"2020/2021,brighton-amp-hove-albion,Florin Andone,""2,00 mio. €"","
"2020/2021,brighton-amp-hove-albion,Viktor Gyökeres,""1,00 mio. €"","
"2020/2021,fc-southampton,Alex McCarthy,""5,00 mio. €"","
"2020/2021,fc-southampton,Angus Gunn,""3,00 mio. €"","
"2020/2021,fc-southampton,Fraser Forster,""3,00 mio. €"","
2020/2021,fc-southampton,Harry Lewis,200 K €,
"2020/2021,fc-southampton,Jan Bednarek,""25,00 mio. €"","
"2020/2021,fc-southampton,Jannik Vestergaard,""18,00 mio. €"","
"2020/2021,fc-southampton,Mohammed Salisu,""10,00 mio. €"","
"2020/2021,fc-southampton,Jack Stephens,""5,00 mio. €"","
2020/2021,fc-southampton,Allan Tchaptchet,150 K €,
"2020/2021,fc-southampton,Ryan Bertrand,""8,00 mio. €"","
2020/2021,fc-southampton,Sam McQueen,800 K €,
2020/2021,fc-southampton,Jake Vokins,250 K €,
"2020/2021,fc-southampton,Kyle Walker-Peters,""18,00 mio. €"","
"2020/2021,fc-southampton,Yan Valery,""3,00 mio. €"","
2020/2021,fc-southampton,Kayne Ramsay,250 K €,
"2020/2021,fc-southampton,Ibrahima Diallo,""15,00 mio. €"","
"2020/2021,fc-southampton,Mario Lemina,""10,00 mio. €"","
"2020/2021,fc-southampton,Oriol Romeu,""6,00 mio. €"","
"2020/2021,fc-southampton,James Ward-Prowse,""30,00 mio. €"","
"2020/2021,fc-southampton,Stuart Armstrong,""8,00 mio. €"","
"2020/2021,fc-southampton,Will Smallbone,""2,00 mio. €"","
2020/2021,fc-southampton,Alexandre Jankewitz,500 K €,
2020/2021,fc-southampton,Ryan Finnigan,150 K €,
2020/2021,fc-southampton,Kgaogelo Chauke,150 K €,
"2020/2021,fc-southampton,Nathan Tella,""2,00 mio. €"","
2020/2021,fc-southampton,Will Ferry,-,
2020/2021,fc-southampton,Caleb Watts,250 K €,
2020/2021,fc-southampton,Jake Hesketh,200 K €,
"2020/2021,fc-southampton,Moussa Djenepo,""13,00 mio. €"","
"2020/2021,fc-southampton,Takumi Minamino,""12,00 mio. €"","
"2020/2021,fc-southampton,Nathan Redmond,""18,00 mio. €"","
"2020/2021,fc-southampton,Mohamed Elyounoussi,""12,00 mio. €"","
"2020/2021,fc-southampton,Theo Walcott,""5,00 mio. €"","
"2020/2021,fc-southampton,Josh Sims,""1,20 mio. €"","
"2020/2021,fc-southampton,Danny Ings,""22,00 mio. €"","
"2020/2021,fc-southampton,Ché Adams,""20,00 mio. €"","
"2020/2021,fc-southampton,Michael Obafemi,""3,00 mio. €"","
"2020/2021,fc-southampton,Dan Nlundulu,""1,50 mio. €"","
"2020/2021,fc-southampton,Shane Long,""1,20 mio. €"","
"2020/2021,newcastle-united,Freddie Woodman,""10,00 mio. €"","
"2020/2021,newcastle-united,Martin Dúbravka,""5,00 mio. €"","
"2020/2021,newcastle-united,Karl Darlow,""3,00 mio. €"","
2020/2021,newcastle-united,Mark Gillespie,400 K €,
2020/2021,newcastle-united,Dan Langley,250 K €,
"2020/2021,newcastle-united,Jamaal Lascelles,""13,00 mio. €"","
"2020/2021,newcastle-united,Fabian Schär,""9,00 mio. €"","
"2020/2021,newcastle-united,Ciaran Clark,""3,00 mio. €"","
"2020/2021,newcastle-united,Federico Fernández,""3,00 mio. €"","
"2020/2021,newcastle-united,Jamal Lewis,""15,00 mio. €"","
"2020/2021,newcastle-united,Paul Dummett,""3,00 mio. €"","
"2020/2021,newcastle-united,DeAndre Yedlin,""5,00 mio. €"","
"2020/2021,newcastle-united,Emil Krafth,""3,50 mio. €"","
"2020/2021,newcastle-united,Javier Manquillo,""3,00 mio. €"","
"2020/2021,newcastle-united,Isaac Hayden,""10,00 mio. €"","
"2020/2021,newcastle-united,Dan Barlaser,""1,20 mio. €"","
"2020/2021,newcastle-united,Joelinton,""17,00 mio. €"","
"2020/2021,newcastle-united,Joe Willock,""16,00 mio. €"","
"2020/2021,newcastle-united,Sean Longstaff,""15,00 mio. €"","
"2020/2021,newcastle-united,Jonjo Shelvey,""13,00 mio. €"","
"2020/2021,newcastle-united,Jeff Hendrick,""9,00 mio. €"","
"2020/2021,newcastle-united,Matty Longstaff,""5,00 mio. €"","
2020/2021,newcastle-united,Elliot Anderson,200 K €,
"2020/2021,newcastle-united,Matt Ritchie,""3,00 mio. €"","
2020/2021,newcastle-united,Henri Saivet,800 K €,
"2020/2021,newcastle-united,Allan Saint-Maximin,""30,00 mio. €"","
"2020/2021,newcastle-united,Ryan Fraser,""10,00 mio. €"","
"2020/2021,newcastle-united,Christian Atsu,""1,50 mio. €"","
"2020/2021,newcastle-united,Miguel Almirón,""16,00 mio. €"","
"2020/2021,newcastle-united,Jacob Murphy,""4,00 mio. €"","
"2020/2021,newcastle-united,Callum Wilson,""22,00 mio. €"","
"2020/2021,newcastle-united,Dwight Gayle,""4,00 mio. €"","
"2020/2021,newcastle-united,Andy Carroll,""1,50 mio. €"","
"2020/2021,fc-fulham,Alphonse Areola,""17,00 mio. €"","
"2020/2021,fc-fulham,Marek Rodák,""5,00 mio. €"","
"2020/2021,fc-fulham,Marcus Bettinelli,""2,50 mio. €"","
2020/2021,fc-fulham,Fabri,600 K €,
"2020/2021,fc-fulham,Joachim Andersen,""22,00 mio. €"","
"2020/2021,fc-fulham,Tosin Adarabioyo,""12,00 mio. €"","
"2020/2021,fc-fulham,Alfie Mawson,""4,00 mio. €"","
"2020/2021,fc-fulham,Michael Hector,""3,50 mio. €"","
"2020/2021,fc-fulham,Terence Kongolo,""3,50 mio. €"","
"2020/2021,fc-fulham,Maxime Le Marchand,""1,50 mio. €"","
2020/2021,fc-fulham,Tim Ream,600 K €,
"2020/2021,fc-fulham,Antonee Robinson,""7,00 mio. €"","
"2020/2021,fc-fulham,Joe Bryan,""5,00 mio. €"","
"2020/2021,fc-fulham,Ola Aina,""6,00 mio. €"","
"2020/2021,fc-fulham,Kenny Tete,""5,00 mio. €"","
"2020/2021,fc-fulham,Steven Sessegnon,""2,00 mio. €"","
"2020/2021,fc-fulham,Cyrus Christie,""1,50 mio. €"","
2020/2021,fc-fulham,Denis Odoi,600 K €,
"2020/2021,fc-fulham,Mario Lemina,""10,00 mio. €"","
"2020/2021,fc-fulham,Jean Michaël Seri,""4,00 mio. €"","
2020/2021,fc-fulham,Kevin McDonald,800 K €,
"2020/2021,fc-fulham,Frank Anguissa,""25,00 mio. €"","
"2020/2021,fc-fulham,Ruben Loftus-Cheek,""18,00 mio. €"","
"2020/2021,fc-fulham,Harrison Reed,""10,00 mio. €"","
"2020/2021,fc-fulham,Tom Cairney,""9,00 mio. €"","
"2020/2021,fc-fulham,Josh Onomah,""6,00 mio. €"","
"2020/2021,fc-fulham,Stefan Johansen,""2,00 mio. €"","
2020/2021,fc-fulham,Tyrese Francois,150 K €,
2020/2021,fc-fulham,Fábio Carvalho,250 K €,
2020/2021,fc-fulham,Sylvester Jasper,250 K €,
"2020/2021,fc-fulham,Ivan Cavaleiro,""7,00 mio. €"","
"2020/2021,fc-fulham,Neeskens Kebano,""1,00 mio. €"","
"2020/2021,fc-fulham,Bobby De Cordova-Reid,""10,00 mio. €"","
"2020/2021,fc-fulham,Anthony Knockaert,""3,00 mio. €"","
"2020/2021,fc-fulham,Ademola Lookman,""11,00 mio. €"","
"2020/2021,fc-fulham,Aleksandar Mitrović,""16,00 mio. €"","
"2020/2021,fc-fulham,Josh Maja,""5,00 mio. €"","
"2020/2021,fc-fulham,Aboubakar Kamara,""2,00 mio. €"","
"2020/2021,leeds-united,Illan Meslier,""20,00 mio. €"","
2020/2021,leeds-united,Kiko Casilla,800 K €,
2020/2021,leeds-united,Elia Caprile,200 K €,
"2020/2021,leeds-united,Diego Llorente,""20,00 mio. €"","
"2020/2021,leeds-united,Robin Koch,""17,00 mio. €"","
"2020/2021,leeds-united,Pascal Struijk,""9,00 mio. €"","
"2020/2021,leeds-united,Liam Cooper,""7,00 mio. €"","
2020/2021,leeds-united,Oliver Casey,250 K €,
2020/2021,leeds-united,Charlie Cresswell,200 K €,
"2020/2021,leeds-united,Ezgjan Alioski,""5,00 mio. €"","
"2020/2021,leeds-united,Barry Douglas,""1,50 mio. €"","
2020/2021,leeds-united,Leif Davis,800 K €,
2020/2021,leeds-united,Niall Huggins,200 K €,
"2020/2021,leeds-united,Luke Ayling,""5,00 mio. €"","
"2020/2021,leeds-united,Jamie Shackleton,""2,50 mio. €"","
2020/2021,leeds-united,Gaetano Berardi,300 K €,
2020/2021,leeds-united,Cody Drameh,-,
"2020/2021,leeds-united,Kalvin Phillips,""30,00 mio. €"","
2020/2021,leeds-united,Ouasim Bouy,250 K €,
2020/2021,leeds-united,Jack Jenkins,150 K €,
2020/2021,leeds-united,Alfie McCalmont,-,
"2020/2021,leeds-united,Mateusz Klich,""4,00 mio. €"","
"2020/2021,leeds-united,Adam Forshaw,""2,00 mio. €"","
2020/2021,leeds-united,Robbie Gotts,250 K €,
2020/2021,leeds-united,Eunan O'Kane,200 K €,
"2020/2021,leeds-united,Stuart Dallas,""4,00 mio. €"","
"2020/2021,leeds-united,Mateusz Bogusz,""1,00 mio. €"","
2020/2021,leeds-united,Jordan Stevens,200 K €,
2020/2021,leeds-united,Sam Greenwood,200 K €,
"2020/2021,leeds-united,Raphinha,""30,00 mio. €"","
"2020/2021,leeds-united,Crysencio Summerville,""1,50 mio. €"","
"2020/2021,leeds-united,Jack Harrison,""15,00 mio. €"","
"2020/2021,leeds-united,Hélder Costa,""10,00 mio. €"","
"2020/2021,leeds-united,Ian Poveda,""1,50 mio. €"","
2020/2021,leeds-united,Pablo Hernández,800 K €,
"2020/2021,leeds-united,Patrick Bamford,""22,00 mio. €"","
"2020/2021,leeds-united,Rodrigo,""18,00 mio. €"","
"2020/2021,leeds-united,Tyler Roberts,""6,00 mio. €"","
"2020/2021,leeds-united,Joe Gelhardt,""1,30 mio. €"","
"2020/2021,crystal-palace,Jack Butland,""2,00 mio. €"","
"2020/2021,crystal-palace,Vicente Guaita,""2,00 mio. €"","
"2020/2021,crystal-palace,Wayne Hennessey,""1,00 mio. €"","
2020/2021,crystal-palace,Stephen Henderson,300 K €,
"2020/2021,crystal-palace,Mamadou Sakho,""6,00 mio. €"","
"2020/2021,crystal-palace,Nathan Ferguson,""4,00 mio. €"","
"2020/2021,crystal-palace,James Tomkins,""2,50 mio. €"","
"2020/2021,crystal-palace,Scott Dann,""1,50 mio. €"","
"2020/2021,crystal-palace,Gary Cahill,""1,50 mio. €"","
2020/2021,crystal-palace,Jaroslaw Jach,650 K €,
2020/2021,crystal-palace,Sam Woods,200 K €,
2020/2021,crystal-palace,Ryan Inniss,150 K €,
"2020/2021,crystal-palace,Patrick van Aanholt,""7,00 mio. €"","
"2020/2021,crystal-palace,Tyrick Mitchell,""7,00 mio. €"","
2020/2021,crystal-palace,Reece Hannam,-,
"2020/2021,crystal-palace,Nathaniel Clyne,""3,00 mio. €"","
"2020/2021,crystal-palace,Joel Ward,""2,50 mio. €"","
"2020/2021,crystal-palace,Martin Kelly,""1,50 mio. €"","
"2020/2021,crystal-palace,Luka Milivojevic,""8,00 mio. €"","
"2020/2021,crystal-palace,Jaïro Riedewald,""8,00 mio. €"","
"2020/2021,crystal-palace,Cheikhou Kouyaté,""6,00 mio. €"","
"2020/2021,crystal-palace,James McCarthy,""3,00 mio. €"","
"2020/2021,crystal-palace,James McArthur,""2,00 mio. €"","
2020/2021,crystal-palace,Nya Kirby,300 K €,
"2020/2021,crystal-palace,Jeffrey Schlupp,""9,00 mio. €"","
"2020/2021,crystal-palace,Eberechi Eze,""20,00 mio. €"","
"2020/2021,crystal-palace,Max Meyer,""1,50 mio. €"","
"2020/2021,crystal-palace,Wilfried Zaha,""45,00 mio. €"","
2020/2021,crystal-palace,Brandon Pierrick,250 K €,
"2020/2021,crystal-palace,Jordan Ayew,""8,00 mio. €"","
"2020/2021,crystal-palace,Andros Townsend,""7,00 mio. €"","
2020/2021,crystal-palace,Jesurun Rak-Sakyi,-,
"2020/2021,crystal-palace,Jean-Philippe Mateta,""13,00 mio. €"","
"2020/2021,crystal-palace,Michy Batshuayi,""10,00 mio. €"","
"2020/2021,crystal-palace,Christian Benteke,""9,00 mio. €"","
"2020/2021,crystal-palace,Connor Wickham,""1,00 mio. €"","
"2020/2021,sheffield-united,Aaron Ramsdale,""12,00 mio. €"","
2020/2021,sheffield-united,Michael Verrips,900 K €,
2020/2021,sheffield-united,Wes Foderingham,400 K €,
2020/2021,sheffield-united,Simon Moore,400 K €,
2020/2021,sheffield-united,Jake Eastwood,100 K €,
"2020/2021,sheffield-united,John Egan,""9,00 mio. €"","
"2020/2021,sheffield-united,Jack O'Connell,""5,00 mio. €"","
"2020/2021,sheffield-united,Chris Basham,""2,00 mio. €"","
"2020/2021,sheffield-united,Jack Robinson,""2,00 mio. €"","
"2020/2021,sheffield-united,Kean Bryan,""2,00 mio. €"","
2020/2021,sheffield-united,Jack Rodwell,800 K €,
2020/2021,sheffield-united,Phil Jagielka,250 K €,
2020/2021,sheffield-united,Kyron Gordon,250 K €,
"2020/2021,sheffield-united,Enda Stevens,""3,50 mio. €"","
"2020/2021,sheffield-united,Max Lowe,""3,00 mio. €"","
"2020/2021,sheffield-united,Rhys Norrington-Davies,""1,50 mio. €"","
2020/2021,sheffield-united,Harry Boyes,-,
"2020/2021,sheffield-united,Jayden Bogle,""7,00 mio. €"","
"2020/2021,sheffield-united,George Baldock,""5,00 mio. €"","
2020/2021,sheffield-united,Femi Seriki,200 K €,
"2020/2021,sheffield-united,Sander Berge,""18,00 mio. €"","
"2020/2021,sheffield-united,Ethan Ampadu,""15,00 mio. €"","
"2020/2021,sheffield-united,John Lundstram,""7,00 mio. €"","
"2020/2021,sheffield-united,John Fleck,""5,00 mio. €"","
"2020/2021,sheffield-united,Oliver Norwood,""5,00 mio. €"","
"2020/2021,sheffield-united,Ben Osborn,""2,00 mio. €"","
2020/2021,sheffield-united,Regan Slater,-,
2020/2021,sheffield-united,Frankie Maguire,-,
"2020/2021,sheffield-united,Luke Freeman,""2,00 mio. €"","
2020/2021,sheffield-united,Zak Brunt,250 K €,
2020/2021,sheffield-united,Iliman Ndiaye,200 K €,
"2020/2021,sheffield-united,Rhian Brewster,""12,00 mio. €"","
"2020/2021,sheffield-united,Oli McBurnie,""10,00 mio. €"","
"2020/2021,sheffield-united,Lys Mousset,""9,00 mio. €"","
"2020/2021,sheffield-united,Oliver Burke,""6,00 mio. €"","
"2020/2021,sheffield-united,David McGoldrick,""1,50 mio. €"","
"2020/2021,sheffield-united,Daniel Jebbison,""1,00 mio. €"","
2020/2021,sheffield-united,Billy Sharp,500 K €,
2020/2021,sheffield-united,Antwoine Hackford,100 K €,
2020/2021,sheffield-united,William Osula,-,
"2020/2021,west-bromwich-albion,Sam Johnstone,""8,00 mio. €"","
"2020/2021,west-bromwich-albion,David Button,""1,00 mio. €"","
2020/2021,west-bromwich-albion,Jonathan Bond,250 K €,
2020/2021,west-bromwich-albion,Alex Palmer,250 K €,
2020/2021,west-bromwich-albion,Andy Lonergan,250 K €,
"2020/2021,west-bromwich-albion,Semi Ajayi,""6,00 mio. €"","
"2020/2021,west-bromwich-albion,Ahmed Hegazy,""4,00 mio. €"","
"2020/2021,west-bromwich-albion,Dara O'Shea,""3,00 mio. €"","
"2020/2021,west-bromwich-albion,Kyle Bartley,""2,50 mio. €"","
"2020/2021,west-bromwich-albion,Cédric Kipré,""1,00 mio. €"","
2020/2021,west-bromwich-albion,Caleb Taylor,-,
"2020/2021,west-bromwich-albion,Kieran Gibbs,""2,50 mio. €"","
"2020/2021,west-bromwich-albion,Conor Townsend,""2,00 mio. €"","
2020/2021,west-bromwich-albion,George Harmon,-,
"2020/2021,west-bromwich-albion,Ainsley Maitland-Niles,""16,00 mio. €"","
"2020/2021,west-bromwich-albion,Darnell Furlong,""5,00 mio. €"","
2020/2021,west-bromwich-albion,Branislav Ivanovic,500 K €,
2020/2021,west-bromwich-albion,Lee Peltier,400 K €,
"2020/2021,west-bromwich-albion,Okay Yokuşlu,""7,50 mio. €"","
"2020/2021,west-bromwich-albion,Filip Krovinovic,""3,00 mio. €"","
"2020/2021,west-bromwich-albion,Jake Livermore,""2,50 mio. €"","
"2020/2021,west-bromwich-albion,Sam Field,""1,00 mio. €"","
"2020/2021,west-bromwich-albion,Conor Gallagher,""15,00 mio. €"","
"2020/2021,west-bromwich-albion,Rekeem Harper,""2,50 mio. €"","
"2020/2021,west-bromwich-albion,Romaine Sawyers,""2,00 mio. €"","
2020/2021,west-bromwich-albion,Taylor Gardner-Hickman,-,
2020/2021,west-bromwich-albion,Toby King,-,
2020/2021,west-bromwich-albion,Tim Iroegbunam,-,
"2020/2021,west-bromwich-albion,Matheus Pereira,""15,00 mio. €"","
2020/2021,west-bromwich-albion,Rico Richards,-,
"2020/2021,west-bromwich-albion,Kamil Grosicki,""1,00 mio. €"","
"2020/2021,west-bromwich-albion,Kyle Edwards,""1,00 mio. €"","
"2020/2021,west-bromwich-albion,Grady Diangana,""10,00 mio. €"","
"2020/2021,west-bromwich-albion,Matt Phillips,""4,00 mio. €"","
"2020/2021,west-bromwich-albion,Robert Snodgrass,""1,50 mio. €"","
"2020/2021,west-bromwich-albion,Karlan Grant,""8,00 mio. €"","
"2020/2021,west-bromwich-albion,Callum Robinson,""6,00 mio. €"","
"2020/2021,west-bromwich-albion,Mbaye Diagne,""3,00 mio. €"","
"2020/2021,west-bromwich-albion,Kenneth Zohore,""2,00 mio. €"","
"2020/2021,west-bromwich-albion,Charlie Austin,""2,00 mio. €"","
"2020/2021,west-bromwich-albion,Hal Robson-Kanu,""1,50 mio. €"","
2020/2021,west-bromwich-albion,Jamie Soule,-,
2020/2021,west-bromwich-albion,Cheikh Diaby,-,
"2020/2021,fc-burnley,Nick Pope,""15,00 mio. €"","
"2020/2021,fc-burnley,Bailey Peacock-Farrell,""1,00 mio. €"","
2020/2021,fc-burnley,Will Norris,400 K €,
"2020/2021,fc-burnley,James Tarkowski,""25,00 mio. €"","
"2020/2021,fc-burnley,Ben Gibson,""7,00 mio. €"","
"2020/2021,fc-burnley,Ben Mee,""6,00 mio. €"","
"2020/2021,fc-burnley,Erik Pieters,""1,50 mio. €"","
"2020/2021,fc-burnley,Kevin Long,""1,00 mio. €"","
2020/2021,fc-burnley,Jimmy Dunne,600 K €,
2020/2021,fc-burnley,Richard Nartey,200 K €,
2020/2021,fc-burnley,Bobby Thomas,200 K €,
"2020/2021,fc-burnley,Charlie Taylor,""4,00 mio. €"","
2020/2021,fc-burnley,Anthony Driscoll-Glennon,250 K €,
"2020/2021,fc-burnley,Matthew Lowton,""2,50 mio. €"","
2020/2021,fc-burnley,Phil Bardsley,300 K €,
"2020/2021,fc-burnley,Jack Cork,""5,00 mio. €"","
"2020/2021,fc-burnley,Ashley Westwood,""5,00 mio. €"","
"2020/2021,fc-burnley,Josh Brownhill,""7,00 mio. €"","
"2020/2021,fc-burnley,Dale Stephens,""2,50 mio. €"","
2020/2021,fc-burnley,Josh Benson,400 K €,
2020/2021,fc-burnley,Anthony Mancini,250 K €,
2020/2021,fc-burnley,Mace Goodridge,200 K €,
"2020/2021,fc-burnley,Robbie Brady,""3,00 mio. €"","
"2020/2021,fc-burnley,Dwight McNeil,""22,00 mio. €"","
2020/2021,fc-burnley,Lewis Richardson,200 K €,
"2020/2021,fc-burnley,Jóhann Berg Gudmundsson,""3,00 mio. €"","
2020/2021,fc-burnley,Max Thompson,-,
"2020/2021,fc-burnley,Chris Wood,""8,00 mio. €"","
"2020/2021,fc-burnley,Jay Rodríguez,""4,00 mio. €"","
"2020/2021,fc-burnley,Ashley Barnes,""3,50 mio. €"","
"2020/2021,fc-burnley,Matej Vydra,""3,00 mio. €"","
2020/2021,fc-burnley,Joel Mumbongo,300 K €,
