league,season,team,player,nation,pos,age,born,90s,Touches Touches,Touches Def Pen,Touches Def 3rd,Touches Mid 3rd,Touches Att 3rd,Touches Att Pen,Touches Live,Take-Ons Att,Take-Ons Succ,Take-Ons Succ%,Take-Ons Tkld,Take-Ons Tkld%,Carries Carries,Carries TotDist,Carries PrgDist,Carries PrgC,Carries 1/3,Carries CPA,Carries Mis,Carries Dis,Receiving Rec,Receiving PrgR,stat_type
ENG-Premier League,2023,Arsenal,Ben White,ENG,DF,25,1997,33.2,2456,120,633,1165,676,64,2456,22,9,40.9,12,54.5,1321,4867,2672,44,34,9,26,9,1675,162,possession
ENG-Premier League,2023,Arsenal,Bukayo Saka,ENG,FW,21,2001,32.4,1952,37,182,474,1310,271,1946,122,49,40.2,54,44.3,1223,7180,3728,155,68,72,56,53,1393,508,possession
ENG-Premier League,2023,Arsenal,Cédric Soares,POR,DF,31,1991,0.7,69,0,10,47,12,0,69,0,0,,0,,37,139,69,0,0,0,0,0,56,6,possession
ENG-Premier League,2023,Arsenal,David Raya,ESP,GK,27,1995,32.0,1099,764,1060,39,0,0,1099,0,0,,0,,728,3442,1992,0,0,0,1,0,637,0,possession
ENG-Premier League,2023,Arsenal,Declan Rice,ENG,MF,24,1999,35.8,2650,100,581,1398,696,67,2650,46,21,45.7,20,43.5,1675,10194,5139,75,70,16,31,22,1928,64,possession
ENG-Premier League,2023,Arsenal,Eddie Nketiah,ENG,FW,24,1999,12.0,371,5,18,148,207,75,371,30,8,26.7,15,50.0,236,1195,497,22,12,11,38,18,275,77,possession
ENG-Premier League,2023,Arsenal,Emile Smith Rowe,ENG,MF,23,2000,3.9,253,1,21,106,127,19,253,7,3,42.9,3,42.9,154,827,472,11,8,1,6,4,189,18,possession
ENG-Premier League,2023,Arsenal,Ethan Nwaneri,ENG,FW,16,2007,0.2,20,0,0,9,11,2,20,1,0,0.0,0,0.0,16,123,66,2,2,0,0,0,17,1,possession
ENG-Premier League,2023,Arsenal,Fabio Vieira,POR,"MF,FW",23,2000,3.3,184,2,14,76,97,20,183,9,2,22.2,6,66.7,111,561,298,12,3,6,7,5,141,30,possession
ENG-Premier League,2023,Arsenal,Gabriel Jesus,BRA,FW,26,1997,16.4,782,16,75,247,472,139,782,75,35,46.7,30,40.0,489,2654,1146,38,21,25,61,38,567,155,possession
ENG-Premier League,2023,Arsenal,Gabriel Magalhães,BRA,DF,25,1997,33.8,2447,321,1049,1176,234,42,2447,5,2,40.0,2,40.0,1447,6001,3455,13,37,1,12,3,1702,8,possession
ENG-Premier League,2023,Arsenal,Gabriel Martinelli,BRA,FW,22,2001,22.4,1241,12,96,315,844,196,1241,114,40,35.1,61,53.5,856,5863,2981,127,49,82,54,41,956,345,possession
ENG-Premier League,2023,Arsenal,Jakub Kiwior,POL,DF,23,2000,10.5,716,25,189,367,167,15,716,3,2,66.7,1,33.3,362,1264,681,4,8,1,8,2,462,16,possession
ENG-Premier League,2023,Arsenal,Jorginho,ITA,MF,31,1991,10.2,871,25,154,479,239,5,871,5,2,40.0,3,60.0,521,1941,945,8,11,0,5,4,671,8,possession
ENG-Premier League,2023,Arsenal,Jurriën Timber,NED,DF,22,2001,0.8,79,0,11,51,17,1,79,1,1,100.0,0,0.0,61,249,121,0,3,0,0,1,61,5,possession
ENG-Premier League,2023,Arsenal,Kai Havertz,GER,"MF,FW",24,1999,29.3,1282,29,143,541,611,184,1281,42,16,38.1,19,45.2,686,3077,1532,55,36,23,54,35,918,191,possession
ENG-Premier League,2023,Arsenal,Leandro Trossard,BEL,"FW,MF",28,1994,18.3,912,15,105,318,502,121,912,47,25,53.2,16,34.0,591,3651,1732,66,43,27,47,39,650,155,possession
ENG-Premier League,2023,Arsenal,Martin Ødegaard,NOR,MF,24,1998,34.3,2326,24,244,926,1173,165,2324,81,37,45.7,38,46.9,1563,8190,3514,91,83,37,53,58,1827,202,possession
ENG-Premier League,2023,Arsenal,Mohamed Elneny,EGY,MF,31,1992,0.3,45,1,9,30,6,1,45,0,0,,0,,27,148,62,1,0,0,1,0,37,0,possession
ENG-Premier League,2023,Arsenal,Oleksandr Zinchenko,UKR,DF,26,1996,19.1,1729,46,335,885,519,28,1729,14,7,50.0,5,35.7,1013,4792,2334,40,28,7,10,15,1178,58,possession
ENG-Premier League,2023,Arsenal,Reiss Nelson,ENG,FW,23,1999,3.0,188,8,30,67,96,13,188,7,1,14.3,6,85.7,129,729,281,9,5,4,11,4,128,26,possession
ENG-Premier League,2023,Arsenal,Takehiro Tomiyasu,JPN,DF,24,1998,12.8,824,37,192,389,248,31,824,12,4,33.3,7,58.3,469,2158,1064,17,14,3,13,3,520,37,possession
ENG-Premier League,2023,Arsenal,Thomas Partey,GHA,"MF,DF",30,1993,8.8,707,23,138,423,154,6,707,13,9,69.2,2,15.4,453,2227,1129,15,18,1,8,8,528,10,possession
ENG-Premier League,2023,Arsenal,William Saliba,FRA,DF,22,2001,38.0,3093,223,1239,1720,142,15,3093,15,10,66.7,4,26.7,1992,9002,5201,16,22,1,22,13,2297,6,possession
ENG-Premier League,2023,Aston Villa,Bertrand Traoré,BFA,"DF,FW",27,1995,0.1,7,0,5,2,0,0,7,1,0,0.0,1,100.0,4,54,0,0,0,0,1,1,4,0,possession
ENG-Premier League,2023,Aston Villa,Boubacar Kamara,FRA,MF,23,1999,18.4,1195,50,305,720,186,13,1195,30,14,46.7,12,40.0,769,3527,1663,19,22,1,19,13,880,10,possession
ENG-Premier League,2023,Aston Villa,Calum Chambers,ENG,"MF,DF",28,1995,1.7,129,9,68,49,12,0,129,1,1,100.0,0,0.0,78,349,158,0,0,0,0,1,99,1,possession
ENG-Premier League,2023,Aston Villa,Cameron Archer,ENG,MF,22,2001,0.1,7,0,1,4,2,0,7,0,0,,0,,5,39,28,1,1,0,1,0,7,0,possession
ENG-Premier League,2023,Aston Villa,Clément Lenglet,FRA,DF,28,1995,12.8,1018,165,514,450,59,12,1018,8,3,37.5,2,25.0,728,4435,2832,26,18,0,3,3,786,1,possession
ENG-Premier League,2023,Aston Villa,Diego Carlos,BRA,DF,30,1993,20.2,1517,244,867,610,43,23,1517,4,2,50.0,2,50.0,1013,4786,2606,4,2,1,8,4,1118,1,possession
ENG-Premier League,2023,Aston Villa,Douglas Luiz,BRA,MF,25,1998,33.3,2351,81,519,1256,598,38,2347,47,24,51.1,16,34.0,1394,7522,3562,60,48,4,33,31,1638,50,possession
ENG-Premier League,2023,Aston Villa,Emiliano Martínez,ARG,GK,30,1992,33.5,1509,1139,1484,25,0,0,1509,0,0,,0,,933,4389,2772,0,0,0,1,0,800,0,possession
ENG-Premier League,2023,Aston Villa,Ezri Konsa,ENG,DF,25,1997,34.1,2359,239,971,1146,258,36,2359,34,19,55.9,6,17.6,1535,6930,3700,37,20,3,26,17,1669,33,possession
ENG-Premier League,2023,Aston Villa,Finley Munroe,ENG,MF,18,2005,0.0,1,0,1,0,0,0,1,0,0,,0,,0,0,0,0,0,0,0,0,1,0,possession
ENG-Premier League,2023,Aston Villa,Jacob Ramsey,ENG,"FW,MF",22,2001,9.5,433,10,69,178,195,47,433,20,8,40.0,11,55.0,272,1785,843,33,19,11,18,21,314,69,possession
ENG-Premier League,2023,Aston Villa,Jaden Philogene Bidace,ENG,FW,21,2002,0.0,4,0,1,1,2,1,4,0,0,,0,,2,39,39,2,1,1,0,0,3,1,possession
ENG-Premier League,2023,Aston Villa,John McGinn,SCO,"MF,FW",28,1994,33.3,1545,44,257,809,499,58,1545,96,54,56.3,27,28.1,992,5176,2385,59,45,10,55,61,1096,84,possession
ENG-Premier League,2023,Aston Villa,Jáder Durán,COL,"FW,MF",19,2003,5.3,189,8,22,90,80,27,189,5,2,40.0,3,60.0,102,508,206,9,5,5,16,14,138,25,possession
ENG-Premier League,2023,Aston Villa,Kaine Kesler-Hayden,ENG,"MF,DF",20,2002,0.1,0,0,0,0,0,0,0,0,0,,0,,0,0,0,0,0,0,0,0,0,0,possession
ENG-Premier League,2023,Aston Villa,Leander Dendoncker,BEL,MF,28,1995,1.3,80,4,31,39,12,2,80,0,0,,0,,36,124,27,0,1,0,2,1,39,2,possession
ENG-Premier League,2023,Aston Villa,Leon Bailey,JAM,"MF,FW",25,1997,23.0,1040,19,151,318,589,129,1040,119,57,47.9,50,42.0,717,5148,2495,102,47,41,51,41,764,226,possession
ENG-Premier League,2023,Aston Villa,Lucas Digne,FRA,DF,30,1993,26.8,1590,71,468,541,593,56,1590,33,10,30.3,16,48.5,840,3630,1786,42,19,4,16,15,925,200,possession
ENG-Premier League,2023,Aston Villa,Matty Cash,POL,DF,25,1997,23.8,1497,89,491,657,364,54,1497,41,12,29.3,20,48.8,861,4885,2233,62,41,18,21,15,896,101,possession
ENG-Premier League,2023,Aston Villa,Morgan Rogers,ENG,"MF,FW",21,2002,7.1,289,10,66,131,98,23,289,33,17,51.5,12,36.4,150,1084,563,22,11,6,17,11,185,30,possession
ENG-Premier League,2023,Aston Villa,Moussa Diaby,FRA,"FW,MF",24,1999,24.2,824,12,69,298,470,136,824,70,29,41.4,37,52.9,568,3926,2013,94,43,39,33,30,620,183,possession
ENG-Premier League,2023,Aston Villa,Nicolò Zaniolo,ITA,"FW,MF",24,1999,9.3,402,11,53,171,184,60,402,48,13,27.1,30,62.5,268,1854,915,35,16,15,31,36,284,60,possession
ENG-Premier League,2023,Aston Villa,Ollie Watkins,ENG,FW,27,1995,35.7,958,28,56,369,542,215,958,63,26,41.3,31,49.2,581,3085,1465,62,37,41,78,57,761,214,possession
ENG-Premier League,2023,Aston Villa,Omari Kellyman,ENG,FW,17,2005,0.4,11,0,1,8,2,0,11,0,0,,0,,4,33,9,1,1,0,2,0,6,0,possession
ENG-Premier League,2023,Aston Villa,Pau Torres,ESP,DF,26,1997,27.4,1985,281,989,873,141,22,1985,28,17,60.7,9,32.1,1398,9039,5917,42,42,0,9,13,1456,16,possession
ENG-Premier League,2023,Aston Villa,Philippe Coutinho,BRA,"MF,FW",31,1992,0.3,30,0,4,18,9,1,30,5,4,80.0,1,20.0,26,222,134,5,4,0,2,0,29,2,possession
ENG-Premier League,2023,Aston Villa,Robin Olsen,SWE,GK,33,1990,4.5,216,200,215,1,0,0,216,0,0,,0,,131,626,303,0,0,0,0,0,115,0,possession
ENG-Premier League,2023,Aston Villa,Tim Iroegbunam,ENG,MF,20,2003,1.8,79,5,27,46,8,0,79,7,3,42.9,2,28.6,41,222,115,3,0,0,2,3,38,0,possession
ENG-Premier League,2023,Aston Villa,Tyrone Mings,ENG,DF,30,1993,0.3,8,3,5,2,1,1,8,0,0,,0,,4,8,3,0,0,0,1,0,4,0,possession
ENG-Premier League,2023,Aston Villa,Youri Tielemans,BEL,"MF,FW",26,1997,18.0,1096,45,215,589,299,27,1096,29,15,51.7,10,34.5,635,2872,1361,23,27,7,17,22,766,46,possession
ENG-Premier League,2023,Aston Villa,Álex Moreno,ESP,DF,30,1993,11.5,690,40,246,235,213,29,690,35,15,42.9,17,48.6,364,2332,1106,32,20,10,14,6,383,83,possession
ENG-Premier League,2023,Bournemouth,Adam Smith,ENG,DF,32,1991,23.9,1229,92,404,537,295,11,1229,15,4,26.7,8,53.3,521,2455,1022,24,22,3,14,7,580,28,possession
ENG-Premier League,2023,Bournemouth,Alex Scott,ENG,MF,19,2003,11.3,612,33,120,295,217,29,612,37,13,35.1,20,54.1,330,2166,1129,24,21,10,17,11,361,35,possession
ENG-Premier League,2023,Bournemouth,Antoine Semenyo,GHA,FW,23,2000,23.4,1015,31,137,375,526,124,1015,116,50,43.1,55,47.4,611,5156,2477,89,51,42,58,53,691,188,possession
ENG-Premier League,2023,Bournemouth,Chris Mepham,WAL,DF,25,1997,6.9,434,48,182,227,25,6,434,0,0,,0,,235,1304,736,4,4,0,2,2,242,1,possession
ENG-Premier League,2023,Bournemouth,Dango Ouattara,BFA,"FW,DF",21,2002,13.7,783,37,210,273,317,69,783,47,21,44.7,20,42.6,365,2597,1409,47,24,18,23,12,405,90,possession
ENG-Premier League,2023,Bournemouth,David Brooks,WAL,"FW,MF",26,1997,3.1,177,2,25,72,83,11,177,10,4,40.0,6,60.0,102,680,279,8,9,1,7,1,113,27,possession
ENG-Premier League,2023,Bournemouth,Dominic Sadi,ENG,FW,19,2003,0.0,2,0,0,2,0,0,2,0,0,,0,,1,6,0,0,0,0,0,0,1,0,possession
ENG-Premier League,2023,Bournemouth,Dominic Solanke,ENG,FW,25,1997,36.9,1069,57,113,426,547,216,1066,106,39,36.8,60,56.6,599,3921,1420,52,24,27,136,81,724,184,possession
ENG-Premier League,2023,Bournemouth,Enes Ünal,TUR,"FW,MF",26,1997,3.6,147,9,14,60,74,28,147,11,2,18.2,8,72.7,88,327,120,4,2,1,15,10,110,28,possession
ENG-Premier League,2023,Bournemouth,Hamed Junior Traorè,CIV,MF,23,2000,0.5,41,1,13,14,15,2,41,8,4,50.0,4,50.0,22,153,80,2,1,1,2,1,28,4,possession
ENG-Premier League,2023,Bournemouth,Illia Zabarnyi,UKR,DF,20,2002,37.0,2169,312,1129,978,70,17,2169,13,9,69.2,2,15.4,1303,7280,4408,24,15,0,15,2,1368,1,possession
ENG-Premier League,2023,Bournemouth,Ionuț Radu,ROU,GK,26,1997,2.0,70,64,70,0,0,0,70,0,0,,0,,51,215,101,0,0,0,0,0,40,0,possession
ENG-Premier League,2023,Bournemouth,Jaidon Anthony,ENG,FW,23,1999,1.7,69,2,15,27,27,4,69,6,2,33.3,3,50.0,36,160,77,2,2,0,5,2,40,9,possession
ENG-Premier League,2023,Bournemouth,James Hill,ENG,DF,21,2002,0.8,62,10,26,24,12,0,62,1,0,0.0,1,100.0,18,41,7,0,1,0,1,1,20,1,possession
ENG-Premier League,2023,Bournemouth,Joe Rothwell,ENG,MF,28,1995,4.3,251,8,49,147,56,1,251,13,7,53.8,4,30.8,140,862,437,6,4,0,5,2,155,3,possession
ENG-Premier League,2023,Bournemouth,Justin Kluivert,NED,"MF,FW",24,1999,21.3,694,13,86,224,397,108,694,67,24,35.8,41,61.2,414,2930,1644,65,37,35,50,30,442,114,possession
ENG-Premier League,2023,Bournemouth,Kieffer Moore,WAL,"FW,MF",30,1992,1.2,53,0,2,21,30,12,53,3,1,33.3,1,33.3,29,93,34,2,0,0,3,1,47,15,possession
ENG-Premier League,2023,Bournemouth,Lewis Cook,ENG,MF,26,1997,31.0,1773,92,418,1003,382,9,1773,36,21,58.3,14,38.9,786,3970,1971,22,24,0,35,19,865,15,possession
ENG-Premier League,2023,Bournemouth,Lloyd Kelly,ENG,DF,24,1998,17.3,1065,127,432,484,156,11,1065,4,2,50.0,0,0.0,540,2680,1451,15,10,2,20,6,572,28,possession
ENG-Premier League,2023,Bournemouth,Luis Sinisterra,COL,"FW,MF",24,1999,7.8,430,11,63,134,242,83,430,49,29,59.2,18,36.7,267,2098,1195,51,20,35,24,10,309,85,possession
ENG-Premier League,2023,Bournemouth,Marcos Senesi,ARG,DF,26,1997,24.9,1614,184,743,762,129,20,1614,20,11,55.0,8,40.0,910,4789,3098,31,34,3,19,11,950,4,possession
ENG-Premier League,2023,Bournemouth,Marcus Tavernier,ENG,FW,24,1999,23.5,1246,34,182,404,686,94,1246,106,44,41.5,55,51.9,693,4995,2411,79,82,25,53,41,765,171,possession
ENG-Premier League,2023,Bournemouth,Mark Travers,IRL,GK,24,1999,4.0,131,111,131,0,0,0,131,0,0,,0,,70,405,180,0,0,0,0,0,52,0,possession
ENG-Premier League,2023,Bournemouth,Max Aarons,ENG,DF,23,2000,13.7,711,43,252,303,165,11,711,34,14,41.2,12,35.3,364,2174,1121,22,12,7,13,8,371,26,possession
ENG-Premier League,2023,Bournemouth,Milos Kerkez,HUN,DF,19,2003,21.9,1095,81,371,386,352,31,1095,27,12,44.4,12,44.4,518,3192,1617,46,28,8,29,10,538,93,possession
ENG-Premier League,2023,Bournemouth,Neto,BRA,GK,34,1989,32.0,1138,949,1129,9,0,0,1138,2,2,100.0,0,0.0,635,3771,2495,0,0,0,0,0,474,0,possession
ENG-Premier League,2023,Bournemouth,Philip Billing,DEN,MF,27,1996,15.5,755,43,139,337,286,60,755,33,12,36.4,18,54.5,366,1772,798,22,23,6,27,17,438,63,possession
ENG-Premier League,2023,Bournemouth,Romain Faivre,FRA,"MF,FW",25,1998,0.5,37,1,3,15,19,3,37,7,2,28.6,3,42.9,24,215,121,4,4,0,3,1,31,4,possession
ENG-Premier League,2023,Bournemouth,Ryan Christie,SCO,MF,28,1995,32.3,1737,88,339,876,564,69,1737,98,51,52.0,41,41.8,933,5769,2681,60,58,14,58,47,987,78,possession
ENG-Premier League,2023,Bournemouth,Tyler Adams,USA,MF,24,1999,1.3,91,3,23,54,14,4,91,3,2,66.7,0,0.0,44,193,116,4,1,2,3,0,52,1,possession
ENG-Premier League,2023,Brentford,Aaron Hickey,SCO,DF,21,2002,7.9,356,25,132,155,76,7,356,14,5,35.7,5,35.7,212,1107,505,9,3,1,14,5,225,13,possession
ENG-Premier League,2023,Brentford,Ben Mee,ENG,DF,33,1989,14.1,829,109,388,364,79,25,829,6,3,50.0,3,50.0,388,1958,1150,11,4,1,9,7,447,9,possession
ENG-Premier League,2023,Brentford,Bryan Mbeumo,CMR,FW,23,1999,21.8,1045,26,108,350,599,111,1042,78,26,33.3,42,53.8,667,4326,2115,74,52,38,67,39,727,195,possession
ENG-Premier League,2023,Brentford,Christian Nørgaard,DEN,MF,29,1994,27.8,1846,99,522,944,388,57,1846,11,6,54.5,4,36.4,873,3367,1633,15,27,3,21,15,1089,42,possession
ENG-Premier League,2023,Brentford,Ethan Pinnock,JAM,DF,30,1993,28.0,1768,303,1001,661,113,43,1768,10,6,60.0,3,30.0,922,5095,3160,11,5,1,11,4,1025,16,possession
ENG-Premier League,2023,Brentford,Frank Onyeka,NGA,MF,25,1998,12.9,585,32,128,290,177,28,585,29,11,37.9,14,48.3,325,1624,593,17,15,4,33,12,336,39,possession
ENG-Premier League,2023,Brentford,Ivan Toney,ENG,FW,27,1996,16.1,620,20,74,281,273,67,620,23,10,43.5,10,43.5,358,1633,809,23,17,13,59,17,465,98,possession
ENG-Premier League,2023,Brentford,Josh Dasilva,ENG,"DF,FW",24,1998,0.3,26,1,1,6,19,6,26,4,2,50.0,2,50.0,17,153,69,2,0,2,2,4,17,5,possession
ENG-Premier League,2023,Brentford,Keane Lewis-Potter,ENG,"FW,DF",22,2001,16.0,604,32,107,173,330,84,604,58,21,36.2,33,56.9,370,2822,1632,56,32,24,30,18,417,135,possession
ENG-Premier League,2023,Brentford,Kevin Schade,GER,"FW,MF",21,2001,3.7,148,3,17,59,73,19,148,14,2,14.3,10,71.4,84,631,283,8,3,5,14,6,98,23,possession
ENG-Premier League,2023,Brentford,Kristoffer Ajer,NOR,DF,25,1998,20.4,1042,112,430,457,158,58,1042,12,10,83.3,2,16.7,464,2367,1435,22,11,5,16,6,563,31,possession
ENG-Premier League,2023,Brentford,Mads Roerslev,DEN,DF,24,1999,22.1,966,99,362,342,268,23,966,28,11,39.3,15,53.6,448,1985,864,18,12,6,23,15,520,90,possession
ENG-Premier League,2023,Brentford,Mark Flekken,NED,GK,30,1993,36.5,1658,1268,1584,74,0,0,1658,4,3,75.0,1,25.0,930,5167,2908,0,0,0,0,0,810,0,possession
ENG-Premier League,2023,Brentford,Mathias Jensen,DEN,MF,27,1996,24.5,1440,48,288,689,475,21,1440,44,18,40.9,23,52.3,641,2961,1265,19,17,3,31,18,768,66,possession
ENG-Premier League,2023,Brentford,Mathias Jørgensen,DEN,DF,33,1990,12.1,704,74,287,350,70,24,704,4,3,75.0,0,0.0,275,1222,758,5,4,0,4,1,372,4,possession
ENG-Premier League,2023,Brentford,Michael Olakigbe,ENG,"DF,FW",19,2004,0.7,70,0,11,21,38,10,70,11,3,27.3,7,63.6,42,437,229,10,5,3,4,1,48,17,possession
ENG-Premier League,2023,Brentford,Mikkel Damsgaard,DEN,MF,23,2000,9.4,555,15,108,260,195,20,555,20,9,45.0,11,55.0,316,1578,846,16,11,3,18,8,346,32,possession
ENG-Premier League,2023,Brentford,Myles Peart-Harris,ENG,"DF,MF",20,2002,0.1,11,0,1,3,7,1,11,0,0,,0,,8,64,37,2,1,0,0,2,8,1,possession
ENG-Premier League,2023,Brentford,Nathan Collins,IRL,DF,22,2001,29.5,1879,305,1049,696,140,48,1879,17,11,64.7,2,11.8,999,4658,2636,11,15,0,22,13,1126,18,possession
ENG-Premier League,2023,Brentford,Neal Maupay,FRA,FW,26,1996,14.7,532,6,59,221,262,71,532,33,9,27.3,20,60.6,295,1421,571,21,23,12,28,24,379,91,possession
ENG-Premier League,2023,Brentford,Rico Henry,ENG,DF,26,1997,4.5,227,14,78,93,59,7,227,10,7,70.0,1,10.0,115,698,372,13,3,3,8,7,126,12,possession
ENG-Premier League,2023,Brentford,Saman Ghoddos,IRN,DF,29,1993,8.2,542,12,139,223,184,10,542,13,3,23.1,8,61.5,282,1389,717,22,12,2,10,4,313,31,possession
ENG-Premier League,2023,Brentford,Sergio Reguilón,ESP,DF,26,1996,12.4,708,55,242,253,228,22,708,26,13,50.0,11,42.3,318,1988,1160,34,25,2,22,5,332,40,possession
ENG-Premier League,2023,Brentford,Shandon Baptiste,GRN,MF,25,1998,2.5,130,7,41,57,34,6,130,11,6,54.5,5,45.5,64,322,170,3,1,0,8,0,69,1,possession
ENG-Premier League,2023,Brentford,Thomas Strakosha,ALB,GK,28,1995,1.5,75,62,74,1,0,0,75,0,0,,0,,35,156,88,0,0,0,0,0,32,0,possession
ENG-Premier League,2023,Brentford,Vitaly Janelt,GER,"MF,DF",25,1998,33.9,1703,115,513,772,437,72,1703,18,8,44.4,7,38.9,893,3559,1558,25,25,3,27,10,1053,81,possession
ENG-Premier League,2023,Brentford,Yehor Yarmoliuk,UKR,MF,19,2004,7.6,407,14,81,172,162,20,407,27,17,63.0,7,25.9,207,1267,461,13,7,2,17,10,220,36,possession
ENG-Premier League,2023,Brentford,Yoane Wissa,COD,FW,26,1996,27.7,751,22,119,286,366,122,751,52,20,38.5,23,44.2,422,2666,1387,45,33,20,58,20,485,150,possession
ENG-Premier League,2023,Brighton,Adam Lallana,ENG,"MF,FW",35,1988,9.4,574,5,80,268,229,44,574,13,3,23.1,9,69.2,354,1310,483,9,12,4,14,18,491,55,possession
ENG-Premier League,2023,Brighton,Adam Webster,ENG,DF,28,1995,12.7,1201,106,495,625,86,14,1201,2,0,0.0,2,100.0,814,4073,2357,16,16,0,5,2,903,2,possession
ENG-Premier League,2023,Brighton,Ansu Fati,ESP,"MF,FW",20,2002,5.8,300,4,27,141,135,43,300,18,5,27.8,9,50.0,212,1025,451,16,5,9,15,10,238,50,possession
ENG-Premier League,2023,Brighton,Bart Verbruggen,NED,GK,20,2002,21.0,906,779,897,9,0,0,906,1,1,100.0,0,0.0,672,2520,1279,0,0,0,0,0,580,0,possession
ENG-Premier League,2023,Brighton,Benicio Boaitey,ENG,"FW,DF",19,2004,0.4,30,1,6,6,19,1,30,1,1,100.0,0,0.0,19,105,40,1,2,1,2,1,23,2,possession
ENG-Premier League,2023,Brighton,Billy Gilmour,SCO,MF,22,2001,23.6,2277,67,447,1425,417,12,2277,23,8,34.8,13,56.5,1410,6287,3120,39,53,0,28,9,1871,33,possession
ENG-Premier League,2023,Brighton,Carlos Baleba,CMR,MF,19,2004,14.7,965,65,255,580,139,5,965,22,11,50.0,6,27.3,571,2903,1423,19,19,1,16,16,664,9,possession
ENG-Premier League,2023,Brighton,Danny Welbeck,ENG,"FW,MF",32,1990,18.8,727,20,71,337,325,73,727,27,8,29.6,16,59.3,443,2011,877,32,16,13,46,21,533,100,possession
ENG-Premier League,2023,Brighton,Evan Ferguson,IRL,FW,18,2004,15.2,448,13,64,204,185,45,448,16,7,43.8,6,37.5,286,1299,414,13,9,5,40,31,336,62,possession
ENG-Premier League,2023,Brighton,Facundo Buonanotte,ARG,"FW,MF",18,2004,15.2,673,21,91,316,277,35,673,52,18,34.6,28,53.8,421,2342,898,23,25,8,42,33,480,69,possession
ENG-Premier League,2023,Brighton,Igor,BRA,DF,25,1998,18.2,1651,105,604,913,141,7,1651,22,16,72.7,5,22.7,1055,5334,2867,30,23,0,9,6,1205,12,possession
ENG-Premier League,2023,Brighton,Jack Hinshelwood,ENG,DF,18,2005,9.7,590,26,193,256,143,30,590,5,0,0.0,4,80.0,331,1598,726,16,15,1,9,2,381,38,possession
ENG-Premier League,2023,Brighton,Jakub Moder,POL,"MF,DF",24,1999,6.9,388,23,106,180,106,14,388,12,6,50.0,5,41.7,218,985,423,10,8,2,11,6,259,26,possession
ENG-Premier League,2023,Brighton,James Milner,ENG,"DF,MF",37,1986,8.6,675,25,135,300,245,17,675,8,3,37.5,4,50.0,395,1230,562,11,6,4,11,6,457,73,possession
ENG-Premier League,2023,Brighton,Jan Paul van Hecke,NED,DF,23,2000,26.3,2668,324,1209,1311,157,20,2668,9,5,55.6,2,22.2,1918,10198,6274,25,41,2,16,3,2080,7,possession
ENG-Premier League,2023,Brighton,Jason Steele,ENG,GK,32,1990,17.0,711,630,706,5,0,0,711,0,0,,0,,490,1912,977,0,0,0,0,0,475,0,possession
ENG-Premier League,2023,Brighton,João Pedro,BRA,"FW,MF",21,2001,22.7,1196,32,105,475,629,184,1191,107,43,40.2,45,42.1,787,5003,2295,83,42,47,83,63,949,205,possession
ENG-Premier League,2023,Brighton,Joël Veltman,NED,DF,31,1992,17.6,1103,95,378,517,213,17,1103,11,1,9.1,5,45.5,601,2532,1076,24,17,0,21,7,657,54,possession
ENG-Premier League,2023,Brighton,Julio Enciso,PAR,"MF,FW",19,2004,5.3,257,5,24,106,131,21,257,29,17,58.6,7,24.1,193,1299,839,28,20,7,15,8,202,29,possession
ENG-Premier League,2023,Brighton,Kaoru Mitoma,JPN,FW,26,1997,16.5,852,17,79,270,514,136,852,94,39,41.5,44,46.8,616,4879,3147,121,54,62,38,15,677,239,possession
ENG-Premier League,2023,Brighton,Lewis Dunk,ENG,DF,31,1991,31.9,3481,554,1811,1542,145,51,3481,8,5,62.5,2,25.0,2417,10752,5605,33,18,2,9,2,2681,13,possession
ENG-Premier League,2023,Brighton,Mahmoud Dahoud,GER,MF,27,1996,5.0,368,12,86,225,58,4,368,5,2,40.0,3,60.0,239,951,406,4,3,1,6,5,303,6,possession
ENG-Premier League,2023,Brighton,Mark O'Mahony,IRL,FW,18,2005,0.7,27,2,6,15,6,2,27,0,0,,0,,16,66,10,0,0,0,4,0,21,0,possession
ENG-Premier League,2023,Brighton,Odeluga Offiah,ENG,DF,20,2002,1.4,87,1,31,27,31,2,87,6,4,66.7,1,16.7,59,418,268,9,5,1,1,0,64,9,possession
ENG-Premier League,2023,Brighton,Pascal Groß,GER,"MF,DF",32,1991,34.6,3534,133,826,1681,1050,70,3533,30,16,53.3,13,43.3,2284,10055,5189,83,69,8,35,28,2736,180,possession
ENG-Premier League,2023,Brighton,Pervis Estupiñán,ECU,DF,25,1998,13.8,1109,56,256,546,316,37,1109,23,9,39.1,9,39.1,693,3046,1806,47,30,13,20,6,735,88,possession
ENG-Premier League,2023,Brighton,Simon Adingra,CIV,FW,21,2002,24.7,1159,36,187,364,627,153,1159,123,50,40.7,64,52.0,773,5063,2996,111,48,63,48,28,795,278,possession
ENG-Premier League,2023,Brighton,Solly March,ENG,"FW,DF",29,1994,6.2,336,12,71,123,145,18,336,18,8,44.4,8,44.4,198,975,491,14,7,3,8,10,211,44,possession
ENG-Premier League,2023,Brighton,Tariq Lamptey,GHA,"DF,FW",22,2000,10.2,545,21,130,221,197,21,545,19,6,31.6,8,42.1,354,2092,1218,39,17,12,22,2,382,64,possession
ENG-Premier League,2023,Brighton,Valentín Barco,ARG,"DF,FW",19,2004,3.4,274,7,73,102,100,5,274,11,5,45.5,4,36.4,181,697,367,8,4,0,5,4,188,20,possession
ENG-Premier League,2023,Burnley,Aaron Ramsey,ENG,"MF,FW",20,2003,5.9,228,15,63,102,65,9,228,10,3,30.0,6,60.0,117,514,168,8,5,4,11,10,142,17,possession
ENG-Premier League,2023,Burnley,Ameen Al-Dakhil,BEL,DF,21,2002,11.7,749,83,355,339,58,10,749,5,3,60.0,2,40.0,491,2471,1351,7,9,0,8,6,495,9,possession
ENG-Premier League,2023,Burnley,Anass Zaroury,MAR,"FW,MF",22,2000,1.7,87,1,12,39,37,4,87,6,2,33.3,3,50.0,60,362,91,2,2,0,3,2,68,12,possession
ENG-Premier League,2023,Burnley,Arijanet Muric,KVX,GK,24,1998,10.0,635,361,573,62,0,0,635,0,0,,0,,418,2331,1453,0,0,0,0,0,392,0,possession
ENG-Premier League,2023,Burnley,Benson Manuel,ANG,"MF,FW",26,1997,1.3,82,0,9,25,48,3,82,12,4,33.3,6,50.0,63,515,225,5,7,0,5,4,68,14,possession
ENG-Premier League,2023,Burnley,Charlie Taylor,ENG,DF,29,1993,25.9,1542,115,503,679,370,18,1542,17,9,52.9,6,35.3,723,3259,1497,36,18,5,18,10,861,81,possession
ENG-Premier League,2023,Burnley,Connor Roberts,WAL,DF,27,1995,9.1,557,28,182,259,120,6,557,2,0,0.0,2,100.0,309,1163,620,6,10,0,3,1,358,13,possession
ENG-Premier League,2023,Burnley,Dara O'Shea,IRL,DF,24,1999,32.1,2094,306,969,992,142,49,2094,2,1,50.0,1,50.0,1112,5725,3525,32,14,1,11,1,1306,10,possession
ENG-Premier League,2023,Burnley,David Datro Fofana,CIV,FW,20,2002,9.8,307,10,36,130,147,45,307,41,15,36.6,22,53.7,187,1226,527,21,9,11,37,20,222,39,possession
ENG-Premier League,2023,Burnley,Han-Noah Massengo,FRA,"MF,DF",22,2001,0.2,16,0,5,6,5,0,16,0,0,,0,,6,34,16,2,1,0,1,0,7,0,possession
ENG-Premier League,2023,Burnley,Hannes Delcroix,BEL,DF,24,1999,6.5,419,42,175,204,40,4,419,6,3,50.0,2,33.3,241,847,451,2,2,0,5,3,268,6,possession
ENG-Premier League,2023,Burnley,Hjalmar Ekdal,SWE,DF,24,1998,4.9,268,36,131,124,15,3,268,3,2,66.7,1,33.3,142,885,523,5,4,0,2,1,150,1,possession
ENG-Premier League,2023,Burnley,Jack Cork,ENG,MF,34,1989,0.3,37,0,4,23,11,1,37,0,0,,0,,24,146,98,4,2,0,0,0,30,1,possession
ENG-Premier League,2023,Burnley,Jacob Bruun Larsen,DEN,"MF,FW",24,1998,13.9,720,20,97,229,401,89,719,55,20,36.4,31,56.4,398,2539,1351,61,20,33,28,10,449,146,possession
ENG-Premier League,2023,Burnley,James Trafford,ENG,GK,20,2002,28.0,1631,1036,1559,72,0,0,1631,2,2,100.0,0,0.0,1009,4620,2156,0,0,0,1,0,932,0,possession
ENG-Premier League,2023,Burnley,Jay Rodriguez,ENG,FW,34,1989,9.1,314,11,48,165,101,24,313,9,6,66.7,3,33.3,152,441,137,2,3,1,20,5,225,28,possession
ENG-Premier League,2023,Burnley,Jordan Beyer,GER,DF,23,2000,13.7,1022,159,570,429,26,8,1022,7,4,57.1,2,28.6,624,3314,2089,9,11,0,5,1,678,1,possession
ENG-Premier League,2023,Burnley,Josh Brownhill,ENG,MF,27,1995,25.0,1351,71,326,627,410,42,1351,13,7,53.8,6,46.2,551,2278,1018,19,14,3,17,14,702,36,possession
ENG-Premier League,2023,Burnley,Josh Cullen,IRL,MF,27,1996,22.9,1555,65,342,905,321,18,1555,13,3,23.1,5,38.5,848,3351,1691,22,21,2,17,10,1065,22,possession
ENG-Premier League,2023,Burnley,Jóhann Berg Guðmundsson,ISL,"MF,FW",32,1990,13.2,656,25,108,284,268,26,656,16,5,31.3,7,43.8,371,1836,605,13,13,2,20,15,420,69,possession
ENG-Premier League,2023,Burnley,Lorenz Assignon,TOG,DF,23,2000,13.7,670,46,210,270,207,30,670,32,13,40.6,17,53.1,283,1862,1063,38,16,12,27,13,303,57,possession
ENG-Premier League,2023,Burnley,Luca Koleosho,ITA,"MF,FW",18,2004,10.8,416,5,33,149,240,52,416,78,33,42.3,39,50.0,299,2603,1383,53,37,29,22,14,313,82,possession
ENG-Premier League,2023,Burnley,Lyle Foster,RSA,"FW,MF",22,2000,21.1,692,41,93,289,321,93,692,39,19,48.7,18,46.2,380,2464,1278,55,31,36,69,33,479,104,possession
ENG-Premier League,2023,Burnley,Maxime Estève,FRA,DF,21,2002,14.5,979,158,465,463,52,8,979,3,1,33.3,0,0.0,514,2716,1664,15,18,2,5,3,600,3,possession
ENG-Premier League,2023,Burnley,Michael Obafemi,IRL,"FW,MF",23,2000,0.2,9,0,0,3,6,4,9,3,3,100.0,0,0.0,6,32,11,0,0,0,0,1,6,3,possession
ENG-Premier League,2023,Burnley,Mike Trésor,BEL,"FW,MF",24,1999,4.7,238,7,48,76,121,6,238,22,11,50.0,11,50.0,136,777,437,15,7,3,9,6,149,31,possession
ENG-Premier League,2023,Burnley,Nathan Redmond,ENG,"FW,MF",29,1994,1.6,88,3,10,31,50,9,88,6,4,66.7,2,33.3,57,435,291,7,5,1,1,2,67,22,possession
ENG-Premier League,2023,Burnley,Sander Berge,NOR,MF,25,1998,33.4,1887,133,494,997,414,41,1887,41,20,48.8,16,39.0,1076,6419,3091,64,57,9,23,23,1233,29,possession
ENG-Premier League,2023,Burnley,Vitinho,BRA,"DF,MF",24,1999,25.7,1299,80,363,539,406,51,1299,58,25,43.1,25,43.1,634,3958,2038,59,38,18,34,26,678,110,possession
ENG-Premier League,2023,Burnley,Wilson Odobert,FRA,"MF,FW",18,2004,23.3,844,26,144,305,416,98,844,110,53,48.2,49,44.5,545,4562,2919,102,56,48,48,30,600,123,possession
ENG-Premier League,2023,Burnley,Zeki Amdouni,SUI,FW,22,2000,21.7,789,24,94,379,337,68,788,88,29,33.0,47,53.4,468,3229,1654,63,30,20,67,32,513,93,possession
ENG-Premier League,2023,Chelsea,Alex Matos,ENG,MF,18,2004,0.0,0,0,0,0,0,0,0,0,0,,0,,1,1,0,0,0,0,0,1,1,0,possession
ENG-Premier League,2023,Chelsea,Alfie Gilchrist,ENG,DF,19,2003,2.3,177,14,72,57,49,5,177,1,1,100.0,0,0.0,78,263,130,1,1,0,2,2,96,4,possession
ENG-Premier League,2023,Chelsea,Armando Broja,ALB,FW,21,2001,5.0,167,3,9,56,106,35,167,31,13,41.9,16,51.6,117,695,286,11,4,8,17,14,131,37,possession
ENG-Premier League,2023,Chelsea,Axel Disasi,FRA,DF,25,1998,28.7,2496,291,1193,1140,175,24,2496,22,12,54.5,5,22.7,1613,7182,4223,30,20,3,16,12,1892,21,possession
ENG-Premier League,2023,Chelsea,Ben Chilwell,ENG,DF,26,1996,8.4,605,21,129,258,221,28,605,19,7,36.8,8,42.1,333,1713,844,22,14,5,21,5,394,59,possession
ENG-Premier League,2023,Chelsea,Benoît Badiashile,FRA,DF,22,2001,14.9,1321,178,662,612,52,11,1321,1,0,0.0,0,0.0,765,3225,1734,3,5,1,6,4,976,3,possession
ENG-Premier League,2023,Chelsea,Carney Chukwuemeka,ENG,"MF,FW",19,2003,2.5,167,1,21,77,72,12,167,12,2,16.7,10,83.3,107,646,231,4,5,2,5,4,129,19,possession
ENG-Premier League,2023,Chelsea,Cesare Casadei,ITA,"FW,MF",20,2003,0.9,81,6,17,49,15,1,81,2,2,100.0,0,0.0,36,234,59,1,0,0,3,0,62,3,possession
ENG-Premier League,2023,Chelsea,Christopher Nkunku,FRA,"FW,MF",25,1997,4.9,244,5,25,95,128,27,244,8,2,25.0,5,62.5,144,606,298,10,6,2,17,8,202,35,possession
ENG-Premier League,2023,Chelsea,Cole Palmer,ENG,"FW,MF",21,2002,29.0,1754,22,183,742,852,126,1745,104,52,50.0,46,44.2,1148,7236,3492,117,66,46,57,44,1362,195,possession
ENG-Premier League,2023,Chelsea,Conor Gallagher,ENG,MF,23,2000,34.8,2443,77,468,1221,793,79,2443,65,38,58.5,18,27.7,1453,7243,2979,62,54,14,69,39,1739,122,possession
ENG-Premier League,2023,Chelsea,Deivid Washington,BRA,"DF,FW",18,2005,0.1,5,0,1,3,1,1,5,1,0,0.0,1,100.0,2,6,0,0,0,0,0,1,2,1,possession
ENG-Premier League,2023,Chelsea,Enzo Fernández,ARG,MF,22,2001,24.5,2128,67,442,1209,488,47,2126,44,23,52.3,17,38.6,1315,6080,3109,52,46,8,29,24,1675,54,possession
ENG-Premier League,2023,Chelsea,Ian Maatsen,NED,"FW,MF",21,2002,2.3,179,7,49,56,75,8,179,4,0,0.0,4,100.0,100,555,315,9,5,2,8,7,117,15,possession
ENG-Premier League,2023,Chelsea,Jimi Tauriainen,ENG,FW,19,2004,0.0,1,1,1,0,0,0,1,0,0,,0,,0,0,0,0,0,0,0,0,0,0,possession
ENG-Premier League,2023,Chelsea,Joshua Acheampong,ENG,DF,17,2006,0.1,6,5,5,0,1,0,6,0,0,,0,,1,18,12,0,0,0,0,0,0,0,possession
ENG-Premier League,2023,Chelsea,Lesley Ugochukwu,FRA,MF,19,2004,3.3,214,14,66,120,31,2,214,6,3,50.0,1,16.7,128,620,358,8,2,2,3,3,162,3,possession
ENG-Premier League,2023,Chelsea,Levi Colwill,ENG,DF,20,2003,20.0,1392,108,570,669,164,26,1392,13,9,69.2,4,30.8,766,3602,1985,23,17,2,22,4,873,27,possession
ENG-Premier League,2023,Chelsea,Malo Gusto,FRA,DF,20,2003,19.5,1641,71,470,698,499,49,1641,42,17,40.5,20,47.6,972,5376,2791,78,41,16,32,12,1103,135,possession
ENG-Premier League,2023,Chelsea,Marc Cucurella,ESP,DF,25,1998,19.8,1426,91,575,590,270,27,1426,13,4,30.8,7,53.8,657,2861,1579,31,15,3,15,6,873,73,possession
ENG-Premier League,2023,Chelsea,Mason Burstow,ENG,FW,19,2003,0.1,6,0,0,1,5,1,6,0,0,,0,,2,1,0,0,0,0,1,0,3,1,possession
ENG-Premier League,2023,Chelsea,Moisés Caicedo,ECU,MF,21,2001,31.8,2452,122,687,1405,382,9,2452,56,26,46.4,24,42.9,1378,5497,2466,27,31,1,36,24,1828,27,possession
ENG-Premier League,2023,Chelsea,Mykhailo Mudryk,UKR,FW,22,2001,17.5,777,14,116,255,420,78,777,81,39,48.1,31,38.3,509,4183,2418,92,56,36,54,22,572,139,possession
ENG-Premier League,2023,Chelsea,Nicolas Jackson,SEN,FW,22,2001,31.1,998,28,94,450,480,151,998,105,54,51.4,36,34.3,616,4579,2122,70,44,32,87,66,752,200,possession
ENG-Premier League,2023,Chelsea,Noni Madueke,ENG,FW,21,2002,11.7,666,18,85,224,373,77,665,86,37,43.0,37,43.0,428,3556,2191,76,36,38,25,14,504,136,possession
ENG-Premier League,2023,Chelsea,Raheem Sterling,ENG,"FW,MF",28,1994,22.0,1019,8,77,324,638,167,1019,132,45,34.1,70,53.0,744,5113,3063,120,51,65,54,44,821,242,possession
ENG-Premier League,2023,Chelsea,Reece James,ENG,DF,23,1999,4.7,391,26,118,153,124,20,391,15,9,60.0,4,26.7,217,1061,548,19,8,3,6,6,245,35,possession
ENG-Premier League,2023,Chelsea,Robert Sánchez,ESP,GK,25,1997,15.9,649,561,644,5,0,0,649,0,0,,0,,392,1890,1130,0,0,0,1,0,360,0,possession
ENG-Premier League,2023,Chelsea,Roméo Lavia,BEL,MF,19,2004,0.4,30,1,2,26,2,0,30,0,0,,0,,22,83,40,0,0,0,0,0,26,0,possession
ENG-Premier League,2023,Chelsea,Thiago Silva,BRA,DF,38,1984,28.1,2549,398,1280,1198,79,24,2549,4,2,50.0,0,0.0,1623,6862,3867,2,11,0,7,1,1891,5,possession
ENG-Premier League,2023,Chelsea,Trevoh Chalobah,ENG,DF,24,1999,10.6,886,122,454,372,63,4,886,2,1,50.0,1,50.0,475,1552,709,5,5,2,10,3,633,9,possession
ENG-Premier League,2023,Chelsea,Đorđe Petrović,SRB,GK,23,1999,22.1,855,755,852,3,0,0,855,0,0,,0,,482,2076,1103,0,0,0,1,0,475,0,possession
ENG-Premier League,2023,Crystal Palace,Adam Wharton,ENG,MF,19,2004,14.4,742,29,143,426,183,4,742,7,3,42.9,2,28.6,346,1441,723,14,23,0,12,12,449,10,possession
ENG-Premier League,2023,Crystal Palace,Cheick Doucouré,MLI,MF,23,2000,10.2,545,25,145,312,97,7,545,13,10,76.9,3,23.1,276,1153,579,9,9,1,16,8,318,5,possession
ENG-Premier League,2023,Crystal Palace,Chris Richards,USA,"DF,MF",23,2000,23.3,1195,157,557,568,77,21,1195,1,1,100.0,0,0.0,574,2313,890,1,6,0,7,4,678,1,possession
ENG-Premier League,2023,Crystal Palace,Daniel Muñoz,COL,"DF,MF",27,1996,16.0,947,54,262,411,284,42,947,28,13,46.4,12,42.9,385,1841,873,25,17,5,21,7,465,80,possession
ENG-Premier League,2023,Crystal Palace,David Ozoh,ENG,"MF,DF",18,2005,1.7,73,1,19,44,11,0,73,3,1,33.3,2,66.7,37,161,39,2,2,0,2,4,42,3,possession
ENG-Premier League,2023,Crystal Palace,Dean Henderson,ENG,GK,26,1997,18.0,536,478,536,0,0,0,536,0,0,,0,,284,1668,734,0,0,0,1,0,233,0,possession
ENG-Premier League,2023,Crystal Palace,Eberechi Eze,ENG,"MF,FW",25,1998,22.8,1274,11,121,522,658,103,1273,140,69,49.3,64,45.7,789,4822,2098,68,61,43,77,48,887,139,possession
ENG-Premier League,2023,Crystal Palace,James Tomkins,ENG,DF,34,1989,0.1,25,2,11,12,2,0,25,0,0,,0,,8,26,12,0,0,0,0,0,13,0,possession
ENG-Premier League,2023,Crystal Palace,Jaïro Riedewald,NED,"MF,FW",26,1996,2.6,138,3,23,79,37,6,138,3,1,33.3,2,66.7,63,243,79,3,0,2,4,2,84,3,possession
ENG-Premier League,2023,Crystal Palace,Jean-Philippe Mateta,FRA,FW,26,1997,25.4,725,19,66,303,373,102,723,65,25,38.5,36,55.4,427,2104,740,29,15,14,89,78,539,135,possession
ENG-Premier League,2023,Crystal Palace,Jefferson Lerma,COL,"MF,DF",28,1994,26.7,1513,99,413,822,290,40,1513,20,11,55.0,6,30.0,735,3033,1410,14,17,2,26,14,893,51,possession
ENG-Premier League,2023,Crystal Palace,Jeffrey Schlupp,GHA,"FW,MF",30,1992,15.0,536,22,110,249,185,27,536,41,17,41.5,20,48.8,288,1372,626,20,10,6,41,23,338,52,possession
ENG-Premier League,2023,Crystal Palace,Jesurun Rak Sakyi,ENG,"MF,FW",20,2002,1.5,77,1,10,19,48,13,77,10,4,40.0,5,50.0,46,252,145,7,3,5,4,3,54,18,possession
ENG-Premier League,2023,Crystal Palace,Joachim Andersen,DEN,DF,27,1996,37.9,2609,337,1320,1160,140,44,2609,23,14,60.9,6,26.1,1367,7243,4207,21,11,0,11,6,1604,10,possession
ENG-Premier League,2023,Crystal Palace,Joel Ward,ENG,DF,33,1989,22.0,1167,107,437,551,187,10,1167,12,8,66.7,4,33.3,490,2018,1015,16,9,0,12,3,599,14,possession
ENG-Premier League,2023,Crystal Palace,Jordan Ayew,GHA,"FW,MF",31,1991,28.3,1349,24,182,592,598,95,1349,130,52,40.0,57,43.8,836,5509,2119,74,55,20,85,80,967,173,possession
ENG-Premier League,2023,Crystal Palace,Marc Guéhi,ENG,DF,23,2000,22.5,1501,196,761,678,67,12,1501,13,7,53.8,4,30.8,898,4190,2201,15,9,1,9,2,1011,7,possession
ENG-Premier League,2023,Crystal Palace,Matheus França,BRA,"MF,FW",19,2004,2.6,119,3,31,45,51,9,119,14,4,28.6,9,64.3,81,722,372,12,11,5,4,7,73,12,possession
ENG-Premier League,2023,Crystal Palace,Michael Olise,FRA,"FW,MF",21,2001,14.2,959,10,102,396,483,80,958,83,40,48.2,33,39.8,563,3979,2210,68,50,27,41,33,692,134,possession
ENG-Premier League,2023,Crystal Palace,Naouirou Ahamada,FRA,"MF,FW",21,2002,3.9,240,6,46,123,75,8,240,13,7,53.8,5,38.5,150,1018,486,19,8,4,8,11,169,20,possession
ENG-Premier League,2023,Crystal Palace,Nathaniel Clyne,ENG,DF,32,1991,14.9,722,40,273,323,131,7,722,16,8,50.0,6,37.5,326,1435,658,10,12,1,13,0,412,18,possession
ENG-Premier League,2023,Crystal Palace,Odsonne Édouard,FRA,"FW,MF",25,1998,17.3,597,18,59,222,326,98,597,50,19,38.0,24,48.0,341,1762,877,33,18,25,55,26,415,100,possession
ENG-Premier League,2023,Crystal Palace,Remi Matthews,ENG,GK,29,1994,0.0,6,5,6,0,0,0,6,0,0,,0,,2,18,0,0,0,0,0,0,1,0,possession
ENG-Premier League,2023,Crystal Palace,Sam Johnstone,ENG,GK,30,1993,20.0,640,539,637,3,0,0,640,0,0,,0,,350,2039,1281,0,0,0,0,0,287,0,possession
ENG-Premier League,2023,Crystal Palace,Tyrick Mitchell,ENG,"DF,MF",23,1999,35.6,2038,118,739,762,555,54,2038,37,18,48.6,17,45.9,818,3253,1564,32,23,9,46,28,979,159,possession
ENG-Premier League,2023,Crystal Palace,Will Hughes,ENG,MF,28,1995,21.0,1094,45,228,657,219,15,1094,15,9,60.0,3,20.0,463,1931,900,14,14,0,22,27,609,17,possession
ENG-Premier League,2023,Everton,Abdoulaye Doucouré,MLI,"FW,MF",30,1993,29.2,1190,36,188,523,495,100,1190,48,25,52.1,21,43.8,635,3292,1692,55,37,17,61,42,800,140,possession
ENG-Premier League,2023,Everton,Alex Iwobi,NGA,MF,27,1996,1.6,58,0,5,17,38,3,58,4,3,75.0,1,25.0,33,316,221,6,5,2,3,1,34,8,possession
ENG-Premier League,2023,Everton,Amadou Onana,BEL,MF,21,2001,23.2,1291,61,280,724,297,29,1291,27,12,44.4,8,29.6,657,2985,1376,21,30,5,20,10,839,39,possession
ENG-Premier League,2023,Everton,André Gomes,POR,"MF,FW",30,1993,5.6,352,10,57,179,121,11,352,12,3,25.0,8,66.7,183,868,333,8,7,3,8,6,232,29,possession
ENG-Premier League,2023,Everton,Arnaut Danjuma,NED,"MF,FW",26,1997,6.6,223,4,23,77,127,32,223,21,8,38.1,11,52.4,147,1182,599,24,15,11,10,7,147,44,possession
ENG-Premier League,2023,Everton,Ashley Young,ENG,"DF,MF",38,1985,25.3,1284,77,378,554,365,20,1284,27,12,44.4,12,44.4,609,2909,1490,40,24,5,16,13,653,61,possession
ENG-Premier League,2023,Everton,Ben Godfrey,ENG,DF,25,1998,12.4,655,67,221,265,172,19,655,14,5,35.7,9,64.3,233,1158,571,11,12,0,10,6,283,26,possession
ENG-Premier League,2023,Everton,Beto,GNB,FW,25,1998,10.6,373,16,30,141,206,64,372,35,15,42.9,17,48.6,183,1021,384,14,9,13,47,22,250,58,possession
ENG-Premier League,2023,Everton,Dominic Calvert-Lewin,ENG,FW,26,1997,24.1,738,50,79,263,399,124,736,43,14,32.6,26,60.5,357,2068,794,36,21,22,65,25,565,122,possession
ENG-Premier League,2023,Everton,Dwight McNeil,ENG,"MF,FW",23,1999,32.1,1621,51,247,683,724,72,1621,66,30,45.5,31,47.0,905,5845,2583,80,62,14,67,60,1032,147,possession
ENG-Premier League,2023,Everton,Idrissa Gana Gueye,SEN,MF,33,1989,20.9,1126,59,280,608,252,21,1126,25,11,44.0,11,44.0,592,2976,1431,29,26,2,17,20,670,41,possession
ENG-Premier League,2023,Everton,Jack Harrison,ENG,"MF,FW",26,1996,24.6,935,36,167,338,445,59,935,75,29,38.7,39,52.0,539,3250,1546,65,31,14,68,41,580,135,possession
ENG-Premier League,2023,Everton,James Garner,ENG,MF,22,2001,33.4,1610,83,307,776,549,41,1610,41,19,46.3,16,39.0,736,3856,1657,36,37,5,33,10,857,76,possession
ENG-Premier League,2023,Everton,James Tarkowski,ENG,DF,30,1992,38.0,2014,352,1000,848,179,84,2014,20,16,80.0,4,20.0,918,5010,3073,15,12,0,16,16,1076,20,possession
ENG-Premier League,2023,Everton,Jarrad Branthwaite,ENG,DF,21,2002,34.6,1791,307,961,777,61,39,1791,8,5,62.5,2,25.0,759,3161,1557,2,5,1,20,2,903,6,possession
ENG-Premier League,2023,Everton,Jordan Pickford,ENG,GK,29,1994,38.0,1680,1106,1544,141,0,0,1680,1,1,100.0,0,0.0,904,6014,3889,1,0,0,0,0,773,0,possession
ENG-Premier League,2023,Everton,Lewis Dobbin,ENG,MF,20,2003,2.6,127,0,24,42,65,11,127,21,6,28.6,15,71.4,89,622,211,6,11,4,12,6,80,20,possession
ENG-Premier League,2023,Everton,Lewis Warrington,ENG,FW,20,2002,0.0,3,0,1,2,0,0,3,0,0,,0,,1,5,5,0,0,0,0,0,1,0,possession
ENG-Premier League,2023,Everton,Michael Keane,ENG,DF,30,1993,4.9,270,35,122,126,24,11,270,3,2,66.7,1,33.3,154,595,296,4,2,0,2,3,170,3,possession
ENG-Premier League,2023,Everton,Nathan Patterson,SCO,DF,21,2001,11.2,677,49,199,275,209,9,677,18,7,38.9,10,55.6,291,1263,642,17,14,4,19,6,338,39,possession
ENG-Premier League,2023,Everton,Neal Maupay,FRA,FW,26,1996,1.2,40,1,1,21,19,8,40,0,0,,0,,20,89,34,1,1,1,6,3,28,6,possession
ENG-Premier League,2023,Everton,Séamus Coleman,IRL,DF,34,1988,7.4,388,42,136,152,103,3,388,13,6,46.2,7,53.8,162,837,387,5,5,1,7,4,176,16,possession
ENG-Premier League,2023,Everton,Thomas Cannon,IRL,FW,20,2002,0.0,0,0,0,0,0,0,0,0,0,,0,,0,0,0,0,0,0,0,0,0,0,possession
ENG-Premier League,2023,Everton,Tyler Onyango,ENG,MF,20,2003,0.0,0,0,0,0,0,0,0,0,0,,0,,0,0,0,0,0,0,0,0,0,0,possession
ENG-Premier League,2023,Everton,Vitaliy Mykolenko,UKR,DF,24,1999,27.4,1501,123,531,611,374,30,1501,31,18,58.1,11,35.5,608,2518,1028,14,22,0,39,11,691,68,possession
ENG-Premier League,2023,Everton,Youssef Chermiti,POR,FW,19,2004,2.3,106,3,11,37,59,19,106,11,3,27.3,7,63.6,55,320,105,5,1,3,14,6,76,15,possession
ENG-Premier League,2023,Fulham,Adama Traoré,ESP,"FW,MF",27,1996,4.2,194,4,28,51,118,24,194,17,9,52.9,6,35.3,134,1227,676,29,13,13,13,9,154,48,possession
ENG-Premier League,2023,Fulham,Aleksandar Mitrović,SRB,FW,28,1994,0.4,12,0,1,6,6,4,12,3,3,100.0,0,0.0,5,29,15,0,0,0,0,0,8,0,possession
ENG-Premier League,2023,Fulham,Alex Iwobi,NGA,"FW,MF",27,1996,24.4,1282,19,190,585,537,81,1282,72,37,51.4,32,44.4,866,5856,2979,109,80,27,50,28,1004,175,possession
ENG-Premier League,2023,Fulham,Andreas Pereira,BRA,MF,27,1996,29.0,1516,20,161,662,703,64,1516,41,19,46.3,22,53.7,829,4460,2016,56,51,13,49,41,1013,125,possession
ENG-Premier League,2023,Fulham,Antonee Robinson,USA,DF,25,1997,36.3,2536,165,930,977,660,63,2536,81,37,45.7,35,43.2,1267,7547,4004,99,70,9,47,16,1376,194,possession
ENG-Premier League,2023,Fulham,Armando Broja,ALB,FW,21,2001,1.0,43,0,5,15,23,4,43,6,2,33.3,4,66.7,23,162,62,2,2,0,3,4,37,7,possession
ENG-Premier League,2023,Fulham,Bernd Leno,GER,GK,31,1992,38.0,1657,1275,1645,12,0,0,1657,0,0,,0,,1031,4482,2432,0,0,0,1,0,942,0,possession
ENG-Premier League,2023,Fulham,Bobby Reid,JAM,FW,30,1993,15.8,671,23,98,301,277,55,671,25,8,32.0,12,48.0,389,1875,900,35,18,11,33,10,475,95,possession
ENG-Premier League,2023,Fulham,Calvin Bassey,NGA,DF,23,1999,25.6,1901,305,1054,830,37,9,1901,14,11,78.6,2,14.3,1179,6037,3035,15,11,2,12,8,1291,4,possession
ENG-Premier League,2023,Fulham,Carlos Vinícius,BRA,FW,28,1995,3.5,102,1,11,49,45,15,102,8,2,25.0,6,75.0,66,322,91,3,4,2,11,7,80,13,possession
ENG-Premier League,2023,Fulham,Fodé Ballo-Touré,SEN,"DF,MF",26,1997,0.8,91,4,35,39,18,1,91,6,3,50.0,2,33.3,48,300,163,5,2,1,0,0,50,4,possession
ENG-Premier League,2023,Fulham,Harrison Reed,ENG,MF,28,1995,14.7,883,34,214,488,182,10,883,10,5,50.0,5,50.0,449,1715,590,10,10,1,19,13,603,40,possession
ENG-Premier League,2023,Fulham,Harry Wilson,WAL,FW,26,1997,18.0,828,24,118,352,371,53,828,34,15,44.1,16,47.1,505,3258,1513,41,25,17,32,12,606,130,possession
ENG-Premier League,2023,Fulham,Issa Diop,FRA,DF,26,1997,15.8,1258,168,669,568,24,7,1258,1,1,100.0,0,0.0,794,4396,2661,11,8,0,3,5,884,1,possession
ENG-Premier League,2023,Fulham,João Palhinha,POR,MF,28,1995,30.0,1760,120,569,967,243,41,1760,22,11,50.0,9,40.9,802,2836,1054,8,12,0,29,26,1015,14,possession
ENG-Premier League,2023,Fulham,Kenny Tete,NED,DF,27,1995,9.6,647,40,215,278,161,11,647,20,9,45.0,10,50.0,303,1400,650,20,15,2,10,3,366,38,possession
ENG-Premier League,2023,Fulham,Luke Harris,WAL,MF,18,2005,0.8,19,1,8,6,5,1,19,2,0,0.0,2,100.0,9,39,6,0,1,0,0,0,11,0,possession
ENG-Premier League,2023,Fulham,Raúl Jiménez,MEX,FW,32,1991,15.5,567,22,58,269,240,67,567,24,10,41.7,12,50.0,317,1407,453,11,14,5,44,32,442,87,possession
ENG-Premier League,2023,Fulham,Rodrigo Muniz,BRA,FW,22,2001,17.7,462,30,45,201,220,118,462,20,5,25.0,13,65.0,257,788,258,8,4,4,54,34,343,76,possession
ENG-Premier League,2023,Fulham,Saša Lukić,SRB,MF,26,1996,12.5,625,36,167,361,109,23,625,8,5,62.5,3,37.5,342,1634,776,12,12,1,11,10,374,27,possession
ENG-Premier League,2023,Fulham,Tim Ream,USA,DF,35,1987,16.7,1206,160,585,600,30,7,1206,7,6,85.7,1,14.3,739,4157,2723,11,6,2,6,3,811,3,possession
ENG-Premier League,2023,Fulham,Timothy Castagne,BEL,DF,27,1995,29.3,1937,116,697,831,418,58,1937,30,17,56.7,10,33.3,879,3780,1855,48,25,6,25,10,1121,113,possession
ENG-Premier League,2023,Fulham,Tom Cairney,SCO,MF,32,1991,16.5,1398,27,243,761,422,31,1398,33,26,78.8,5,15.2,931,4502,2261,35,42,6,29,24,1128,72,possession
ENG-Premier League,2023,Fulham,Tosin Adarabioyo,ENG,DF,25,1997,18.0,1390,181,713,631,48,29,1390,3,1,33.3,0,0.0,817,4560,2661,10,12,1,4,4,1009,5,possession
ENG-Premier League,2023,Fulham,Willian,BRA,FW,34,1988,22.8,1333,17,160,519,671,73,1331,63,29,46.0,25,39.7,902,5906,2943,92,71,28,35,26,1040,181,possession
ENG-Premier League,2023,Liverpool,Alexis Mac Allister,ARG,MF,24,1998,28.9,2313,73,392,1382,560,32,2312,34,18,52.9,12,35.3,1346,5738,3006,44,45,4,30,35,1626,48,possession
ENG-Premier League,2023,Liverpool,Alisson,BRA,GK,30,1992,28.0,1196,754,1145,52,0,0,1196,0,0,,0,,850,3713,2361,0,0,0,4,0,764,0,possession
ENG-Premier League,2023,Liverpool,Andrew Robertson,SCO,DF,29,1994,18.8,1713,67,387,789,548,55,1713,17,5,29.4,12,70.6,979,4623,2638,63,40,6,18,6,1160,130,possession
ENG-Premier League,2023,Liverpool,Ben Doak,SCO,FW,17,2005,0.2,6,0,0,2,4,0,6,0,0,,0,,4,7,2,0,0,0,2,0,4,0,possession
ENG-Premier League,2023,Liverpool,Bobby Clark,ENG,MF,18,2005,1.0,70,4,11,34,26,6,70,4,0,0.0,3,75.0,45,286,149,3,0,2,3,6,48,7,possession
ENG-Premier League,2023,Liverpool,Caoimhín Kelleher,IRL,GK,24,1998,10.0,457,269,446,11,0,0,457,0,0,,0,,367,1742,1077,0,0,0,0,0,330,0,possession
ENG-Premier League,2023,Liverpool,Cody Gakpo,NED,"FW,MF",24,1999,18.3,809,15,77,335,412,107,809,54,31,57.4,17,31.5,549,3003,1472,43,31,13,44,32,618,130,possession
ENG-Premier League,2023,Liverpool,Conor Bradley,NIR,DF,20,2003,8.4,661,14,140,289,243,38,661,30,13,43.3,14,46.7,373,2144,1085,35,29,12,17,10,388,64,possession
ENG-Premier League,2023,Liverpool,Curtis Jones,ENG,MF,22,2001,13.0,915,24,127,509,287,38,915,29,15,51.7,10,34.5,624,3297,1425,31,25,7,15,33,709,88,possession
ENG-Premier League,2023,Liverpool,Darwin Núñez,URU,FW,24,1999,22.7,777,13,41,224,526,192,776,44,15,34.1,20,45.5,468,2694,1279,58,35,36,53,29,575,206,possession
ENG-Premier League,2023,Liverpool,Diogo Jota,POR,FW,26,1996,12.7,594,8,53,240,311,107,594,41,15,36.6,21,51.2,350,2104,1239,54,29,23,42,18,427,111,possession
ENG-Premier League,2023,Liverpool,Dominik Szoboszlai,HUN,MF,22,2000,23.4,1802,36,239,868,718,71,1802,56,24,42.9,27,48.2,1043,5475,2880,75,67,22,27,27,1238,160,possession
ENG-Premier League,2023,Liverpool,Harvey Elliott,ENG,"MF,FW",20,2003,15.0,1141,8,91,546,512,71,1141,20,9,45.0,10,50.0,722,3946,1753,44,50,9,15,9,860,122,possession
ENG-Premier League,2023,Liverpool,Ibrahima Konaté,FRA,DF,24,1999,17.5,1622,86,533,1018,80,16,1622,10,6,60.0,1,10.0,1081,5747,3590,24,17,0,8,5,1162,3,possession
ENG-Premier League,2023,Liverpool,James McConnell,ENG,MF,18,2004,0.0,10,0,1,7,2,0,10,1,0,0.0,0,0.0,5,47,11,0,1,0,1,0,6,0,possession
ENG-Premier League,2023,Liverpool,Jarell Quansah,ENG,DF,20,2003,13.2,1284,92,521,724,46,8,1284,7,4,57.1,3,42.9,894,4943,2497,13,10,0,3,2,952,1,possession
ENG-Premier League,2023,Liverpool,Jayden Danns,ENG,FW,17,2006,0.1,7,0,0,3,4,0,7,0,0,,0,,3,11,5,0,1,0,0,0,4,2,possession
ENG-Premier League,2023,Liverpool,Joe Gomez,ENG,DF,26,1997,19.8,1564,85,371,832,375,28,1564,32,15,46.9,12,37.5,891,4686,2313,44,34,3,25,11,979,105,possession
ENG-Premier League,2023,Liverpool,Joël Matip,CMR,DF,31,1991,8.7,665,90,303,327,37,12,665,2,0,0.0,2,100.0,421,2195,1406,8,13,0,3,4,451,1,possession
ENG-Premier League,2023,Liverpool,Kaide Gordon,ENG,FW,18,2004,0.0,2,0,0,0,2,1,2,0,0,,0,,0,0,0,0,0,0,1,0,0,0,possession
ENG-Premier League,2023,Liverpool,Kostas Tsimikas,GRE,DF,27,1996,7.5,573,17,119,235,225,17,573,15,4,26.7,10,66.7,310,1689,861,24,20,3,9,4,338,73,possession
ENG-Premier League,2023,Liverpool,Luis Díaz,COL,FW,26,1997,29.2,1453,10,94,529,858,219,1453,140,67,47.9,57,40.7,1017,7500,3690,137,77,70,69,72,1128,302,possession
ENG-Premier League,2023,Liverpool,Mohamed Salah,EGY,FW,31,1992,28.2,1359,4,47,460,866,241,1352,77,27,35.1,49,63.6,977,5309,2614,98,54,66,77,59,1116,341,possession
ENG-Premier League,2023,Liverpool,Owen Beck,WAL,DF,20,2002,0.1,8,0,3,4,2,0,8,1,0,0.0,1,100.0,4,43,1,0,0,0,1,0,4,1,possession
ENG-Premier League,2023,Liverpool,Ryan Gravenberch,NED,MF,21,2002,12.5,696,17,84,347,272,42,696,50,23,46.0,22,44.0,432,2458,1369,39,28,10,46,13,472,71,possession
ENG-Premier League,2023,Liverpool,Stefan Bajcetic,ESP,MF,18,2004,0.3,12,0,4,8,0,0,12,0,0,,0,,9,46,24,0,0,0,0,0,9,0,possession
ENG-Premier League,2023,Liverpool,Thiago Alcántara,ESP,MF,32,1991,0.1,10,0,4,5,1,0,10,0,0,,0,,9,33,15,0,0,0,0,0,9,0,possession
ENG-Premier League,2023,Liverpool,Trent Alexander-Arnold,ENG,DF,24,1998,23.9,2296,75,523,1217,582,34,2296,52,28,53.8,21,40.4,1250,5701,2724,45,48,7,27,6,1492,97,possession
ENG-Premier League,2023,Liverpool,Virgil van Dijk,NED,DF,32,1991,35.3,3235,384,1339,1757,146,78,3235,5,2,40.0,2,40.0,1981,9779,5235,32,19,0,7,4,2263,7,possession
ENG-Premier League,2023,Liverpool,Wataru Endo,JPN,MF,30,1993,19.1,1514,48,295,1002,224,9,1514,16,10,62.5,5,31.3,890,3465,1523,10,21,2,27,22,1098,21,possession
ENG-Premier League,2023,Luton Town,Albert Sambi Lokonga,BEL,MF,23,1999,14.5,899,54,223,513,170,11,899,22,11,50.0,7,31.8,528,3026,1706,29,19,2,12,11,597,13,possession
ENG-Premier League,2023,Luton Town,Alfie Doughty,ENG,DF,23,1999,32.5,1998,102,541,665,818,76,1998,67,33,49.3,24,35.8,897,5522,2794,94,52,28,51,13,968,164,possession
ENG-Premier League,2023,Luton Town,Amari'i Bell,JAM,DF,29,1994,19.1,1070,101,480,486,117,5,1070,27,10,37.0,15,55.6,584,3640,2020,32,25,1,18,5,607,10,possession
ENG-Premier League,2023,Luton Town,Andros Townsend,ENG,"MF,FW",32,1991,13.4,582,21,89,223,280,21,582,34,16,47.1,14,41.2,347,2425,1099,47,31,7,35,26,366,71,possession
ENG-Premier League,2023,Luton Town,Carlton Morris,ENG,"FW,MF",27,1995,31.8,1071,63,123,501,457,136,1066,55,31,56.4,20,36.4,548,2855,1152,37,32,18,54,53,799,120,possession
ENG-Premier League,2023,Luton Town,Cauley Woodrow,ENG,"FW,MF",28,1994,4.7,223,18,42,85,99,21,223,3,2,66.7,1,33.3,117,527,204,7,7,1,9,8,157,22,possession
ENG-Premier League,2023,Luton Town,Chiedozie Ogbene,IRL,"MF,DF",26,1997,22.2,1066,47,201,385,512,88,1066,121,61,50.4,44,36.4,650,6070,3710,127,74,45,59,21,660,150,possession
ENG-Premier League,2023,Luton Town,Daiki Hashioka,JPN,DF,24,1999,6.6,355,51,165,137,55,2,355,2,1,50.0,1,50.0,184,799,303,3,3,0,8,6,206,16,possession
ENG-Premier League,2023,Luton Town,Elijah Adebayo,ENG,FW,25,1998,15.8,462,27,52,172,243,82,462,67,18,26.9,46,68.7,265,1516,425,16,15,13,62,34,337,110,possession
ENG-Premier League,2023,Luton Town,Fred Onyedinma,ENG,"DF,MF",26,1996,4.5,198,13,55,69,76,16,198,11,2,18.2,8,72.7,85,514,219,9,6,4,12,10,90,21,possession
ENG-Premier League,2023,Luton Town,Gabriel Osho,NGA,DF,24,1998,20.5,968,179,535,384,60,20,968,12,7,58.3,5,41.7,461,2186,1100,10,9,1,12,10,482,4,possession
ENG-Premier League,2023,Luton Town,Issa Kaboré,BFA,DF,22,2001,19.2,985,79,329,386,283,18,985,42,18,42.9,18,42.9,455,3134,1558,60,33,10,25,8,449,85,possession
ENG-Premier League,2023,Luton Town,Jacob Brown,SCO,"MF,FW",25,1998,11.3,427,30,103,152,181,50,427,25,6,24.0,16,64.0,200,1112,504,25,14,9,24,25,237,53,possession
ENG-Premier League,2023,Luton Town,James Shea,ENG,GK,32,1991,0.2,11,8,11,0,0,0,11,0,0,,0,,3,29,26,0,0,0,0,0,3,0,possession
ENG-Premier League,2023,Luton Town,Jordan Clark,ENG,MF,29,1993,14.5,694,36,130,339,234,42,694,42,12,28.6,24,57.1,385,2122,1004,21,20,7,25,21,439,39,possession
ENG-Premier League,2023,Luton Town,Joseph Johnson,ENG,DF,17,2006,0.9,36,4,18,16,2,0,36,0,0,,0,,18,75,9,0,0,0,0,1,26,1,possession
ENG-Premier League,2023,Luton Town,Luke Berry,ENG,"MF,DF",31,1992,3.6,143,5,28,70,46,13,143,3,2,66.7,0,0.0,56,140,30,1,2,0,5,4,70,7,possession
ENG-Premier League,2023,Luton Town,Mads Juel Andersen,DEN,DF,25,1997,4.4,182,56,118,57,7,4,182,1,0,0.0,1,100.0,58,301,112,0,0,0,6,0,64,1,possession
ENG-Premier League,2023,Luton Town,Marvelous Nakamba,ZIM,MF,29,1994,12.6,546,30,133,320,101,3,546,10,3,30.0,5,50.0,224,1064,344,1,8,0,10,4,251,5,possession
ENG-Premier League,2023,Luton Town,Pelly Ruddock Mpanzu,COD,MF,30,1993,12.2,481,30,114,240,130,15,481,16,9,56.3,6,37.5,235,961,378,10,7,5,12,16,270,15,possession
ENG-Premier League,2023,Luton Town,Reece Burke,ENG,DF,26,1996,18.4,929,98,378,440,117,20,929,8,4,50.0,2,25.0,455,2080,1210,11,8,0,18,5,508,14,possession
ENG-Premier League,2023,Luton Town,Ross Barkley,ENG,MF,29,1993,29.1,1777,73,374,1011,430,39,1777,104,66,63.5,34,32.7,1006,6393,2810,48,49,4,27,56,1114,39,possession
ENG-Premier League,2023,Luton Town,Ryan Giles,ENG,"DF,MF",23,2000,5.6,273,20,81,74,119,4,273,8,4,50.0,3,37.5,116,517,241,9,5,2,7,1,129,30,possession
ENG-Premier League,2023,Luton Town,Tahith Chong,NED,"MF,FW",23,1999,22.0,819,30,160,351,324,52,819,72,25,34.7,32,44.4,520,3559,1880,57,47,9,59,40,560,101,possession
ENG-Premier League,2023,Luton Town,Teden Mengi,ENG,DF,21,2002,27.4,1288,218,673,554,70,24,1288,11,7,63.6,3,27.3,596,3222,1660,15,8,2,22,5,616,1,possession
ENG-Premier League,2023,Luton Town,Thomas Kaminski,BEL,GK,30,1992,37.8,1580,1129,1553,30,1,0,1580,2,2,100.0,0,0.0,805,4663,2432,0,0,0,1,0,657,0,possession
ENG-Premier League,2023,Luton Town,Tom Lockyer,WAL,DF,28,1994,13.0,586,108,316,242,32,18,586,6,4,66.7,2,33.3,269,1504,883,6,6,1,6,2,247,2,possession
ENG-Premier League,2023,Luton Town,Zack Nelson,ENG,"MF,DF",18,2004,0.1,6,0,3,3,0,0,6,0,0,,0,,2,9,2,0,0,0,1,0,2,0,possession
ENG-Premier League,2023,Manchester City,Aymeric Laporte,ESP,DF,29,1994,0.1,14,2,7,6,1,1,14,0,0,,0,,10,23,1,0,0,0,0,0,10,0,possession
ENG-Premier League,2023,Manchester City,Bernardo Silva,POR,"MF,FW",28,1994,28.6,2194,39,245,905,1055,146,2194,61,38,62.3,21,34.4,1500,8450,4544,140,74,37,43,34,1757,260,possession
ENG-Premier League,2023,Manchester City,Cole Palmer,ENG,MF,21,2002,0.1,6,0,0,4,2,0,6,0,0,,0,,6,35,4,0,0,0,1,0,6,0,possession
ENG-Premier League,2023,Manchester City,Ederson,BRA,GK,29,1993,30.9,1283,965,1263,20,0,0,1283,1,1,100.0,0,0.0,847,3714,2353,0,0,0,0,0,842,0,possession
ENG-Premier League,2023,Manchester City,Erling Haaland,NOR,FW,23,2000,28.4,636,15,36,206,398,183,628,30,12,40.0,16,53.3,357,1628,728,35,13,22,41,19,489,126,possession
ENG-Premier League,2023,Manchester City,Jack Grealish,ENG,"FW,MF",27,1995,11.2,697,7,53,206,443,82,697,41,18,43.9,11,26.8,522,4025,2080,87,46,50,19,22,578,146,possession
ENG-Premier League,2023,Manchester City,James Mcatee,ENG,MF,20,2002,0.0,1,0,0,0,1,0,1,0,0,,0,,0,0,0,0,0,0,0,0,0,0,possession
ENG-Premier League,2023,Manchester City,Jeremy Doku,BEL,"FW,MF",21,2002,17.7,1161,5,76,275,825,226,1161,169,87,51.5,64,37.9,879,7535,4884,218,61,147,52,37,937,295,possession
ENG-Premier League,2023,Manchester City,John Stones,ENG,"DF,MF",29,1994,11.8,907,54,239,484,189,10,907,6,1,16.7,4,66.7,596,3319,1646,16,24,1,5,6,742,24,possession
ENG-Premier League,2023,Manchester City,Joško Gvardiol,CRO,DF,21,2002,25.9,2179,67,452,1124,622,60,2179,45,26,57.8,14,31.1,1285,6099,3249,63,49,15,23,14,1529,115,possession
ENG-Premier League,2023,Manchester City,Julián Álvarez,ARG,"MF,FW",23,2000,29.4,1554,20,107,473,988,149,1552,42,20,47.6,22,52.4,914,4459,2092,64,59,28,56,36,1103,180,possession
ENG-Premier League,2023,Manchester City,Kalvin Phillips,ENG,MF,27,1995,1.0,87,3,14,52,23,1,87,3,1,33.3,2,66.7,51,402,221,7,5,1,4,2,57,3,possession
ENG-Premier League,2023,Manchester City,Kevin De Bruyne,BEL,MF,32,1991,13.6,1103,2,35,354,724,86,1103,33,10,30.3,21,63.6,633,2916,1647,47,40,12,13,20,833,133,possession
ENG-Premier League,2023,Manchester City,Kyle Walker,ENG,DF,33,1990,30.7,2613,77,526,1358,749,41,2613,35,21,60.0,11,31.4,1509,7514,4015,74,67,7,24,13,1925,172,possession
ENG-Premier League,2023,Manchester City,Manuel Akanji,SUI,"DF,MF",28,1995,27.9,2544,163,779,1385,392,27,2544,4,2,50.0,2,50.0,1639,8282,4923,46,51,3,14,9,1983,36,possession
ENG-Premier League,2023,Manchester City,Mateo Kovačić,CRO,MF,29,1994,17.2,1689,33,226,1079,395,16,1689,32,20,62.5,7,21.9,1141,6091,2733,37,51,1,16,24,1431,38,possession
ENG-Premier League,2023,Manchester City,Matheus Nunes,POR,MF,24,1998,7.3,529,13,59,234,243,36,529,23,9,39.1,13,56.5,347,2001,964,28,22,10,19,12,438,58,possession
ENG-Premier League,2023,Manchester City,Nathan Aké,NED,DF,28,1995,22.7,2026,105,634,1116,281,38,2026,10,5,50.0,3,30.0,1280,6039,3501,24,43,1,8,2,1507,18,possession
ENG-Premier League,2023,Manchester City,Oscar Bobb,NOR,"FW,MF",20,2003,3.4,219,4,13,36,173,27,219,18,11,61.1,6,33.3,139,671,395,13,5,5,6,6,159,38,possession
ENG-Premier League,2023,Manchester City,Phil Foden,ENG,"FW,MF",23,2000,31.7,2146,22,174,785,1211,190,2146,102,47,46.1,46,45.1,1435,6921,3434,93,79,56,62,49,1753,269,possession
ENG-Premier League,2023,Manchester City,Rico Lewis,ENG,"DF,MF",18,2004,9.0,620,8,119,287,220,30,620,9,4,44.4,4,44.4,380,1758,964,21,20,5,2,12,486,46,possession
ENG-Premier League,2023,Manchester City,Rodri,ESP,MF,27,1996,32.6,3988,114,664,2337,1013,80,3988,64,42,65.6,14,21.9,2513,11575,6408,76,88,12,23,32,3242,55,possession
ENG-Premier League,2023,Manchester City,Rúben Dias,POR,DF,26,1997,28.4,2877,231,1002,1600,282,34,2877,1,0,0.0,1,100.0,1996,10862,6693,34,70,1,10,7,2301,16,possession
ENG-Premier League,2023,Manchester City,Sergio Gómez,ESP,"FW,MF",22,2000,0.6,59,0,10,19,30,3,59,2,2,100.0,0,0.0,38,231,112,4,0,1,0,0,48,4,possession
ENG-Premier League,2023,Manchester City,Stefan Ortega,GER,GK,30,1992,7.1,282,213,279,3,0,0,282,0,0,,0,,193,847,480,0,0,0,0,0,187,0,possession
ENG-Premier League,2023,Manchester Utd,Aaron Wan-Bissaka,ENG,DF,25,1997,19.8,1225,85,424,538,278,24,1225,32,17,53.1,9,28.1,594,2909,1429,30,27,4,20,9,691,54,possession
ENG-Premier League,2023,Manchester Utd,Alejandro Garnacho,ARG,FW,19,2004,28.5,1312,13,180,403,741,248,1312,131,48,36.6,63,48.1,940,8034,4211,178,83,102,69,49,1007,281,possession
ENG-Premier League,2023,Manchester Utd,Amad Diallo,CIV,"FW,MF",21,2002,4.3,231,8,28,94,110,24,231,23,11,47.8,10,43.5,146,1035,355,11,12,4,7,14,163,31,possession
ENG-Premier League,2023,Manchester Utd,André Onana,CMR,GK,27,1996,38.0,1629,1224,1592,37,0,0,1629,1,1,100.0,0,0.0,1127,5997,3825,1,0,0,1,0,955,0,possession
ENG-Premier League,2023,Manchester Utd,Anthony Martial,FRA,FW,27,1995,5.0,178,3,11,81,89,16,178,6,2,33.3,2,33.3,105,444,168,6,6,1,14,10,148,36,possession
ENG-Premier League,2023,Manchester Utd,Antony,BRA,FW,23,2000,14.7,815,17,106,304,428,58,815,71,26,36.6,33,46.5,549,3686,1953,53,37,23,26,19,571,149,possession
ENG-Premier League,2023,Manchester Utd,Bruno Fernandes,POR,"MF,FW",28,1994,34.6,2585,96,414,1069,1126,105,2580,44,19,43.2,21,47.7,1367,6155,3408,86,61,23,48,35,1715,182,possession
ENG-Premier League,2023,Manchester Utd,Casemiro,BRA,"MF,DF",31,1992,22.0,1762,169,646,884,245,45,1762,18,9,50.0,8,44.4,984,3576,1729,12,22,1,15,17,1163,36,possession
ENG-Premier League,2023,Manchester Utd,Christian Eriksen,DEN,MF,31,1992,12.7,896,27,165,492,246,12,896,6,3,50.0,3,50.0,515,2319,1199,20,21,2,8,14,620,23,possession
ENG-Premier League,2023,Manchester Utd,Daniel Gore,ENG,MF,18,2004,0.0,2,0,0,1,1,0,2,0,0,,0,,2,6,2,0,0,0,0,0,1,0,possession
ENG-Premier League,2023,Manchester Utd,Diogo Dalot,POR,DF,24,1999,35.3,2196,185,752,873,587,48,2196,52,31,59.6,18,34.6,1150,5414,2901,52,43,10,24,11,1256,111,possession
ENG-Premier League,2023,Manchester Utd,Donny van de Beek,NED,DF,26,1997,0.0,4,0,0,2,2,2,4,0,0,,0,,1,1,0,0,0,0,1,0,1,1,possession
ENG-Premier League,2023,Manchester Utd,Ethan Wheatley,ENG,FW,17,2006,0.2,6,0,0,3,3,0,6,0,0,,0,,3,35,0,0,0,0,1,2,2,1,possession
ENG-Premier League,2023,Manchester Utd,Facundo Pellistri,URU,"FW,MF",21,2001,1.9,117,5,23,37,58,13,117,11,5,45.5,4,36.4,74,482,185,6,7,4,4,4,79,31,possession
ENG-Premier League,2023,Manchester Utd,Hannibal Mejbri,TUN,"MF,FW",20,2003,1.5,59,2,12,30,19,3,59,5,2,40.0,1,20.0,35,156,74,2,0,0,7,4,34,10,possession
ENG-Premier League,2023,Manchester Utd,Harry Maguire,ENG,DF,30,1993,18.4,1313,201,626,603,89,36,1313,2,0,0.0,2,100.0,702,4638,2771,20,13,2,9,2,782,2,possession
ENG-Premier League,2023,Manchester Utd,Jadon Sancho,ENG,"FW,MF",23,2000,0.9,51,4,12,18,26,6,51,7,3,42.9,3,42.9,38,298,192,10,5,5,0,2,34,5,possession
ENG-Premier League,2023,Manchester Utd,Jonny Evans,NIR,DF,35,1988,15.5,1005,185,556,420,31,8,1005,7,4,57.1,2,28.6,567,2683,1441,7,5,0,5,3,625,1,possession
ENG-Premier League,2023,Manchester Utd,Kobbie Mainoo,ENG,MF,18,2005,21.4,1094,62,302,568,236,30,1094,58,31,53.4,22,37.9,667,3152,1447,25,22,6,29,24,767,36,possession
ENG-Premier League,2023,Manchester Utd,Lisandro Martínez,ARG,DF,25,1998,7.2,510,75,234,259,18,2,510,4,2,50.0,1,25.0,338,1775,1062,8,3,0,1,3,351,1,possession
ENG-Premier League,2023,Manchester Utd,Luke Shaw,ENG,DF,28,1995,10.7,754,81,283,326,148,12,754,11,7,63.6,4,36.4,398,1854,832,10,11,1,14,6,435,30,possession
ENG-Premier League,2023,Manchester Utd,Marcus Rashford,ENG,FW,25,1997,25.2,1025,24,124,345,571,130,1023,109,48,44.0,53,48.6,690,4978,2393,95,51,64,59,38,799,185,possession
ENG-Premier League,2023,Manchester Utd,Mason Mount,ENG,"MF,FW",24,1999,5.7,289,11,44,125,125,17,289,12,4,33.3,6,50.0,152,797,321,9,5,2,11,6,180,34,possession
ENG-Premier League,2023,Manchester Utd,Omari Forson,ENG,FW,19,2004,0.8,39,0,2,25,12,1,39,2,1,50.0,1,50.0,29,115,34,1,3,0,1,0,31,2,possession
ENG-Premier League,2023,Manchester Utd,Raphaël Varane,FRA,DF,30,1993,15.3,945,178,469,434,44,11,945,2,1,50.0,1,50.0,549,3541,2161,16,11,0,6,2,569,2,possession
ENG-Premier League,2023,Manchester Utd,Rasmus Højlund,DEN,FW,20,2003,24.0,612,20,61,262,297,96,612,38,18,47.4,18,47.4,355,2082,1088,35,26,14,50,29,429,111,possession
ENG-Premier League,2023,Manchester Utd,Scott McTominay,SCO,"MF,FW",26,1996,21.1,927,78,235,478,225,53,927,21,8,38.1,10,47.6,485,2221,1032,29,22,4,29,23,572,47,possession
ENG-Premier League,2023,Manchester Utd,Sergio Reguilón,ESP,DF,26,1996,4.6,378,8,70,155,155,9,378,11,3,27.3,4,36.4,184,847,441,11,4,2,8,1,217,38,possession
ENG-Premier League,2023,Manchester Utd,Sofyan Amrabat,MAR,"MF,DF",26,1996,10.4,770,48,218,439,120,1,770,10,6,60.0,2,20.0,489,2362,947,6,8,0,9,11,545,10,possession
ENG-Premier League,2023,Manchester Utd,Victor Lindelöf,SWE,DF,29,1994,14.8,1037,102,466,463,114,15,1037,1,1,100.0,0,0.0,620,3077,1621,17,14,0,5,3,706,17,possession
ENG-Premier League,2023,Manchester Utd,Willy Kambwala,FRA,DF,18,2004,3.7,232,27,142,88,2,0,232,2,0,0.0,2,100.0,124,689,377,2,1,0,3,1,149,1,possession
ENG-Premier League,2023,Newcastle Utd,Alex Murphy,IRL,"DF,FW",19,2004,0.1,21,0,4,15,2,0,21,0,0,,0,,16,72,37,0,0,0,1,0,16,0,possession
ENG-Premier League,2023,Newcastle Utd,Alexander Isak,SWE,FW,23,1999,25.1,725,19,46,299,387,139,720,74,42,56.8,28,37.8,421,3052,1613,68,31,38,49,23,511,129,possession
ENG-Premier League,2023,Newcastle Utd,Amadou Diallo,ENG,MF,20,2003,0.0,1,0,0,1,0,0,1,0,0,,0,,0,0,0,0,0,0,0,0,1,0,possession
ENG-Premier League,2023,Newcastle Utd,Anthony Gordon,ENG,FW,22,2001,32.1,1424,15,158,555,733,147,1423,133,54,40.6,56,42.1,955,7622,3668,138,73,59,70,40,1026,232,possession
ENG-Premier League,2023,Newcastle Utd,Ben Parkinson,ENG,FW,18,2005,0.3,6,2,2,1,3,0,6,0,0,,0,,0,0,0,0,0,0,0,0,2,0,possession
ENG-Premier League,2023,Newcastle Utd,Bruno Guimarães,BRA,MF,25,1997,36.3,2734,90,573,1482,722,75,2734,132,72,54.5,41,31.1,1842,10297,4241,65,73,19,61,70,2107,73,possession
ENG-Premier League,2023,Newcastle Utd,Callum Wilson,ENG,FW,31,1992,11.0,304,6,11,132,168,77,302,32,14,43.8,15,46.9,212,1020,322,11,8,13,47,35,254,77,possession
ENG-Premier League,2023,Newcastle Utd,Dan Burn,ENG,DF,31,1992,30.3,2007,204,948,851,212,46,2007,6,4,66.7,2,33.3,924,3930,1664,14,7,3,15,10,1150,25,possession
ENG-Premier League,2023,Newcastle Utd,Elliot Anderson,ENG,"MF,FW",20,2002,11.4,640,23,109,278,267,46,640,43,21,48.8,18,41.9,364,2272,1213,37,23,4,28,22,416,70,possession
ENG-Premier League,2023,Newcastle Utd,Emil Krafth,SWE,DF,28,1994,10.1,661,48,279,241,145,10,661,6,3,50.0,2,33.3,358,1588,720,12,9,1,8,3,423,33,possession
ENG-Premier League,2023,Newcastle Utd,Fabian Schär,SUI,DF,31,1991,33.9,2483,359,1304,1060,140,40,2483,22,13,59.1,8,36.4,1490,7974,4981,28,42,1,17,12,1677,20,possession
ENG-Premier League,2023,Newcastle Utd,Harvey Barnes,ENG,"FW,MF",25,1997,8.9,360,5,48,117,200,60,360,25,7,28.0,14,56.0,266,1782,1093,45,21,23,12,16,285,79,possession
ENG-Premier League,2023,Newcastle Utd,Jacob Murphy,ENG,"FW,DF",28,1995,13.2,666,24,111,229,339,53,666,27,13,48.1,13,48.1,381,2179,981,33,27,15,19,14,434,113,possession
ENG-Premier League,2023,Newcastle Utd,Jamaal Lascelles,ENG,DF,29,1993,12.0,872,101,397,437,41,20,872,3,1,33.3,1,33.3,519,2493,1461,8,6,0,2,4,634,3,possession
ENG-Premier League,2023,Newcastle Utd,Joe White,ENG,MF,20,2002,0.1,13,1,3,6,4,0,13,0,0,,0,,9,80,41,2,0,0,0,0,9,3,possession
ENG-Premier League,2023,Newcastle Utd,Joe Willock,ENG,MF,23,1999,4.7,225,3,42,107,80,18,225,18,7,38.9,11,61.1,133,891,490,16,5,5,14,6,156,26,possession
ENG-Premier League,2023,Newcastle Utd,Joelinton,BRA,"MF,FW",26,1996,14.2,808,37,152,410,253,38,808,35,17,48.6,11,31.4,436,2159,1061,29,24,6,22,28,583,60,possession
ENG-Premier League,2023,Newcastle Utd,Kieran Trippier,ENG,DF,32,1990,24.8,2344,96,732,969,665,36,2344,22,16,72.7,6,27.3,1078,4247,2049,34,37,5,20,9,1411,128,possession
ENG-Premier League,2023,Newcastle Utd,Lewis Hall,ENG,DF,18,2004,8.7,668,35,255,285,137,12,668,18,9,50.0,7,38.9,343,1783,1035,19,16,5,9,13,400,27,possession
ENG-Premier League,2023,Newcastle Utd,Lewis Miley,ENG,MF,17,2006,13.4,674,36,164,305,212,35,674,17,8,47.1,8,47.1,350,1664,654,14,7,6,16,10,435,54,possession
ENG-Premier League,2023,Newcastle Utd,Loris Karius,GER,GK,30,1993,1.0,41,34,41,0,0,0,41,0,0,,0,,17,57,25,0,0,0,0,0,15,0,possession
ENG-Premier League,2023,Newcastle Utd,Martin Dúbravka,SVK,GK,34,1989,22.1,709,604,702,7,0,0,709,0,0,,0,,378,2050,1374,0,0,0,3,0,260,0,possession
ENG-Premier League,2023,Newcastle Utd,Matt Ritchie,SCO,"FW,MF",33,1989,1.4,125,6,26,42,57,9,125,2,0,0.0,1,50.0,58,293,160,5,5,2,3,1,85,13,possession
ENG-Premier League,2023,Newcastle Utd,Matt Targett,ENG,DF,27,1995,0.9,51,1,22,25,5,0,51,2,0,0.0,1,50.0,34,153,91,1,1,0,0,0,33,0,possession
ENG-Premier League,2023,Newcastle Utd,Michael Ndiweni,ENG,FW,19,2003,0.0,2,0,0,2,0,0,2,0,0,,0,,0,0,0,0,0,0,0,0,0,0,possession
ENG-Premier League,2023,Newcastle Utd,Miguel Almirón,PAR,FW,29,1994,21.5,1029,25,137,430,475,86,1029,52,23,44.2,22,42.3,652,4488,2276,78,43,22,30,27,741,162,possession
ENG-Premier League,2023,Newcastle Utd,Nick Pope,ENG,GK,31,1992,14.9,434,366,428,5,1,1,434,0,0,,0,,217,1147,633,0,0,0,0,0,172,0,possession
ENG-Premier League,2023,Newcastle Utd,Paul Dummett,WAL,DF,31,1991,0.2,26,3,7,16,3,1,26,0,0,,0,,12,54,33,1,0,0,0,0,20,0,possession
ENG-Premier League,2023,Newcastle Utd,Sandro Tonali,ITA,MF,23,2000,4.9,307,5,60,179,70,8,307,6,3,50.0,2,33.3,191,965,409,11,4,1,4,2,257,21,possession
ENG-Premier League,2023,Newcastle Utd,Sean Longstaff,ENG,MF,25,1997,30.5,1533,50,338,780,422,90,1533,23,11,47.8,11,47.8,801,3331,1394,24,24,7,34,35,1076,116,possession
ENG-Premier League,2023,Newcastle Utd,Sven Botman,NED,DF,23,2000,15.3,1154,186,676,450,29,20,1154,2,0,0.0,2,100.0,672,2866,1403,0,4,0,5,2,822,5,possession
ENG-Premier League,2023,Newcastle Utd,Valentino Livramento,ENG,DF,20,2002,14.6,957,63,309,428,232,27,957,30,17,56.7,8,26.7,521,2952,1463,44,17,8,17,18,583,76,possession
ENG-Premier League,2023,Nott'ham Forest,Andrew Omobamidele,IRL,DF,21,2002,8.7,399,76,222,164,14,5,399,0,0,,0,,217,1082,429,1,0,0,3,0,246,0,possession
ENG-Premier League,2023,Nott'ham Forest,Andrey Santos,BRA,MF,19,2004,0.1,10,1,3,3,4,0,10,1,0,0.0,1,100.0,2,15,13,0,0,0,0,0,4,0,possession
ENG-Premier League,2023,Nott'ham Forest,Anthony Elanga,SWE,"FW,MF",21,2002,27.0,1022,25,181,348,507,122,1022,76,28,36.8,42,55.3,625,4704,2514,98,54,42,67,22,740,196,possession
ENG-Premier League,2023,Nott'ham Forest,Brandon Aguilera,CRC,FW,20,2003,0.1,11,1,3,4,4,0,11,0,0,,0,,4,16,12,0,1,0,0,0,6,1,possession
ENG-Premier League,2023,Nott'ham Forest,Brennan Johnson,WAL,"FW,MF",22,2001,2.6,85,2,15,38,34,9,85,7,2,28.6,3,42.9,50,372,205,8,4,3,4,2,52,14,possession
ENG-Premier League,2023,Nott'ham Forest,Callum Hudson-Odoi,ENG,"FW,MF",22,2000,20.6,932,19,129,298,524,77,932,80,43,53.8,27,33.8,648,5053,3054,111,57,39,34,33,704,173,possession
ENG-Premier League,2023,Nott'ham Forest,Cheikhou Kouyaté,SEN,MF,33,1989,2.4,108,10,30,49,29,5,108,2,1,50.0,1,50.0,37,112,46,0,1,0,3,3,48,5,possession
ENG-Premier League,2023,Nott'ham Forest,Chris Wood,NZL,FW,31,1991,20.1,628,34,80,311,237,92,628,17,6,35.3,9,52.9,296,959,477,16,10,7,50,21,468,76,possession
ENG-Premier League,2023,Nott'ham Forest,Danilo,BRA,MF,22,2001,19.9,977,79,281,521,191,16,977,26,17,65.4,9,34.6,514,2532,1167,22,20,3,24,13,591,28,possession
ENG-Premier League,2023,Nott'ham Forest,Divock Origi,BEL,FW,28,1995,6.7,225,3,23,103,105,26,225,24,9,37.5,12,50.0,144,914,409,19,9,9,16,10,172,41,possession
ENG-Premier League,2023,Nott'ham Forest,Felipe,BRA,DF,34,1989,4.2,257,22,133,116,9,4,257,2,1,50.0,1,50.0,147,692,361,1,1,0,3,1,156,0,possession
ENG-Premier League,2023,Nott'ham Forest,Gio Reyna,USA,"FW,MF",20,2002,2.6,173,2,18,71,84,12,173,7,3,42.9,4,57.1,83,327,101,3,2,2,8,4,121,14,possession
ENG-Premier League,2023,Nott'ham Forest,Gonzalo Montiel,ARG,DF,26,1997,8.9,474,47,175,186,117,13,474,1,1,100.0,0,0.0,209,920,566,9,10,0,7,3,239,32,possession
ENG-Premier League,2023,Nott'ham Forest,Harry Toffolo,ENG,DF,27,1995,16.2,745,70,283,296,172,12,745,3,1,33.3,2,66.7,272,966,475,10,7,1,7,5,343,34,possession
ENG-Premier League,2023,Nott'ham Forest,Ibrahim Sangaré,CIV,MF,25,1997,11.5,554,36,176,289,92,12,554,12,6,50.0,6,50.0,279,1219,532,5,4,0,10,8,327,7,possession
ENG-Premier League,2023,Nott'ham Forest,Joe Worrall,ENG,DF,26,1997,4.9,216,55,138,72,8,7,216,0,0,,0,,105,410,111,0,0,0,0,0,124,1,possession
ENG-Premier League,2023,Nott'ham Forest,Matt Turner,USA,GK,29,1994,17.0,616,489,611,6,0,0,616,0,0,,0,,319,1984,1372,0,0,0,1,0,230,0,possession
ENG-Premier League,2023,Nott'ham Forest,Matz Sels,BEL,GK,31,1992,16.0,409,334,404,5,0,0,409,0,0,,0,,213,1147,659,0,0,0,0,0,178,0,possession
ENG-Premier League,2023,Nott'ham Forest,Morgan Gibbs-White,ENG,"MF,FW",23,2000,35.1,1879,28,217,896,801,103,1878,116,44,37.9,55,47.4,1034,5615,2866,79,61,15,78,44,1235,181,possession
ENG-Premier League,2023,Nott'ham Forest,Moussa Niakhate,SEN,DF,27,1996,16.2,927,121,465,368,104,7,927,3,3,100.0,0,0.0,502,2511,1183,13,12,1,4,3,536,6,possession
ENG-Premier League,2023,Nott'ham Forest,Murillo,BRA,DF,21,2002,31.0,1848,357,1043,731,94,30,1848,35,20,57.1,15,42.9,985,5485,3398,22,15,3,20,15,1090,7,possession
ENG-Premier League,2023,Nott'ham Forest,Neco Williams,WAL,DF,22,2001,18.2,1080,71,378,422,298,30,1080,44,19,43.2,18,40.9,496,3101,1631,48,24,6,38,27,526,86,possession
ENG-Premier League,2023,Nott'ham Forest,Nicolás Domínguez,ARG,"MF,FW",25,1998,16.6,1049,39,266,542,248,33,1049,17,7,41.2,8,47.1,492,2030,1106,14,13,2,21,7,628,43,possession
ENG-Premier League,2023,Nott'ham Forest,Nuno Tavares,POR,DF,23,2000,5.1,343,20,118,123,109,6,343,9,6,66.7,3,33.3,166,940,564,14,12,2,10,4,186,12,possession
ENG-Premier League,2023,Nott'ham Forest,Odisseas Vlachodimos,GRE,GK,29,1994,5.0,181,140,179,2,0,0,181,0,0,,0,,94,476,265,0,0,0,0,0,89,0,possession
ENG-Premier League,2023,Nott'ham Forest,Ola Aina,NGA,DF,26,1996,18.8,1020,62,340,464,227,13,1020,45,27,60.0,14,31.1,494,3136,1828,52,28,11,24,10,539,37,possession
ENG-Premier League,2023,Nott'ham Forest,Orel Mangala,BEL,MF,25,1998,17.4,819,46,245,471,116,9,819,30,13,43.3,13,43.3,429,2097,961,13,11,1,17,18,529,14,possession
ENG-Premier League,2023,Nott'ham Forest,Rodrigo Ribeiro,POR,"MF,FW",18,2005,0.2,12,0,1,4,7,2,12,1,0,0.0,1,100.0,7,59,43,2,1,0,0,1,8,1,possession
ENG-Premier League,2023,Nott'ham Forest,Ryan Yates,ENG,MF,25,1997,22.1,1126,60,343,558,234,45,1126,9,4,44.4,4,44.4,455,2010,941,18,14,0,24,10,559,37,possession
ENG-Premier League,2023,Nott'ham Forest,Scott McKenna,SCO,DF,26,1996,4.6,244,43,142,92,11,5,244,0,0,,0,,102,365,177,1,0,0,3,0,107,0,possession
ENG-Premier League,2023,Nott'ham Forest,Serge Aurier,CIV,"DF,MF",30,1992,9.3,568,39,165,280,127,13,568,14,3,21.4,11,78.6,249,1039,532,10,15,1,9,8,347,29,possession
ENG-Premier League,2023,Nott'ham Forest,Taiwo Awoniyi,NGA,FW,25,1997,11.6,294,14,30,153,118,43,294,16,8,50.0,7,43.8,168,748,320,8,6,6,38,11,209,45,possession
ENG-Premier League,2023,Nott'ham Forest,Willy Boly,CIV,DF,32,1991,16.0,895,148,502,334,61,34,895,7,3,42.9,2,28.6,380,1713,864,4,2,1,4,3,447,3,possession
ENG-Premier League,2023,Sheffield Utd,Andre Brooks,ENG,"MF,DF",19,2003,10.4,394,16,75,209,117,16,394,25,13,52.0,11,44.0,207,1260,500,12,15,1,22,19,218,22,possession
ENG-Premier League,2023,Sheffield Utd,Anel Ahmedhodžić,BIH,DF,24,1999,29.4,1336,229,736,507,104,33,1336,21,11,52.4,9,42.9,606,3527,1953,15,15,3,14,11,697,21,possession
ENG-Premier League,2023,Sheffield Utd,Anis Ben Slimane,TUN,MF,22,2001,4.7,216,15,46,108,65,12,216,17,2,11.8,13,76.5,109,452,168,3,8,3,8,12,120,21,possession
ENG-Premier League,2023,Sheffield Utd,Antwoine Hackford,ENG,FW,19,2004,0.1,4,0,0,2,2,0,4,1,0,0.0,1,100.0,3,11,2,0,1,0,1,0,3,0,possession
ENG-Premier League,2023,Sheffield Utd,Auston Trusty,USA,DF,24,1998,28.6,1262,231,710,452,105,27,1262,12,6,50.0,5,41.7,510,2002,796,10,7,2,17,4,582,15,possession
ENG-Premier League,2023,Sheffield Utd,Ben Brereton,CHI,"FW,MF",24,1999,12.3,388,14,44,168,185,51,387,28,10,35.7,17,60.7,234,1449,669,23,15,19,23,16,282,78,possession
ENG-Premier League,2023,Sheffield Utd,Ben Osborn,ENG,"DF,MF",28,1994,15.2,735,37,210,315,216,9,735,14,7,50.0,7,50.0,374,1646,750,16,11,1,14,10,419,44,possession
ENG-Premier League,2023,Sheffield Utd,Bénie Traoré,CIV,"FW,MF",20,2002,4.3,112,2,19,49,48,9,112,22,5,22.7,15,68.2,72,462,174,7,5,3,10,7,69,14,possession
ENG-Premier League,2023,Sheffield Utd,Cameron Archer,ENG,"FW,MF",22,2001,20.4,563,13,63,205,307,69,563,61,30,49.2,29,47.5,346,2187,982,33,29,22,61,45,387,114,possession
ENG-Premier League,2023,Sheffield Utd,Chris Basham,ENG,"DF,MF",35,1988,3.6,185,26,84,69,32,5,185,4,3,75.0,1,25.0,72,320,163,1,4,0,2,2,89,6,possession
ENG-Premier League,2023,Sheffield Utd,Daniel Jebbison,ENG,FW,19,2003,0.2,9,0,0,5,4,2,9,0,0,,0,,5,6,1,0,0,0,1,0,4,1,possession
ENG-Premier League,2023,Sheffield Utd,George Baldock,GRE,DF,30,1993,10.8,505,66,200,192,116,9,505,11,6,54.5,4,36.4,238,988,463,9,3,4,9,9,258,24,possession
ENG-Premier League,2023,Sheffield Utd,Gustavo Hamer,NED,MF,26,1997,32.3,1403,63,286,648,485,44,1403,58,28,48.3,28,48.3,624,3316,1572,36,26,13,37,17,761,86,possession
ENG-Premier League,2023,Sheffield Utd,Ivo Grbić,CRO,GK,27,1996,8.6,324,280,317,7,0,0,324,0,0,,0,,152,1049,772,0,0,0,0,0,92,0,possession
ENG-Premier League,2023,Sheffield Utd,Jack Robinson,ENG,DF,29,1993,32.1,1567,235,793,606,177,31,1567,11,5,45.5,3,27.3,686,2956,1441,8,6,2,18,5,786,14,possession
ENG-Premier League,2023,Sheffield Utd,James Mcatee,ENG,"MF,FW",20,2002,20.2,784,23,119,315,366,68,783,92,33,35.9,52,56.5,451,3244,1450,56,33,18,49,40,475,110,possession
ENG-Premier League,2023,Sheffield Utd,Jayden Bogle,ENG,DF,23,2000,31.0,1376,145,531,537,330,55,1376,60,25,41.7,27,45.0,592,3521,1441,38,32,11,51,27,677,92,possession
ENG-Premier League,2023,Sheffield Utd,John Egan,IRL,DF,30,1992,5.4,257,58,163,81,13,9,257,0,0,,0,,106,485,233,0,2,0,2,1,133,1,possession
ENG-Premier League,2023,Sheffield Utd,John Fleck,SCO,"MF,DF",31,1991,1.0,49,3,10,29,11,1,49,1,0,0.0,0,0.0,19,81,39,2,1,0,2,0,27,0,possession
ENG-Premier League,2023,Sheffield Utd,Luke Thomas,ENG,DF,22,2001,10.2,430,34,160,188,88,11,430,10,5,50.0,4,40.0,191,803,391,8,7,1,11,5,230,22,possession
ENG-Premier League,2023,Sheffield Utd,Mason Holgate,ENG,DF,26,1996,7.9,296,53,143,119,35,3,296,2,1,50.0,1,50.0,95,356,159,0,2,1,4,1,105,0,possession
ENG-Premier League,2023,Sheffield Utd,Max Lowe,ENG,"DF,MF",26,1997,5.6,203,23,78,64,63,6,203,5,2,40.0,3,60.0,66,271,105,5,2,1,6,0,88,11,possession
ENG-Premier League,2023,Sheffield Utd,Oliver Arblaster,ENG,MF,19,2004,10.5,555,31,135,335,93,4,555,26,17,65.4,6,23.1,281,1521,661,14,12,3,13,8,317,4,possession
ENG-Premier League,2023,Sheffield Utd,Oliver McBurnie,SCO,FW,27,1996,14.2,583,31,68,288,230,74,581,17,6,35.3,10,58.8,245,923,305,6,11,4,25,18,420,60,possession
ENG-Premier League,2023,Sheffield Utd,Oliver Norwood,NIR,MF,32,1991,16.0,1068,65,327,575,170,6,1067,3,1,33.3,1,33.3,470,1695,666,3,5,0,9,4,630,10,possession
ENG-Premier League,2023,Sheffield Utd,Rhian Brewster,ENG,"FW,MF",23,2000,3.8,113,2,9,47,57,16,113,5,0,0.0,4,80.0,62,201,75,1,4,3,8,8,81,21,possession
ENG-Premier League,2023,Sheffield Utd,Rhys Norrington-Davies,WAL,DF,24,1999,1.2,77,4,26,38,14,1,77,1,1,100.0,0,0.0,46,266,119,3,1,0,2,2,47,6,possession
ENG-Premier League,2023,Sheffield Utd,Ryan One,SCO,FW,17,2006,0.1,2,1,1,1,1,0,2,0,0,,0,,1,11,11,1,1,0,0,0,0,0,possession
ENG-Premier League,2023,Sheffield Utd,Sam Curtis,IRL,DF,17,2005,0.3,14,0,8,4,2,0,14,0,0,,0,,1,1,0,0,0,0,0,1,9,1,possession
ENG-Premier League,2023,Sheffield Utd,Sydie Peck,ENG,MF,18,2004,0.1,1,0,0,1,0,0,1,0,0,,0,,0,0,0,0,0,0,0,0,1,0,possession
ENG-Premier League,2023,Sheffield Utd,Tom Davies,ENG,MF,25,1998,2.5,142,9,44,65,34,5,142,8,2,25.0,5,62.5,67,381,167,3,2,1,3,4,76,3,possession
ENG-Premier League,2023,Sheffield Utd,Vinicius Souza,BRA,MF,24,1999,29.6,1381,125,489,706,200,35,1381,30,17,56.7,11,36.7,581,2697,988,8,6,5,33,25,712,21,possession
ENG-Premier League,2023,Sheffield Utd,Wes Foderingham,ENG,GK,32,1991,29.4,1155,945,1137,20,0,0,1155,2,2,100.0,0,0.0,575,3493,2231,0,0,0,1,1,389,0,possession
ENG-Premier League,2023,Sheffield Utd,William Osula,DEN,FW,19,2003,8.7,200,9,24,78,104,28,200,17,3,17.6,12,70.6,108,606,224,7,8,3,32,15,140,41,possession
ENG-Premier League,2023,Sheffield Utd,Yasser Larouci,ALG,DF,22,2001,5.9,262,29,101,112,56,7,262,17,10,58.8,7,41.2,137,1225,741,18,13,4,1,5,134,12,possession
ENG-Premier League,2023,Tottenham,Alejo Véliz,ARG,FW,19,2003,0.6,18,0,1,6,11,4,18,2,1,50.0,1,50.0,8,19,9,0,0,0,2,2,10,3,possession
ENG-Premier League,2023,Tottenham,Ben Davies,WAL,DF,30,1993,12.1,972,97,406,473,96,23,972,10,4,40.0,6,60.0,593,3265,2044,13,13,1,2,3,685,20,possession
ENG-Premier League,2023,Tottenham,Brennan Johnson,WAL,FW,22,2001,23.2,977,14,94,316,578,154,977,71,25,35.2,39,54.9,638,3938,2091,97,35,48,35,19,748,293,possession
ENG-Premier League,2023,Tottenham,Bryan Gil,ESP,"FW,MF",22,2001,2.3,191,3,25,66,101,18,191,11,8,72.7,3,27.3,137,746,340,11,6,5,9,7,155,49,possession
ENG-Premier League,2023,Tottenham,Cristian Romero,ARG,DF,25,1998,31.0,2923,357,1254,1494,198,33,2923,8,5,62.5,1,12.5,1957,9359,6026,32,42,0,12,4,2071,8,possession
ENG-Premier League,2023,Tottenham,Dane Scarlett,ENG,FW,19,2004,0.2,11,0,0,5,6,2,11,3,0,0.0,2,66.7,10,32,2,0,0,1,5,0,11,4,possession
ENG-Premier League,2023,Tottenham,Davinson Sánchez,COL,DF,27,1996,0.9,83,8,24,45,14,1,83,0,0,,0,,68,238,80,0,2,0,1,0,66,0,possession
ENG-Premier League,2023,Tottenham,Dejan Kulusevski,SWE,"FW,MF",23,2000,30.7,1623,12,167,503,984,226,1623,129,54,41.9,66,51.2,1169,7680,3856,151,61,82,86,65,1229,388,possession
ENG-Premier League,2023,Tottenham,Destiny Udogie,ITA,DF,20,2002,26.6,1775,96,487,815,506,71,1775,58,24,41.4,26,44.8,974,6108,3320,83,65,19,49,26,1028,138,possession
ENG-Premier League,2023,Tottenham,Emerson,BRA,DF,24,1999,12.9,1220,103,462,517,249,12,1220,21,10,47.6,6,28.6,686,2759,1292,21,19,2,15,12,814,35,possession
ENG-Premier League,2023,Tottenham,Eric Dier,ENG,DF,29,1994,2.2,164,38,106,57,2,2,164,0,0,,0,,97,291,119,0,0,0,1,0,112,0,possession
ENG-Premier League,2023,Tottenham,Giovani Lo Celso,ARG,MF,27,1996,5.6,570,13,85,292,201,19,570,14,8,57.1,3,21.4,361,1891,946,25,20,0,12,7,456,29,possession
ENG-Premier League,2023,Tottenham,Guglielmo Vicario,ITA,GK,26,1996,38.0,1680,1252,1664,17,0,0,1680,0,0,,0,,1029,4528,2573,0,0,0,0,0,986,0,possession
ENG-Premier League,2023,Tottenham,Ivan Perišić,CRO,FW,34,1989,1.1,93,3,24,20,49,10,93,7,4,57.1,3,42.9,65,398,277,15,5,6,2,0,74,17,possession
ENG-Premier League,2023,Tottenham,James Maddison,ENG,MF,26,1996,23.7,1748,24,136,774,852,112,1748,81,32,39.5,34,42.0,1251,6395,2589,58,60,31,35,34,1430,156,possession
ENG-Premier League,2023,Tottenham,Jamie Donley,NIR,FW,18,2005,0.0,7,2,4,2,1,0,7,1,0,0.0,1,100.0,2,9,8,0,0,0,0,1,1,0,possession
ENG-Premier League,2023,Tottenham,Manor Solomon,ISR,FW,24,1999,2.2,125,1,14,29,83,20,125,17,10,58.8,7,41.2,92,695,404,17,8,9,5,2,92,44,possession
ENG-Premier League,2023,Tottenham,Micky van de Ven,NED,DF,22,2001,26.0,2023,244,966,976,102,15,2023,27,15,55.6,9,33.3,1422,6561,3058,19,16,2,15,12,1499,9,possession
ENG-Premier League,2023,Tottenham,Mikey Moore,ENG,MF,15,2007,0.0,8,1,1,3,4,0,8,1,0,0.0,1,100.0,4,44,41,2,1,0,1,0,5,2,possession
ENG-Premier League,2023,Tottenham,Oliver Skipp,ENG,"MF,DF",22,2000,7.9,448,14,90,257,102,13,448,3,2,66.7,1,33.3,226,831,399,8,4,1,9,6,319,25,possession
ENG-Premier League,2023,Tottenham,Pape Matar Sarr,SEN,MF,20,2002,23.0,1582,64,283,830,486,44,1582,38,19,50.0,17,44.7,1041,5912,2263,43,58,3,37,15,1197,90,possession
ENG-Premier League,2023,Tottenham,Pedro Porro,ESP,DF,23,1999,34.3,2786,161,783,1098,929,69,2786,57,26,45.6,24,42.1,1369,5484,2925,57,46,10,37,15,1670,158,possession
ENG-Premier League,2023,Tottenham,Pierre Højbjerg,DEN,MF,27,1995,14.6,1584,63,377,913,309,16,1584,23,12,52.2,10,43.5,1013,4239,1820,17,25,2,20,9,1231,29,possession
ENG-Premier League,2023,Tottenham,Radu Drăgușin,ROU,DF,21,2002,4.8,411,44,217,189,7,2,411,3,1,33.3,1,33.3,284,1550,738,5,2,1,1,1,312,1,possession
ENG-Premier League,2023,Tottenham,Richarlison,BRA,FW,26,1997,16.6,652,33,88,248,322,121,652,37,10,27.0,23,62.2,394,1656,712,26,11,17,53,40,459,106,possession
ENG-Premier League,2023,Tottenham,Rodrigo Bentancur,URU,MF,26,1997,11.2,932,36,174,513,250,29,932,21,11,52.4,8,38.1,575,2778,1154,16,22,2,16,19,732,31,possession
ENG-Premier League,2023,Tottenham,Son Heung-min,KOR,FW,31,1992,32.6,1354,8,87,458,823,212,1352,92,39,42.4,47,51.1,927,5688,2989,119,44,64,55,41,1100,325,possession
ENG-Premier League,2023,Tottenham,Timo Werner,GER,FW,27,1996,9.0,450,3,32,118,302,69,450,30,12,40.0,12,40.0,328,2598,1517,79,27,36,11,5,351,124,possession
ENG-Premier League,2023,Tottenham,Yves Bissouma,MLI,MF,26,1996,23.0,2119,97,469,1226,443,19,2119,47,27,57.4,12,25.5,1367,7132,3006,43,42,7,33,30,1641,13,possession
ENG-Premier League,2023,West Ham,Aaron Cresswell,ENG,"DF,FW",33,1989,4.8,326,18,125,141,61,1,326,1,0,0.0,1,100.0,169,522,220,4,5,0,0,2,210,6,possession
ENG-Premier League,2023,West Ham,Alphonse Areola,FRA,GK,30,1993,30.0,976,835,969,7,0,0,976,1,1,100.0,0,0.0,498,3168,1945,0,1,0,0,0,345,0,possession
ENG-Premier League,2023,West Ham,Angelo Ogbonna,ITA,DF,35,1988,7.1,272,61,184,82,6,4,272,1,1,100.0,0,0.0,137,728,263,2,0,1,0,0,152,0,possession
ENG-Premier League,2023,West Ham,Ben Johnson,ENG,"DF,FW",23,2000,6.0,417,21,139,169,119,4,417,25,11,44.0,12,48.0,232,1479,633,17,11,1,6,10,243,33,possession
ENG-Premier League,2023,West Ham,Danny Ings,ENG,FW,31,1992,4.5,165,8,20,68,79,24,165,13,6,46.2,6,46.2,94,381,129,7,2,3,9,4,107,29,possession
ENG-Premier League,2023,West Ham,Divin Mubama,ENG,FW,18,2004,0.9,32,0,3,20,9,1,32,0,0,,0,,18,41,12,0,1,0,6,0,24,5,possession
ENG-Premier League,2023,West Ham,Edson Álvarez,MEX,MF,25,1997,26.4,1599,150,565,854,201,16,1599,42,27,64.3,14,33.3,890,5147,2227,20,27,1,38,30,948,26,possession
ENG-Premier League,2023,West Ham,Emerson Palmieri,ITA,DF,28,1994,34.9,2168,168,679,988,521,39,2168,64,24,37.5,32,50.0,1057,5492,2790,59,47,9,36,17,1242,124,possession
ENG-Premier League,2023,West Ham,George Earthy,ENG,FW,18,2004,0.4,18,0,3,7,8,1,18,0,0,,0,,13,48,13,0,1,0,0,0,15,3,possession
ENG-Premier League,2023,West Ham,James Ward-Prowse,ENG,MF,28,1994,33.3,1923,76,375,1001,558,32,1920,21,11,52.4,7,33.3,911,3951,1606,18,26,6,15,11,1155,63,possession
ENG-Premier League,2023,West Ham,Jarrod Bowen,ENG,FW,26,1996,33.5,1094,20,135,410,571,174,1094,97,34,35.1,55,56.7,666,4859,2141,90,40,49,79,58,745,186,possession
ENG-Premier League,2023,West Ham,Kaelan Casey,ENG,DF,18,2004,0.0,1,1,1,0,0,0,1,0,0,,0,,0,0,0,0,0,0,0,0,0,0,possession
ENG-Premier League,2023,West Ham,Kalvin Phillips,ENG,MF,27,1995,3.4,215,7,43,153,21,1,215,5,1,20.0,4,80.0,110,585,240,3,1,0,4,3,136,4,possession
ENG-Premier League,2023,West Ham,Konstantinos Mavropanos,GRE,DF,25,1997,16.7,821,117,421,372,34,19,821,6,2,33.3,2,33.3,393,2338,1349,10,1,1,7,0,419,2,possession
ENG-Premier League,2023,West Ham,Kurt Zouma,FRA,DF,28,1994,31.5,1455,275,798,626,34,28,1455,3,2,66.7,1,33.3,794,3751,2019,7,5,1,13,3,873,1,possession
ENG-Premier League,2023,West Ham,Lucas Paquetá,BRA,"FW,MF",25,1997,29.1,1845,42,319,1018,533,63,1843,77,41,53.2,29,37.7,1103,4489,1771,34,40,12,72,81,1350,116,possession
ENG-Premier League,2023,West Ham,Maxwel Cornet,CIV,"MF,FW",26,1996,1.2,68,1,12,22,35,8,68,2,0,0.0,1,50.0,34,280,84,3,2,2,1,3,41,8,possession
ENG-Premier League,2023,West Ham,Michail Antonio,JAM,FW,33,1990,18.8,527,7,49,226,259,59,527,62,29,46.8,26,41.9,345,2320,1084,48,17,19,69,39,398,104,possession
ENG-Premier League,2023,West Ham,Mohammed Kudus,GHA,"FW,MF",22,2000,27.6,1311,20,193,582,590,102,1311,221,124,56.1,77,34.8,904,6874,3225,117,62,40,80,93,936,216,possession
ENG-Premier League,2023,West Ham,Nayef Aguerd,MAR,DF,27,1996,20.6,1373,187,709,618,50,21,1373,5,3,60.0,2,40.0,861,4211,2388,10,8,0,10,2,912,3,possession
ENG-Premier League,2023,West Ham,Pablo Fornals,ESP,"MF,FW",27,1996,4.7,277,7,53,128,98,20,277,12,6,50.0,5,41.7,156,645,256,4,7,2,8,8,176,27,possession
ENG-Premier League,2023,West Ham,Saïd Benrahma,ALG,"FW,MF",27,1995,6.9,355,11,65,128,168,35,354,38,14,36.8,21,55.3,238,1687,790,28,17,15,14,8,245,70,possession
ENG-Premier League,2023,West Ham,Thilo Kehrer,GER,"DF,MF",26,1996,0.2,12,2,2,8,2,0,12,0,0,,0,,3,15,5,0,0,0,0,0,6,1,possession
ENG-Premier League,2023,West Ham,Tomáš Souček,CZE,MF,28,1995,31.9,1340,186,456,653,234,72,1340,11,4,36.4,7,63.6,533,1869,596,7,13,2,20,12,677,39,possession
ENG-Premier League,2023,West Ham,Vladimír Coufal,CZE,DF,30,1992,34.8,2025,163,728,814,501,26,2025,38,12,31.6,19,50.0,885,4956,2431,68,35,4,28,13,1010,126,possession
ENG-Premier League,2023,West Ham,Łukasz Fabiański,POL,GK,38,1985,8.0,260,222,255,5,0,0,260,0,0,,0,,140,822,585,0,0,0,0,0,94,0,possession
ENG-Premier League,2023,Wolves,Boubacar Traoré,MLI,MF,21,2001,9.1,556,17,128,346,89,3,556,15,10,66.7,4,26.7,283,1417,567,9,14,1,13,17,363,15,possession
ENG-Premier League,2023,Wolves,Craig Dawson,ENG,DF,33,1990,24.5,1529,292,889,592,54,34,1529,3,3,100.0,0,0.0,896,4227,1932,1,7,0,5,2,997,4,possession
ENG-Premier League,2023,Wolves,Daniel Bentley,ENG,GK,30,1993,4.3,151,120,149,2,0,0,151,0,0,,0,,66,318,181,0,0,0,0,0,76,0,possession
ENG-Premier League,2023,Wolves,Enso Gonzalez,PAR,"MF,DF",18,2005,0.0,7,0,0,4,3,0,7,0,0,,0,,4,35,3,0,1,0,1,0,7,2,possession
ENG-Premier League,2023,Wolves,Fábio Silva,POR,FW,21,2002,2.9,118,4,24,55,44,12,118,8,2,25.0,5,62.5,66,437,186,5,5,1,12,4,69,13,possession
ENG-Premier League,2023,Wolves,Hugo Bueno,ESP,"DF,MF",20,2002,8.2,517,33,180,208,130,9,517,23,8,34.8,11,47.8,266,1575,785,22,9,2,7,14,306,40,possession
ENG-Premier League,2023,Wolves,Hwang Hee-chan,KOR,"FW,MF",27,1996,23.5,777,13,100,345,344,103,776,69,36,52.2,30,43.5,478,2586,999,37,21,24,55,31,564,120,possession
ENG-Premier League,2023,Wolves,Jean-Ricner Bellegarde,FRA,"MF,FW",25,1998,10.6,478,25,86,201,199,30,478,39,17,43.6,17,43.6,268,1850,880,30,28,5,25,19,302,49,possession
ENG-Premier League,2023,Wolves,Jonny Castro,ESP,MF,29,1994,0.1,2,1,1,1,0,0,2,0,0,,0,,0,0,0,0,0,0,0,0,0,0,possession
ENG-Premier League,2023,Wolves,José Sá,POR,GK,30,1993,33.7,1198,1049,1189,8,1,0,1198,3,3,100.0,0,0.0,677,4662,3131,0,1,1,1,1,481,0,possession
ENG-Premier League,2023,Wolves,João Gomes,BRA,MF,22,2001,29.4,1626,66,433,859,352,35,1626,55,26,47.3,23,41.8,805,3929,1772,28,22,6,42,44,1011,44,possession
ENG-Premier League,2023,Wolves,Leon Chiwome,ENG,FW,17,2006,1.9,39,3,5,25,10,4,39,0,0,,0,,16,86,50,1,0,1,3,2,18,7,possession
ENG-Premier League,2023,Wolves,Mario Lemina,GAB,MF,29,1993,33.0,1817,130,557,980,308,51,1817,46,25,54.3,19,41.3,932,4902,2281,32,31,3,33,22,1203,49,possession
ENG-Premier League,2023,Wolves,Matheus Cunha,BRA,"FW,MF",24,1999,27.1,1220,30,169,611,474,121,1219,140,64,45.7,61,43.6,718,5683,3203,107,79,38,80,53,885,139,possession
ENG-Premier League,2023,Wolves,Matheus Nunes,POR,MF,24,1998,2.0,131,4,30,66,40,6,131,17,11,64.7,4,23.5,93,634,336,7,6,3,3,4,95,9,possession
ENG-Premier League,2023,Wolves,Matt Doherty,IRL,"DF,MF",31,1992,12.8,811,60,274,336,205,31,811,14,6,42.9,7,50.0,325,1293,597,12,8,3,17,6,481,64,possession
ENG-Premier League,2023,Wolves,Max Kilman,ENG,DF,26,1997,38.0,2706,451,1478,1110,133,30,2706,16,10,62.5,3,18.8,1582,7276,4107,22,17,1,8,10,1877,5,possession
ENG-Premier League,2023,Wolves,Nathan Fraser,IRL,FW,18,2005,2.1,62,4,10,28,25,5,62,0,0,,0,,32,88,22,1,1,1,4,2,39,21,possession
ENG-Premier League,2023,Wolves,Nélson Semedo,POR,"DF,MF",29,1993,34.3,2233,136,743,993,528,37,2233,90,51,56.7,29,32.2,1237,7650,4324,103,63,14,57,36,1376,150,possession
ENG-Premier League,2023,Wolves,Pablo Sarabia,ESP,"MF,FW",31,1992,19.4,1172,13,137,552,495,55,1170,43,17,39.5,22,51.2,687,3304,1501,41,52,9,41,23,822,137,possession
ENG-Premier League,2023,Wolves,Pedro Neto,POR,"FW,MF",23,2000,16.8,904,4,63,358,505,83,904,88,37,42.0,42,47.7,581,4915,2615,98,65,42,44,20,683,149,possession
ENG-Premier League,2023,Wolves,Rayan Aït-Nouri,ALG,"DF,MF",22,2001,25.9,1523,56,406,699,446,49,1523,115,62,53.9,39,33.9,868,4898,2435,67,48,8,51,56,1007,99,possession
ENG-Premier League,2023,Wolves,Santiago Bueno,URU,DF,24,1998,9.1,566,77,301,250,18,1,566,1,1,100.0,0,0.0,330,1726,988,3,5,0,1,2,400,2,possession
ENG-Premier League,2023,Wolves,Sasa Kalajdzic,AUT,FW,26,1997,1.8,88,5,20,44,24,7,88,1,1,100.0,0,0.0,46,143,48,1,1,0,2,5,68,9,possession
ENG-Premier League,2023,Wolves,Tawanda Chirewa,ZIM,"MF,FW",19,2003,1.6,86,2,17,44,26,5,86,3,1,33.3,2,66.7,49,189,55,1,2,1,7,3,62,8,possession
ENG-Premier League,2023,Wolves,Tommy Doyle,ENG,MF,21,2001,13.6,1061,40,265,620,182,6,1061,3,1,33.3,1,33.3,637,3091,1408,21,17,2,7,7,766,17,possession
ENG-Premier League,2023,Wolves,Toti Gomes,POR,DF,24,1999,30.8,2109,188,1020,927,169,22,2109,31,23,74.2,5,16.1,1113,4427,2325,22,16,2,17,6,1394,11,possession
