nation,pos,age,born,90s,Performance,Performance,Performance,Performance,Performance,Performance,Performance,Performance,Performance,Performance,Performance,Performance,Performance,Aerial Duels,Aerial Duels,Aerial Duels,league,season,stat_type
,,,,,CrdY,CrdR,2CrdY,Fls,Fld,Off,Crs,Int,TklW,PKwon,PKcon,OG,Recov,Won,Lost,Won%,,,
ENG,GK,25,1998,6.0,0,0,0,0,1,0,0,0,0,0,0,0,6,0,0,,ENG-Premier League,2023,misc
ENG,DF,25,1997,33.2,8,0,0,19,12,11,57,32,28,0,0,0,120,36,22,62.1,ENG-Premier League,2023,misc
ENG,FW,21,2001,32.4,4,0,0,41,69,8,181,15,35,1,0,0,155,23,36,39.0,ENG-Premier League,2023,misc
POR,DF,31,1991,0.7,0,0,0,0,1,0,4,0,0,0,0,0,3,0,1,0.0,ENG-Premier League,2023,misc
ESP,GK,27,1995,32.0,2,0,0,0,4,0,0,0,1,0,0,0,38,5,1,83.3,ENG-Premier League,2023,misc
ENG,MF,24,1999,35.8,5,0,0,34,13,2,60,44,51,0,2,0,178,39,43,47.6,ENG-Premier League,2023,misc
ENG,FW,24,1999,12.0,3,0,0,24,28,8,5,4,7,2,0,0,24,23,27,46.0,ENG-Premier League,2023,misc
ENG,MF,23,2000,3.9,0,0,0,5,2,0,1,3,1,0,0,0,15,3,5,37.5,ENG-Premier League,2023,misc
ENG,FW,16,2007,0.2,0,0,0,1,1,0,0,0,0,0,0,0,0,1,0,100.0,ENG-Premier League,2023,misc
POR,"MF,FW",23,2000,3.3,0,1,0,8,10,2,15,2,2,2,0,0,16,1,0,100.0,ENG-Premier League,2023,misc
BRA,FW,26,1997,16.4,6,0,0,26,32,16,9,13,17,1,0,0,59,15,38,28.3,ENG-Premier League,2023,misc
BRA,DF,25,1997,33.8,4,0,0,35,34,1,4,31,28,0,0,1,136,77,62,55.4,ENG-Premier League,2023,misc
BRA,FW,22,2001,22.4,1,0,0,23,24,9,109,5,24,0,0,0,95,15,26,36.6,ENG-Premier League,2023,misc
POL,DF,23,2000,10.5,1,0,0,10,3,0,12,8,12,0,0,0,35,15,11,57.7,ENG-Premier League,2023,misc
ITA,MF,31,1991,10.2,1,0,0,9,15,0,3,12,10,0,0,0,49,7,7,50.0,ENG-Premier League,2023,misc
NED,DF,22,2001,0.8,2,0,0,3,0,1,1,0,2,0,0,0,4,1,1,50.0,ENG-Premier League,2023,misc
GER,"MF,FW",24,1999,29.3,11,0,0,49,44,15,12,20,15,1,0,0,122,102,101,50.2,ENG-Premier League,2023,misc
BEL,"FW,MF",28,1994,18.3,2,0,0,15,20,9,57,8,16,1,0,0,88,5,10,33.3,ENG-Premier League,2023,misc
NOR,MF,24,1998,34.3,2,0,0,30,36,3,77,15,17,1,0,0,158,3,9,25.0,ENG-Premier League,2023,misc
EGY,MF,31,1992,0.3,0,0,0,1,0,0,0,1,0,0,0,0,2,1,1,50.0,ENG-Premier League,2023,misc
UKR,DF,26,1996,19.1,2,0,0,7,9,1,30,20,30,0,0,0,104,27,16,62.8,ENG-Premier League,2023,misc
ENG,FW,23,1999,3.0,1,0,0,5,6,0,14,1,6,0,0,0,22,0,5,0.0,ENG-Premier League,2023,misc
JPN,DF,24,1998,12.8,2,1,1,14,8,1,14,18,9,0,0,0,54,25,20,55.6,ENG-Premier League,2023,misc
GHA,"MF,DF",30,1993,8.8,3,0,0,10,6,0,2,11,11,0,0,0,56,7,8,46.7,ENG-Premier League,2023,misc
FRA,DF,22,2001,38.0,4,0,0,22,16,0,3,29,26,0,1,0,213,72,49,59.5,ENG-Premier League,2023,misc
BFA,"DF,FW",27,1995,0.1,0,0,0,0,0,0,0,0,1,0,0,0,2,0,0,,ENG-Premier League,2023,misc
FRA,MF,23,1999,18.4,7,1,0,35,29,0,2,21,29,0,0,0,97,19,25,43.2,ENG-Premier League,2023,misc
ENG,"MF,DF",28,1995,1.7,1,0,0,3,1,0,0,2,0,0,0,0,8,1,1,50.0,ENG-Premier League,2023,misc
ENG,MF,22,2001,0.1,1,0,0,1,0,0,0,0,0,0,0,0,1,0,0,,ENG-Premier League,2023,misc
FRA,DF,28,1995,12.8,3,0,0,3,12,0,3,7,9,0,0,0,37,15,11,57.7,ENG-Premier League,2023,misc
BRA,DF,30,1993,20.2,4,0,0,26,4,1,1,13,16,0,0,0,78,21,26,44.7,ENG-Premier League,2023,misc
BRA,MF,25,1998,33.3,12,0,0,51,41,0,115,23,38,0,0,0,184,25,18,58.1,ENG-Premier League,2023,misc
ARG,GK,30,1992,33.5,4,0,0,1,7,0,0,0,0,0,0,2,48,5,0,100.0,ENG-Premier League,2023,misc
ENG,DF,25,1997,34.1,5,0,0,14,64,0,17,28,32,1,1,0,142,30,14,68.2,ENG-Premier League,2023,misc
ENG,MF,18,2005,0.0,0,0,0,0,0,0,0,0,0,0,0,0,0,0,0,,ENG-Premier League,2023,misc
ENG,"FW,MF",22,2001,9.5,2,0,0,7,12,0,11,3,8,0,0,0,42,5,3,62.5,ENG-Premier League,2023,misc
ENG,FW,21,2002,0.0,0,0,0,0,0,0,0,0,0,0,0,0,1,0,0,,ENG-Premier League,2023,misc
SCO,"MF,FW",28,1994,33.3,9,1,0,39,69,2,74,21,35,0,0,0,161,9,19,32.1,ENG-Premier League,2023,misc
COL,"FW,MF",19,2003,5.3,5,0,0,12,8,4,6,1,5,1,0,0,15,20,12,62.5,ENG-Premier League,2023,misc
ENG,"MF,DF",20,2002,0.1,0,0,0,0,0,0,0,0,0,0,0,0,0,0,1,0.0,ENG-Premier League,2023,misc
BEL,MF,28,1995,1.3,0,0,0,1,1,0,0,2,4,0,0,0,4,4,5,44.4,ENG-Premier League,2023,misc
JAM,"MF,FW",25,1997,23.0,5,0,0,26,26,11,75,9,7,0,0,0,107,14,24,36.8,ENG-Premier League,2023,misc
FRA,DF,30,1993,26.8,7,0,0,29,30,3,154,26,19,0,0,0,101,42,24,63.6,ENG-Premier League,2023,misc
POL,DF,25,1997,23.8,8,0,0,30,22,0,39,18,31,0,1,1,110,15,21,41.7,ENG-Premier League,2023,misc
ENG,"MF,FW",21,2002,7.1,3,0,0,12,9,0,2,3,1,0,0,0,31,7,8,46.7,ENG-Premier League,2023,misc
FRA,"FW,MF",24,1999,24.2,1,0,0,16,15,6,45,9,5,0,0,0,62,2,15,11.8,ENG-Premier League,2023,misc
ITA,"FW,MF",24,1999,9.3,7,0,0,24,21,0,18,1,9,0,0,0,36,7,14,33.3,ENG-Premier League,2023,misc
ENG,FW,27,1995,35.7,4,0,0,22,41,16,13,4,7,2,0,0,64,49,80,38.0,ENG-Premier League,2023,misc
ENG,FW,17,2005,0.4,0,0,0,0,0,0,0,0,0,0,0,0,2,0,1,0.0,ENG-Premier League,2023,misc
ESP,DF,26,1997,27.4,1,0,0,18,10,2,8,14,18,0,0,0,127,23,22,51.1,ENG-Premier League,2023,misc
BRA,"MF,FW",31,1992,0.3,0,0,0,0,1,0,0,0,0,0,0,0,1,0,0,,ENG-Premier League,2023,misc
SWE,GK,33,1990,4.5,0,0,0,0,2,0,0,0,0,0,0,0,4,2,0,100.0,ENG-Premier League,2023,misc
ENG,MF,20,2003,1.8,0,0,0,9,3,0,0,2,5,0,0,0,15,1,0,100.0,ENG-Premier League,2023,misc
ENG,DF,30,1993,0.3,0,0,0,0,0,0,0,1,0,0,0,0,2,1,0,100.0,ENG-Premier League,2023,misc
BEL,"MF,FW",26,1997,18.0,3,0,0,22,29,0,31,15,20,0,0,0,97,13,9,59.1,ENG-Premier League,2023,misc
ESP,DF,30,1993,11.5,2,0,0,11,16,2,37,13,12,0,0,1,40,4,10,28.6,ENG-Premier League,2023,misc
ENG,DF,32,1991,23.9,6,0,0,30,22,1,39,21,23,0,2,0,92,18,22,45.0,ENG-Premier League,2023,misc
ENG,MF,19,2003,11.3,3,0,0,20,25,1,36,12,15,0,0,0,63,14,22,38.9,ENG-Premier League,2023,misc
GHA,FW,23,2000,23.4,6,0,0,43,24,3,45,6,17,1,0,0,111,52,81,39.1,ENG-Premier League,2023,misc
WAL,DF,25,1997,6.9,2,0,0,15,2,0,1,7,11,0,0,0,31,29,20,59.2,ENG-Premier League,2023,misc
BFA,"FW,DF",21,2002,13.7,3,0,0,15,17,4,36,22,27,0,0,0,69,35,32,52.2,ENG-Premier League,2023,misc
WAL,"FW,MF",26,1997,3.1,1,0,0,6,1,1,15,2,4,0,0,0,17,1,6,14.3,ENG-Premier League,2023,misc
ENG,FW,19,2003,0.0,0,0,0,0,0,0,0,0,0,0,0,0,0,0,1,0.0,ENG-Premier League,2023,misc
ENG,FW,25,1997,36.9,3,0,0,42,45,16,6,7,11,1,0,0,97,97,135,41.8,ENG-Premier League,2023,misc
TUR,"FW,MF",26,1997,3.6,1,0,0,10,9,6,3,1,4,0,0,0,10,8,11,42.1,ENG-Premier League,2023,misc
CIV,MF,23,2000,0.5,0,0,0,0,0,0,3,0,0,0,0,0,4,1,1,50.0,ENG-Premier League,2023,misc
UKR,DF,20,2002,37.0,5,0,0,24,24,0,1,33,32,0,0,0,153,75,60,55.6,ENG-Premier League,2023,misc
ROU,GK,26,1997,2.0,0,0,0,0,0,0,0,0,0,0,0,0,0,0,0,,ENG-Premier League,2023,misc
ENG,FW,23,1999,1.7,1,0,0,4,2,2,2,1,1,0,0,0,11,1,3,25.0,ENG-Premier League,2023,misc
ENG,DF,21,2002,0.8,0,0,0,1,0,0,0,3,2,0,0,0,7,4,1,80.0,ENG-Premier League,2023,misc
ENG,MF,28,1995,4.3,0,0,0,4,2,0,12,3,2,0,1,0,32,0,2,0.0,ENG-Premier League,2023,misc
NED,"MF,FW",24,1999,21.3,5,0,0,52,28,5,29,8,14,0,0,0,88,12,22,35.3,ENG-Premier League,2023,misc
WAL,"FW,MF",30,1992,1.2,0,0,0,5,2,0,2,0,0,0,0,0,4,6,6,50.0,ENG-Premier League,2023,misc
ENG,MF,26,1997,31.0,5,1,0,39,16,2,132,65,41,0,0,0,228,42,29,59.2,ENG-Premier League,2023,misc
ENG,DF,24,1998,17.3,2,0,0,17,13,0,21,13,19,0,1,0,121,28,18,60.9,ENG-Premier League,2023,misc
COL,"FW,MF",24,1999,7.8,0,0,0,11,6,4,11,8,12,0,0,0,47,16,20,44.4,ENG-Premier League,2023,misc
ARG,DF,26,1997,24.9,13,0,0,41,11,0,25,35,32,0,0,0,164,37,40,48.1,ENG-Premier League,2023,misc
ENG,FW,24,1999,23.5,3,0,0,20,22,3,116,5,34,0,0,0,142,13,31,29.5,ENG-Premier League,2023,misc
IRL,GK,24,1999,4.0,0,0,0,1,1,0,0,0,0,0,1,0,1,2,0,100.0,ENG-Premier League,2023,misc
ENG,DF,23,2000,13.7,1,0,0,12,26,2,13,8,19,0,1,0,75,5,11,31.3,ENG-Premier League,2023,misc
HUN,DF,19,2003,21.9,4,1,0,25,21,1,55,20,26,1,0,1,93,18,31,36.7,ENG-Premier League,2023,misc
BRA,GK,34,1989,32.0,5,0,0,1,0,0,0,1,0,0,0,0,38,9,0,100.0,ENG-Premier League,2023,misc
DEN,MF,27,1996,15.5,3,1,0,19,12,0,29,20,16,0,0,0,76,36,24,60.0,ENG-Premier League,2023,misc
FRA,"MF,FW",25,1998,0.5,1,0,0,2,4,0,3,0,1,0,0,0,1,0,1,0.0,ENG-Premier League,2023,misc
SCO,MF,28,1995,32.3,6,0,0,48,38,5,73,52,44,0,1,0,231,21,38,35.6,ENG-Premier League,2023,misc
USA,MF,24,1999,1.3,0,0,0,0,3,0,1,4,3,0,0,0,7,2,3,40.0,ENG-Premier League,2023,misc
SCO,DF,21,2002,7.9,5,0,0,10,16,0,5,3,9,0,0,0,42,1,9,10.0,ENG-Premier League,2023,misc
ENG,DF,33,1989,14.1,1,1,0,7,3,1,5,13,15,0,0,0,67,35,32,52.2,ENG-Premier League,2023,misc
CMR,FW,23,1999,21.8,2,0,0,22,42,3,92,7,10,0,0,0,93,23,44,34.3,ENG-Premier League,2023,misc
DEN,MF,29,1994,27.8,8,0,0,41,32,1,22,54,50,0,0,0,216,40,46,46.5,ENG-Premier League,2023,misc
JAM,DF,30,1993,28.0,1,0,0,4,11,0,7,43,23,0,0,0,131,113,51,68.9,ENG-Premier League,2023,misc
NGA,MF,25,1998,12.9,8,0,0,24,31,4,16,23,24,0,0,0,73,10,23,30.3,ENG-Premier League,2023,misc
ENG,FW,27,1996,16.1,5,0,0,24,29,7,22,10,5,0,0,0,56,54,61,47.0,ENG-Premier League,2023,misc
ENG,"DF,FW",24,1998,0.3,0,0,0,2,0,0,6,0,1,0,0,0,2,0,0,,ENG-Premier League,2023,misc
ENG,"FW,DF",22,2001,16.0,0,0,0,9,18,3,50,7,7,0,0,0,62,15,22,40.5,ENG-Premier League,2023,misc
GER,"FW,MF",21,2001,3.7,0,0,0,10,6,2,5,1,1,0,0,0,23,17,14,54.8,ENG-Premier League,2023,misc
NOR,DF,25,1998,20.4,5,0,0,25,10,1,22,25,21,0,0,0,60,63,23,73.3,ENG-Premier League,2023,misc
DEN,DF,24,1999,22.1,1,0,0,10,15,3,62,19,31,0,0,0,82,14,27,34.1,ENG-Premier League,2023,misc
NED,GK,30,1993,36.5,3,0,0,2,4,0,0,0,1,0,1,0,41,10,1,90.9,ENG-Premier League,2023,misc
DEN,MF,27,1996,24.5,5,0,0,28,19,2,113,23,32,1,0,0,123,5,11,31.3,ENG-Premier League,2023,misc
DEN,DF,33,1990,12.1,4,0,0,11,6,3,8,12,12,0,0,0,67,26,23,53.1,ENG-Premier League,2023,misc
ENG,"DF,FW",19,2004,0.7,0,0,0,2,2,1,7,1,0,0,0,0,7,1,2,33.3,ENG-Premier League,2023,misc
DEN,MF,23,2000,9.4,2,0,0,14,8,3,29,11,17,0,0,0,57,12,11,52.2,ENG-Premier League,2023,misc
ENG,"DF,MF",20,2002,0.1,0,0,0,2,2,0,1,0,0,0,0,0,0,0,5,0.0,ENG-Premier League,2023,misc
IRL,DF,22,2001,29.5,3,0,0,12,23,3,4,44,20,0,0,0,136,73,35,67.6,ENG-Premier League,2023,misc
FRA,FW,26,1996,14.7,8,0,0,19,26,4,8,2,7,0,0,0,60,14,41,25.5,ENG-Premier League,2023,misc
ENG,DF,26,1997,4.5,1,0,0,4,6,2,11,5,5,0,0,0,24,4,5,44.4,ENG-Premier League,2023,misc
IRN,DF,29,1993,8.2,5,0,0,13,9,2,42,5,19,0,0,0,39,4,12,25.0,ENG-Premier League,2023,misc
ESP,DF,26,1996,12.4,4,1,0,10,15,1,72,16,20,0,1,0,75,14,20,41.2,ENG-Premier League,2023,misc
GRN,MF,25,1998,2.5,1,0,0,3,0,0,3,3,4,0,0,0,17,3,6,33.3,ENG-Premier League,2023,misc
ALB,GK,28,1995,1.5,0,0,0,0,1,0,0,0,0,0,0,0,1,0,0,,ENG-Premier League,2023,misc
GER,"MF,DF",25,1998,33.9,8,0,0,27,28,3,59,36,38,1,0,0,189,34,26,56.7,ENG-Premier League,2023,misc
UKR,MF,19,2004,7.6,2,0,0,12,6,1,14,6,11,0,0,0,50,9,10,47.4,ENG-Premier League,2023,misc
COD,FW,26,1996,27.7,7,0,0,38,51,20,21,9,16,1,0,0,99,38,47,44.7,ENG-Premier League,2023,misc
ENG,"MF,FW",35,1988,9.4,2,0,0,8,11,2,7,3,3,0,0,0,22,3,5,37.5,ENG-Premier League,2023,misc
ENG,DF,28,1995,12.7,2,0,0,9,3,0,1,16,12,0,0,1,63,33,13,71.7,ENG-Premier League,2023,misc
ESP,"MF,FW",20,2002,5.8,2,0,0,6,13,2,3,3,3,0,0,0,22,1,10,9.1,ENG-Premier League,2023,misc
NED,GK,20,2002,21.0,3,0,0,1,2,0,0,0,1,0,0,0,33,5,0,100.0,ENG-Premier League,2023,misc
ENG,"FW,DF",19,2004,0.4,1,0,0,2,0,1,0,0,0,0,0,0,2,0,0,,ENG-Premier League,2023,misc
SCO,MF,22,2001,23.6,8,1,0,22,30,0,34,11,16,0,0,0,132,11,20,35.5,ENG-Premier League,2023,misc
CMR,MF,19,2004,14.7,7,0,0,40,27,0,0,18,20,0,0,0,95,24,9,72.7,ENG-Premier League,2023,misc
ENG,"FW,MF",32,1990,18.8,4,0,0,12,21,9,3,9,17,2,0,0,42,16,22,42.1,ENG-Premier League,2023,misc
IRL,FW,18,2004,15.2,1,0,0,24,25,5,1,2,6,1,0,0,25,13,18,41.9,ENG-Premier League,2023,misc
ARG,"FW,MF",18,2004,15.2,7,0,0,34,41,3,6,8,22,0,0,0,66,6,16,27.3,ENG-Premier League,2023,misc
BRA,DF,25,1998,18.2,4,0,0,21,4,0,1,14,18,0,0,0,105,26,12,68.4,ENG-Premier League,2023,misc
ENG,DF,18,2005,9.7,1,0,0,11,3,1,10,14,5,0,1,0,33,7,8,46.7,ENG-Premier League,2023,misc
POL,"MF,DF",24,1999,6.9,2,0,0,8,5,2,6,2,10,0,0,0,40,3,5,37.5,ENG-Premier League,2023,misc
ENG,"DF,MF",37,1986,8.6,3,0,0,10,4,3,29,8,14,0,1,0,45,6,13,31.6,ENG-Premier League,2023,misc
NED,DF,23,2000,26.3,4,0,0,14,17,0,4,30,26,0,1,0,130,66,34,66.0,ENG-Premier League,2023,misc
ENG,GK,32,1990,17.0,0,0,0,0,1,0,0,0,0,0,0,0,26,1,0,100.0,ENG-Premier League,2023,misc
BRA,"FW,MF",21,2001,22.7,2,0,0,19,60,11,29,11,14,2,0,0,65,41,22,65.1,ENG-Premier League,2023,misc
NED,DF,31,1992,17.6,4,0,0,17,42,1,11,18,41,0,0,0,76,28,21,57.1,ENG-Premier League,2023,misc
PAR,"MF,FW",19,2004,5.3,2,0,0,6,10,1,8,0,2,0,0,0,13,1,2,33.3,ENG-Premier League,2023,misc
JPN,FW,26,1997,16.5,4,0,0,14,23,7,44,5,6,0,0,0,68,11,11,50.0,ENG-Premier League,2023,misc
ENG,DF,31,1991,31.9,7,1,0,23,12,1,7,31,14,0,1,0,180,57,32,64.0,ENG-Premier League,2023,misc
GER,MF,27,1996,5.0,1,1,0,6,2,0,3,1,4,0,0,0,26,0,5,0.0,ENG-Premier League,2023,misc
IRL,FW,18,2005,0.7,1,0,0,1,0,0,0,0,0,0,0,0,2,1,3,25.0,ENG-Premier League,2023,misc
ENG,DF,20,2002,1.4,0,0,0,2,2,0,3,1,0,0,0,0,4,1,1,50.0,ENG-Premier League,2023,misc
GER,"MF,DF",32,1991,34.6,6,0,0,23,27,3,238,22,46,0,1,0,144,14,17,45.2,ENG-Premier League,2023,misc
ECU,DF,25,1998,13.8,4,0,0,22,17,5,65,21,13,0,0,1,90,12,14,46.2,ENG-Premier League,2023,misc
CIV,FW,21,2002,24.7,3,0,0,29,19,17,76,19,20,1,0,0,118,8,12,40.0,ENG-Premier League,2023,misc
ENG,"FW,DF",29,1994,6.2,1,0,0,12,8,7,21,11,14,0,0,0,36,6,4,60.0,ENG-Premier League,2023,misc
GHA,"DF,FW",22,2000,10.2,3,0,0,11,18,3,31,6,14,0,1,0,32,4,9,30.8,ENG-Premier League,2023,misc
ARG,"DF,FW",19,2004,3.4,1,0,0,7,7,0,30,4,5,0,0,0,16,1,7,12.5,ENG-Premier League,2023,misc
ENG,"MF,FW",20,2003,5.9,1,0,0,7,3,1,2,1,14,0,1,0,24,4,5,44.4,ENG-Premier League,2023,misc
BEL,DF,21,2002,11.7,1,0,0,6,4,0,3,12,5,0,1,1,50,14,23,37.8,ENG-Premier League,2023,misc
MAR,"FW,MF",22,2000,1.7,0,1,0,4,3,0,11,0,0,0,0,0,8,0,1,0.0,ENG-Premier League,2023,misc
KVX,GK,24,1998,10.0,0,0,0,0,3,0,0,0,1,0,0,1,21,3,0,100.0,ENG-Premier League,2023,misc
ANG,"MF,FW",26,1997,1.3,0,0,0,1,4,0,9,0,2,0,0,0,6,0,4,0.0,ENG-Premier League,2023,misc
ENG,DF,29,1993,25.9,8,0,0,20,16,2,71,19,20,0,0,0,106,41,38,51.9,ENG-Premier League,2023,misc
WAL,DF,27,1995,9.1,5,1,1,5,9,3,10,4,5,0,0,0,40,6,7,46.2,ENG-Premier League,2023,misc
IRL,DF,24,1999,32.1,5,1,0,36,15,1,11,35,20,0,0,1,140,127,67,65.5,ENG-Premier League,2023,misc
CIV,FW,20,2002,9.8,1,0,0,17,10,9,3,1,5,0,0,0,22,13,33,28.3,ENG-Premier League,2023,misc
FRA,"MF,DF",22,2001,0.2,0,0,0,0,0,0,2,0,1,0,0,0,1,0,1,0.0,ENG-Premier League,2023,misc
BEL,DF,24,1999,6.5,2,0,0,6,0,0,5,9,6,0,0,0,29,8,9,47.1,ENG-Premier League,2023,misc
SWE,DF,24,1998,4.9,2,0,0,8,2,0,0,6,2,0,0,0,26,4,9,30.8,ENG-Premier League,2023,misc
ENG,MF,34,1989,0.3,0,0,0,4,1,0,1,1,0,0,0,0,2,0,2,0.0,ENG-Premier League,2023,misc
DEN,"MF,FW",24,1998,13.9,1,0,0,13,7,11,62,7,4,0,0,0,64,12,28,30.0,ENG-Premier League,2023,misc
ENG,GK,20,2002,28.0,2,0,0,0,5,0,0,1,1,0,0,0,40,14,3,82.4,ENG-Premier League,2023,misc
ENG,FW,34,1989,9.1,0,0,0,18,6,7,1,1,9,0,0,0,25,21,38,35.6,ENG-Premier League,2023,misc
GER,DF,23,2000,13.7,6,0,0,11,6,0,0,16,20,0,0,0,57,28,26,51.9,ENG-Premier League,2023,misc
ENG,MF,27,1995,25.0,4,1,0,38,24,2,57,34,35,0,1,0,124,34,33,50.7,ENG-Premier League,2023,misc
IRL,MF,27,1996,22.9,9,0,0,24,49,0,26,15,29,0,0,0,141,19,24,44.2,ENG-Premier League,2023,misc
ISL,"MF,FW",32,1990,13.2,2,0,0,9,20,2,70,16,4,0,0,0,56,14,21,40.0,ENG-Premier League,2023,misc
TOG,DF,23,2000,13.7,5,1,1,33,16,1,29,19,17,0,2,0,67,13,17,43.3,ENG-Premier League,2023,misc
ITA,"MF,FW",18,2004,10.8,0,0,0,18,13,8,23,2,4,1,0,0,46,2,27,6.9,ENG-Premier League,2023,misc
RSA,"FW,MF",22,2000,21.1,0,1,0,24,11,14,3,3,10,0,0,0,51,50,106,32.1,ENG-Premier League,2023,misc
FRA,DF,21,2002,14.5,6,0,0,25,16,0,5,27,10,0,0,0,62,26,22,54.2,ENG-Premier League,2023,misc
IRL,"FW,MF",23,2000,0.2,0,0,0,0,0,0,0,0,0,0,0,0,1,0,1,0.0,ENG-Premier League,2023,misc
BEL,"FW,MF",24,1999,4.7,0,0,0,0,3,2,32,1,6,0,0,0,28,1,9,10.0,ENG-Premier League,2023,misc
ENG,"FW,MF",29,1994,1.6,1,0,0,4,2,2,3,0,1,0,0,0,6,1,1,50.0,ENG-Premier League,2023,misc
NOR,MF,25,1998,33.4,10,1,1,40,19,2,12,23,46,0,0,0,202,64,48,57.1,ENG-Premier League,2023,misc
BRA,"DF,MF",24,1999,25.7,1,0,0,27,28,6,56,12,34,1,2,0,109,19,22,46.3,ENG-Premier League,2023,misc
FRA,"MF,FW",18,2004,23.3,3,0,0,9,19,1,35,6,13,0,0,0,94,8,15,34.8,ENG-Premier League,2023,misc
SUI,FW,22,2000,21.7,2,0,0,22,39,2,8,9,18,1,0,0,79,15,56,21.1,ENG-Premier League,2023,misc
ENG,MF,18,2004,0.0,0,0,0,0,0,0,0,0,0,0,0,0,0,0,0,,ENG-Premier League,2023,misc
ENG,DF,19,2003,2.3,1,0,0,4,0,0,1,3,0,0,0,0,9,2,4,33.3,ENG-Premier League,2023,misc
ALB,FW,21,2001,5.0,0,0,0,4,8,6,1,0,0,1,0,0,13,4,14,22.2,ENG-Premier League,2023,misc
FRA,DF,25,1998,28.7,6,0,0,17,17,4,10,18,19,0,0,1,150,72,31,69.9,ENG-Premier League,2023,misc
ENG,DF,26,1996,8.4,5,0,0,11,12,4,43,4,10,0,0,0,33,12,15,44.4,ENG-Premier League,2023,misc
FRA,DF,22,2001,14.9,3,0,0,17,6,1,2,18,15,0,1,1,82,28,22,56.0,ENG-Premier League,2023,misc
ENG,"MF,FW",19,2003,2.5,2,0,0,3,2,0,1,0,4,0,0,0,11,1,3,25.0,ENG-Premier League,2023,misc
ITA,"FW,MF",20,2003,0.9,0,0,0,4,1,0,0,0,3,0,0,0,1,12,4,75.0,ENG-Premier League,2023,misc
FRA,"FW,MF",25,1997,4.9,0,0,0,8,7,3,4,2,4,0,0,0,12,10,6,62.5,ENG-Premier League,2023,misc
ENG,"FW,MF",21,2002,29.0,7,0,0,23,26,6,81,20,12,1,0,0,105,1,4,20.0,ENG-Premier League,2023,misc
ENG,MF,23,2000,34.8,9,1,1,83,64,1,64,43,52,0,0,0,221,25,28,47.2,ENG-Premier League,2023,misc
BRA,"DF,FW",18,2005,0.1,0,0,0,0,0,0,0,0,1,0,0,0,0,0,0,,ENG-Premier League,2023,misc
ARG,MF,22,2001,24.5,7,0,0,33,31,4,45,17,22,1,1,0,122,21,23,47.7,ENG-Premier League,2023,misc
NED,"FW,MF",21,2002,2.3,1,0,0,5,1,0,8,3,2,0,0,0,11,3,5,37.5,ENG-Premier League,2023,misc
ENG,FW,19,2004,0.0,0,0,0,0,0,0,0,0,0,0,0,0,0,0,0,,ENG-Premier League,2023,misc
ENG,DF,17,2006,0.1,0,0,0,0,0,0,0,0,0,0,0,0,1,0,1,0.0,ENG-Premier League,2023,misc
FRA,MF,19,2004,3.3,2,0,0,4,2,0,0,1,10,0,0,0,12,9,2,81.8,ENG-Premier League,2023,misc
ENG,DF,20,2003,20.0,2,0,0,25,14,4,12,26,30,0,0,0,96,43,20,68.3,ENG-Premier League,2023,misc
FRA,DF,20,2003,19.5,7,1,0,22,30,6,64,17,27,0,1,0,126,8,19,29.6,ENG-Premier League,2023,misc
ESP,DF,25,1998,19.8,10,0,0,23,35,1,16,22,38,1,1,1,96,22,17,56.4,ENG-Premier League,2023,misc
ENG,FW,19,2003,0.1,0,0,0,0,0,0,0,0,0,0,0,0,0,0,0,,ENG-Premier League,2023,misc
ECU,MF,21,2001,31.8,11,0,0,50,49,0,10,37,46,0,1,0,200,30,31,49.2,ENG-Premier League,2023,misc
UKR,FW,22,2001,17.5,5,0,0,22,27,1,78,9,12,2,0,0,50,7,13,35.0,ENG-Premier League,2023,misc
SEN,FW,22,2001,31.1,10,0,0,28,40,28,5,4,13,0,0,0,98,35,63,35.7,ENG-Premier League,2023,misc
ENG,FW,21,2002,11.7,2,0,0,8,19,3,22,4,10,2,0,0,54,7,10,41.2,ENG-Premier League,2023,misc
ENG,"FW,MF",28,1994,22.0,7,0,0,34,41,10,59,13,10,3,0,0,92,2,14,12.5,ENG-Premier League,2023,misc
ENG,DF,23,1999,4.7,2,2,1,4,5,2,28,3,9,0,0,0,28,8,5,61.5,ENG-Premier League,2023,misc
ESP,GK,25,1997,15.9,2,0,0,0,1,0,0,0,0,0,0,0,20,3,0,100.0,ENG-Premier League,2023,misc
BEL,MF,19,2004,0.4,0,0,0,1,1,0,0,0,0,0,0,0,0,0,0,,ENG-Premier League,2023,misc
BRA,DF,38,1984,28.1,4,0,0,10,8,1,4,26,15,0,0,0,140,51,26,66.2,ENG-Premier League,2023,misc
ENG,DF,24,1999,10.6,1,0,0,3,3,0,0,8,12,0,0,0,46,19,22,46.3,ENG-Premier League,2023,misc
SRB,GK,23,1999,22.1,2,0,0,0,1,0,0,0,0,0,0,0,17,5,0,100.0,ENG-Premier League,2023,misc
ENG,MF,19,2004,14.4,2,0,0,18,21,0,25,20,32,0,0,0,76,7,12,36.8,ENG-Premier League,2023,misc
MLI,MF,23,2000,10.2,2,0,0,10,1,0,1,20,17,0,0,0,74,5,9,35.7,ENG-Premier League,2023,misc
USA,"DF,MF",23,2000,23.3,3,0,0,12,7,1,1,27,28,0,1,0,88,61,44,58.1,ENG-Premier League,2023,misc
COL,"DF,MF",27,1996,16.0,4,0,0,30,8,8,11,24,35,0,0,0,76,26,28,48.1,ENG-Premier League,2023,misc
ENG,"MF,DF",18,2005,1.7,1,0,0,2,0,0,0,0,6,0,0,0,8,3,5,37.5,ENG-Premier League,2023,misc
ENG,GK,26,1997,18.0,2,0,0,0,2,0,0,0,1,0,0,1,14,4,0,100.0,ENG-Premier League,2023,misc
ENG,"MF,FW",25,1998,22.8,3,0,0,27,48,11,107,11,17,1,1,0,135,12,24,33.3,ENG-Premier League,2023,misc
ENG,DF,34,1989,0.1,0,0,0,0,0,0,0,1,0,0,0,0,2,2,0,100.0,ENG-Premier League,2023,misc
NED,"MF,FW",26,1996,2.6,0,0,0,3,2,0,3,2,3,0,0,0,14,3,1,75.0,ENG-Premier League,2023,misc
FRA,FW,26,1997,25.4,3,0,0,35,22,24,20,4,15,2,0,0,81,50,68,42.4,ENG-Premier League,2023,misc
COL,"MF,DF",28,1994,26.7,8,0,0,43,25,4,14,36,25,0,0,0,174,69,33,67.6,ENG-Premier League,2023,misc
GHA,"FW,MF",30,1992,15.0,1,0,0,24,15,0,10,8,24,0,0,0,54,22,17,56.4,ENG-Premier League,2023,misc
ENG,"MF,FW",20,2002,1.5,0,0,0,1,5,0,3,3,1,0,0,0,6,2,1,66.7,ENG-Premier League,2023,misc
DEN,DF,27,1996,37.9,7,0,0,43,23,1,31,41,35,0,0,0,193,89,46,65.9,ENG-Premier League,2023,misc
ENG,DF,33,1989,22.0,4,0,0,22,6,0,22,14,28,0,0,1,94,46,48,48.9,ENG-Premier League,2023,misc
GHA,"FW,MF",31,1991,28.3,9,1,1,46,94,7,97,16,36,0,0,0,155,33,61,35.1,ENG-Premier League,2023,misc
ENG,DF,23,2000,22.5,2,0,0,14,26,0,3,18,19,0,0,0,120,29,29,50.0,ENG-Premier League,2023,misc
BRA,"MF,FW",19,2004,2.6,1,0,0,6,2,2,14,1,3,1,0,0,17,1,5,16.7,ENG-Premier League,2023,misc
FRA,"FW,MF",21,2001,14.2,0,0,0,13,43,2,97,11,10,0,0,0,68,7,15,31.8,ENG-Premier League,2023,misc
FRA,"MF,FW",21,2002,3.9,4,1,1,9,6,1,6,2,9,0,0,0,30,3,3,50.0,ENG-Premier League,2023,misc
ENG,DF,32,1991,14.9,0,0,0,6,3,0,9,10,15,0,0,0,50,13,8,61.9,ENG-Premier League,2023,misc
FRA,"FW,MF",25,1998,17.3,4,0,0,31,22,9,10,6,12,0,0,0,38,30,54,35.7,ENG-Premier League,2023,misc
ENG,GK,29,1994,0.0,0,0,0,0,0,0,0,0,0,0,0,0,0,1,0,100.0,ENG-Premier League,2023,misc
ENG,GK,30,1993,20.0,1,0,0,1,0,0,0,1,0,0,1,0,13,2,1,66.7,ENG-Premier League,2023,misc
ENG,"DF,MF",23,1999,35.6,6,0,0,22,16,1,69,26,60,0,0,0,208,21,26,44.7,ENG-Premier League,2023,misc
ENG,MF,28,1995,21.0,6,0,0,39,30,1,30,21,33,0,0,0,121,12,17,41.4,ENG-Premier League,2023,misc
MLI,"FW,MF",30,1993,29.2,7,0,0,53,8,21,26,15,27,0,1,0,144,24,40,37.5,ENG-Premier League,2023,misc
NGA,MF,27,1996,1.6,0,0,0,0,0,3,10,1,0,0,0,0,5,0,0,,ENG-Premier League,2023,misc
BEL,MF,21,2001,23.2,5,0,0,37,45,1,3,21,38,0,1,0,160,52,18,74.3,ENG-Premier League,2023,misc
POR,"MF,FW",30,1993,5.6,4,0,0,17,5,0,26,3,4,0,0,0,34,1,8,11.1,ENG-Premier League,2023,misc
NED,"MF,FW",26,1997,6.6,0,0,0,7,5,3,10,3,4,0,0,0,25,3,5,37.5,ENG-Premier League,2023,misc
ENG,"DF,MF",38,1985,25.3,7,1,1,33,24,1,100,22,38,1,1,1,120,19,32,37.3,ENG-Premier League,2023,misc
ENG,DF,25,1998,12.4,2,0,0,8,6,2,21,16,20,0,1,0,45,25,24,51.0,ENG-Premier League,2023,misc
GNB,FW,25,1998,10.6,2,0,0,21,19,10,5,1,6,0,0,0,36,47,56,45.6,ENG-Premier League,2023,misc
ENG,FW,26,1997,24.1,2,0,0,31,32,24,3,4,6,0,0,0,46,137,144,48.8,ENG-Premier League,2023,misc
ENG,"MF,FW",23,1999,32.1,2,0,0,18,33,4,229,22,27,0,0,0,177,16,20,44.4,ENG-Premier League,2023,misc
SEN,MF,33,1989,20.9,8,0,0,35,31,0,11,28,44,0,0,0,174,13,9,59.1,ENG-Premier League,2023,misc
ENG,"MF,FW",26,1996,24.6,1,0,0,20,30,1,81,12,22,0,0,0,129,10,19,34.5,ENG-Premier League,2023,misc
ENG,MF,22,2001,33.4,7,0,0,39,44,3,112,45,44,0,0,0,172,23,24,48.9,ENG-Premier League,2023,misc
ENG,DF,30,1992,38.0,11,0,0,45,25,1,6,56,42,0,1,0,186,140,61,69.7,ENG-Premier League,2023,misc
ENG,DF,21,2002,34.6,8,0,0,25,19,5,1,50,32,1,1,0,181,94,43,68.6,ENG-Premier League,2023,misc
ENG,GK,29,1994,38.0,5,0,0,1,6,0,0,0,0,0,1,1,35,1,0,100.0,ENG-Premier League,2023,misc
ENG,MF,20,2003,2.6,1,0,0,3,6,0,7,1,7,0,0,0,20,2,1,66.7,ENG-Premier League,2023,misc
ENG,FW,20,2002,0.0,0,0,0,0,0,0,0,0,0,0,0,0,1,0,0,,ENG-Premier League,2023,misc
ENG,DF,30,1993,4.9,2,0,0,5,0,0,0,5,3,0,1,0,26,16,11,59.3,ENG-Premier League,2023,misc
SCO,DF,21,2001,11.2,4,0,0,18,5,1,32,9,24,0,0,0,60,7,10,41.2,ENG-Premier League,2023,misc
FRA,FW,26,1996,1.2,0,0,0,1,0,2,0,0,0,0,0,0,4,0,2,0.0,ENG-Premier League,2023,misc
IRL,DF,34,1988,7.4,0,0,0,6,5,0,13,7,14,0,0,1,39,1,4,20.0,ENG-Premier League,2023,misc
IRL,FW,20,2002,0.0,0,0,0,0,0,0,0,0,0,0,0,0,0,0,0,,ENG-Premier League,2023,misc
ENG,MF,20,2003,0.0,0,0,0,0,0,0,0,0,0,0,0,0,0,0,0,,ENG-Premier League,2023,misc
UKR,DF,24,1999,27.4,1,0,0,23,9,1,56,36,38,0,0,0,142,30,27,52.6,ENG-Premier League,2023,misc
POR,FW,19,2004,2.3,3,0,0,11,4,6,0,1,2,0,0,0,9,15,19,44.1,ENG-Premier League,2023,misc
ESP,"FW,MF",27,1996,4.2,2,0,0,5,4,0,26,1,3,0,0,0,13,9,6,60.0,ENG-Premier League,2023,misc
SRB,FW,28,1994,0.4,0,0,0,0,0,0,0,0,0,0,0,0,1,2,1,66.7,ENG-Premier League,2023,misc
NGA,"FW,MF",27,1996,24.4,2,0,0,12,5,5,60,14,18,0,0,0,145,6,19,24.0,ENG-Premier League,2023,misc
BRA,MF,27,1996,29.0,6,0,0,22,27,3,220,4,12,0,0,0,99,13,36,26.5,ENG-Premier League,2023,misc
USA,DF,25,1997,36.3,6,0,0,34,20,3,132,80,58,0,0,2,227,42,27,60.9,ENG-Premier League,2023,misc
ALB,FW,21,2001,1.0,0,0,0,5,3,0,1,0,0,0,0,0,3,6,9,40.0,ENG-Premier League,2023,misc
GER,GK,31,1992,38.0,3,0,0,0,3,0,0,0,0,0,0,1,58,10,1,90.9,ENG-Premier League,2023,misc
JAM,FW,30,1993,15.8,4,0,0,16,25,4,35,5,14,0,0,0,60,13,24,35.1,ENG-Premier League,2023,misc
NGA,DF,23,1999,25.6,6,1,1,15,11,2,3,28,29,0,1,0,171,30,25,54.5,ENG-Premier League,2023,misc
BRA,FW,28,1995,3.5,2,0,0,4,2,6,1,0,2,0,0,0,9,4,11,26.7,ENG-Premier League,2023,misc
SEN,"DF,MF",26,1997,0.8,1,0,0,4,2,0,4,3,2,0,0,0,6,0,2,0.0,ENG-Premier League,2023,misc
ENG,MF,28,1995,14.7,6,0,0,26,10,0,19,11,18,0,0,0,72,9,13,40.9,ENG-Premier League,2023,misc
WAL,FW,26,1997,18.0,6,0,0,21,40,5,42,10,14,1,0,0,78,5,6,45.5,ENG-Premier League,2023,misc
FRA,DF,26,1997,15.8,4,1,1,17,4,0,0,17,16,0,3,0,65,25,17,59.5,ENG-Premier League,2023,misc
POR,MF,28,1995,30.0,13,0,0,52,56,2,5,46,75,0,1,0,195,40,31,56.3,ENG-Premier League,2023,misc
NED,DF,27,1995,9.6,2,0,0,16,12,0,23,16,17,0,1,0,45,5,5,50.0,ENG-Premier League,2023,misc
WAL,MF,18,2005,0.8,0,0,0,2,2,0,0,0,1,0,0,0,3,0,0,,ENG-Premier League,2023,misc
MEX,FW,32,1991,15.5,3,1,0,17,21,12,7,4,12,0,0,0,43,44,59,42.7,ENG-Premier League,2023,misc
BRA,FW,22,2001,17.7,1,0,0,24,34,4,2,6,3,0,0,0,34,74,109,40.4,ENG-Premier League,2023,misc
SRB,MF,26,1996,12.5,3,0,0,27,9,0,4,16,19,0,0,0,65,11,8,57.9,ENG-Premier League,2023,misc
USA,DF,35,1987,16.7,4,1,1,8,6,1,1,25,9,0,2,0,79,25,19,56.8,ENG-Premier League,2023,misc
BEL,DF,27,1995,29.3,3,0,0,22,10,3,50,38,24,0,0,0,119,35,32,52.2,ENG-Premier League,2023,misc
SCO,MF,32,1991,16.5,3,0,0,16,23,0,25,13,16,1,0,1,105,14,6,70.0,ENG-Premier League,2023,misc
ENG,DF,25,1997,18.0,2,0,0,10,5,0,1,25,11,0,0,0,43,56,28,66.7,ENG-Premier League,2023,misc
BRA,FW,34,1988,22.8,1,0,0,9,30,1,75,9,11,0,0,0,99,9,15,37.5,ENG-Premier League,2023,misc
ARG,MF,24,1998,28.9,7,1,0,53,47,0,32,35,55,0,0,0,195,31,28,52.5,ENG-Premier League,2023,misc
BRA,GK,30,1992,28.0,1,0,0,1,5,0,0,0,0,0,0,0,36,6,2,75.0,ENG-Premier League,2023,misc
SCO,DF,29,1994,18.8,2,0,0,9,5,3,184,13,24,0,0,0,104,14,12,53.8,ENG-Premier League,2023,misc
SCO,FW,17,2005,0.2,0,0,0,0,0,0,0,0,0,0,0,0,1,0,0,,ENG-Premier League,2023,misc
ENG,MF,18,2005,1.0,0,0,0,4,3,0,0,1,1,0,0,0,6,0,0,,ENG-Premier League,2023,misc
IRL,GK,24,1998,10.0,0,0,0,0,0,0,0,0,0,0,0,0,13,4,0,100.0,ENG-Premier League,2023,misc
NED,"FW,MF",24,1999,18.3,1,0,0,28,38,8,21,14,17,0,0,0,81,32,27,54.2,ENG-Premier League,2023,misc
NIR,DF,20,2003,8.4,2,0,0,8,12,2,18,10,25,0,0,1,50,11,5,68.8,ENG-Premier League,2023,misc
ENG,MF,22,2001,13.0,3,1,0,16,14,5,4,7,14,0,0,0,72,7,12,36.8,ENG-Premier League,2023,misc
URU,FW,24,1999,22.7,9,0,0,28,15,33,19,3,12,1,0,0,56,34,55,38.2,ENG-Premier League,2023,misc
POR,FW,26,1996,12.7,3,1,1,27,21,3,9,7,13,2,0,0,48,17,38,30.9,ENG-Premier League,2023,misc
HUN,MF,22,2000,23.4,1,0,0,29,29,3,113,15,19,2,0,0,171,12,20,37.5,ENG-Premier League,2023,misc
ENG,"MF,FW",20,2003,15.0,2,0,0,7,13,1,62,6,17,1,0,0,78,9,13,40.9,ENG-Premier League,2023,misc
FRA,DF,24,1999,17.5,5,1,1,25,13,0,1,20,22,0,0,0,97,77,31,71.3,ENG-Premier League,2023,misc
ENG,MF,18,2004,0.0,0,0,0,1,1,0,0,1,0,0,0,0,0,0,0,,ENG-Premier League,2023,misc
ENG,DF,20,2003,13.2,1,0,0,10,2,0,0,17,22,0,1,0,72,45,22,67.2,ENG-Premier League,2023,misc
ENG,FW,17,2006,0.1,1,0,0,2,0,0,0,0,0,0,0,0,1,0,2,0.0,ENG-Premier League,2023,misc
ENG,DF,26,1997,19.8,5,0,0,28,16,0,39,19,31,0,0,0,111,31,10,75.6,ENG-Premier League,2023,misc
CMR,DF,31,1991,8.7,2,0,0,7,3,1,0,9,6,0,0,1,58,28,10,73.7,ENG-Premier League,2023,misc
ENG,FW,18,2004,0.0,0,0,0,0,0,0,0,0,0,0,0,0,0,1,0,100.0,ENG-Premier League,2023,misc
GRE,DF,27,1996,7.5,0,0,0,11,7,1,72,6,13,0,0,0,43,3,13,18.8,ENG-Premier League,2023,misc
COL,FW,26,1997,29.2,3,0,0,54,42,20,26,3,25,1,0,0,127,26,48,35.1,ENG-Premier League,2023,misc
EGY,FW,31,1992,28.2,2,0,0,12,26,17,41,2,11,1,0,0,84,6,14,30.0,ENG-Premier League,2023,misc
WAL,DF,20,2002,0.1,0,0,0,0,0,0,0,0,1,0,0,0,0,0,0,,ENG-Premier League,2023,misc
NED,MF,21,2002,12.5,0,0,0,20,15,0,4,14,12,0,0,0,74,10,14,41.7,ENG-Premier League,2023,misc
ESP,MF,18,2004,0.3,0,0,0,1,2,0,0,0,1,0,0,0,2,0,0,,ENG-Premier League,2023,misc
ESP,MF,32,1991,0.1,0,0,0,0,0,0,0,0,0,0,0,0,0,0,0,,ENG-Premier League,2023,misc
ENG,DF,24,1998,23.9,6,0,0,9,9,2,168,31,26,0,0,0,176,8,6,57.1,ENG-Premier League,2023,misc
NED,DF,32,1991,35.3,3,1,0,23,13,1,0,39,23,0,0,0,170,140,32,81.4,ENG-Premier League,2023,misc
JPN,MF,30,1993,19.1,10,0,0,50,25,0,4,20,28,0,0,0,108,31,27,53.4,ENG-Premier League,2023,misc
BEL,MF,23,1999,14.5,4,0,0,18,27,0,13,11,18,0,0,0,64,15,9,62.5,ENG-Premier League,2023,misc
ENG,DF,23,1999,32.5,5,0,0,31,9,13,340,31,40,0,0,0,185,23,12,65.7,ENG-Premier League,2023,misc
JAM,DF,29,1994,19.1,0,0,0,22,16,0,13,25,33,0,0,0,98,20,22,47.6,ENG-Premier League,2023,misc
ENG,"MF,FW",32,1991,13.4,1,0,0,13,12,2,74,5,13,0,0,0,68,0,10,0.0,ENG-Premier League,2023,misc
ENG,"FW,MF",27,1995,31.8,4,0,0,49,43,9,15,1,8,0,0,0,71,133,169,44.0,ENG-Premier League,2023,misc
ENG,"FW,MF",28,1994,4.7,2,0,0,8,4,2,10,1,10,0,0,0,21,10,16,38.5,ENG-Premier League,2023,misc
IRL,"MF,DF",26,1997,22.2,1,0,0,8,50,8,79,7,10,2,0,0,125,28,23,54.9,ENG-Premier League,2023,misc
JPN,DF,24,1999,6.6,0,0,0,10,6,0,9,8,5,0,0,2,26,12,12,50.0,ENG-Premier League,2023,misc
ENG,FW,25,1998,15.8,1,0,0,27,16,13,5,6,1,0,0,0,34,43,43,50.0,ENG-Premier League,2023,misc
ENG,"DF,MF",26,1996,4.5,1,0,0,10,6,0,13,1,6,0,1,0,10,8,6,57.1,ENG-Premier League,2023,misc
NGA,DF,24,1998,20.5,3,0,0,23,14,1,3,31,22,0,0,0,103,36,36,50.0,ENG-Premier League,2023,misc
BFA,DF,22,2001,19.2,7,0,0,27,30,2,66,16,28,0,0,1,102,17,18,48.6,ENG-Premier League,2023,misc
SCO,"MF,FW",25,1998,11.3,4,0,0,19,19,6,10,8,12,0,0,0,56,43,54,44.3,ENG-Premier League,2023,misc
ENG,GK,32,1991,0.2,0,0,0,0,0,0,0,0,0,0,0,0,0,0,0,,ENG-Premier League,2023,misc
ENG,MF,29,1993,14.5,4,0,0,14,26,5,23,11,17,0,0,0,59,18,15,54.5,ENG-Premier League,2023,misc
ENG,DF,17,2006,0.9,1,0,0,1,0,0,0,0,0,0,0,0,3,0,1,0.0,ENG-Premier League,2023,misc
ENG,"MF,DF",31,1992,3.6,1,0,0,6,7,0,8,0,2,0,0,0,8,7,7,50.0,ENG-Premier League,2023,misc
DEN,DF,25,1997,4.4,1,0,0,6,2,0,0,8,5,0,0,0,25,11,5,68.8,ENG-Premier League,2023,misc
ZIM,MF,29,1994,12.6,5,0,0,24,9,0,4,11,24,0,0,0,90,4,7,36.4,ENG-Premier League,2023,misc
COD,MF,30,1993,12.2,1,0,0,9,14,0,11,9,5,0,0,0,54,12,19,38.7,ENG-Premier League,2023,misc
ENG,DF,26,1996,18.4,5,0,0,20,12,1,13,18,23,0,1,0,62,46,32,59.0,ENG-Premier League,2023,misc
ENG,MF,29,1993,29.1,6,0,0,25,40,0,45,25,19,0,0,0,201,42,34,55.3,ENG-Premier League,2023,misc
ENG,"DF,MF",23,2000,5.6,0,0,0,2,2,0,49,4,6,0,0,0,21,3,0,100.0,ENG-Premier League,2023,misc
NED,"MF,FW",23,1999,22.0,4,0,0,21,64,4,35,8,22,0,0,0,104,9,22,29.0,ENG-Premier League,2023,misc
ENG,DF,21,2002,27.4,3,0,0,35,7,1,2,57,22,0,1,0,126,60,43,58.3,ENG-Premier League,2023,misc
BEL,GK,30,1992,37.8,3,0,0,0,3,0,0,0,1,0,0,0,63,4,0,100.0,ENG-Premier League,2023,misc
WAL,DF,28,1994,13.0,4,0,0,15,10,0,1,23,16,0,1,1,89,31,16,66.0,ENG-Premier League,2023,misc
ENG,"MF,DF",18,2004,0.1,0,0,0,0,0,0,0,0,0,0,0,0,0,0,0,,ENG-Premier League,2023,misc
ESP,DF,29,1994,0.1,0,0,0,0,0,0,0,0,0,0,0,0,2,0,0,,ENG-Premier League,2023,misc
POR,"MF,FW",28,1994,28.6,8,0,0,22,26,3,83,17,23,0,0,0,102,2,9,18.2,ENG-Premier League,2023,misc
ENG,MF,21,2002,0.1,0,0,0,1,0,0,0,0,0,0,0,0,0,0,0,,ENG-Premier League,2023,misc
BRA,GK,29,1993,30.9,5,0,0,2,4,0,0,0,0,0,1,0,53,8,0,100.0,ENG-Premier League,2023,misc
NOR,FW,23,2000,28.4,1,0,0,18,31,6,5,2,3,2,0,0,47,39,42,48.1,ENG-Premier League,2023,misc
ENG,"FW,MF",27,1995,11.2,6,0,0,6,41,2,16,6,8,0,0,0,42,3,4,42.9,ENG-Premier League,2023,misc
ENG,MF,20,2002,0.0,0,0,0,0,0,0,0,0,0,0,0,0,0,0,0,,ENG-Premier League,2023,misc
BEL,"FW,MF",21,2002,17.7,3,0,0,15,33,5,61,9,22,2,0,0,75,2,3,40.0,ENG-Premier League,2023,misc
ENG,"DF,MF",29,1994,11.8,2,0,0,4,5,0,5,10,1,0,0,0,46,14,5,73.7,ENG-Premier League,2023,misc
CRO,DF,21,2002,25.9,3,0,0,20,22,2,33,27,33,1,0,0,150,31,24,56.4,ENG-Premier League,2023,misc
ARG,"MF,FW",23,2000,29.4,2,0,0,23,13,2,137,2,13,2,0,0,98,4,24,14.3,ENG-Premier League,2023,misc
ENG,MF,27,1995,1.0,0,0,0,3,2,0,2,2,3,0,0,0,8,0,0,,ENG-Premier League,2023,misc
BEL,MF,32,1991,13.6,2,0,0,11,13,1,136,4,9,0,0,0,54,6,5,54.5,ENG-Premier League,2023,misc
ENG,DF,33,1990,30.7,2,0,0,23,18,7,59,27,24,0,0,0,152,25,15,62.5,ENG-Premier League,2023,misc
SUI,"DF,MF",28,1995,27.9,4,1,1,17,19,0,9,23,28,0,0,0,142,27,27,50.0,ENG-Premier League,2023,misc
CRO,MF,29,1994,17.2,4,0,0,17,15,0,0,10,25,0,0,0,72,4,4,50.0,ENG-Premier League,2023,misc
POR,MF,24,1998,7.3,0,0,0,8,16,2,19,1,4,0,0,0,30,5,8,38.5,ENG-Premier League,2023,misc
NED,DF,28,1995,22.7,0,0,0,10,18,0,11,14,16,0,0,0,119,46,28,62.2,ENG-Premier League,2023,misc
NOR,"FW,MF",20,2003,3.4,0,0,0,2,3,0,5,5,3,0,0,0,17,1,2,33.3,ENG-Premier League,2023,misc
ENG,"FW,MF",23,2000,31.7,2,0,0,14,60,5,89,13,20,0,1,0,127,6,17,26.1,ENG-Premier League,2023,misc
ENG,"DF,MF",18,2004,9.0,1,0,0,7,20,0,1,4,7,0,0,0,42,0,6,0.0,ENG-Premier League,2023,misc
ESP,MF,27,1996,32.6,8,1,0,41,35,6,12,26,43,1,0,0,235,54,22,71.1,ENG-Premier League,2023,misc
POR,DF,26,1997,28.4,0,0,0,23,15,0,13,30,20,0,1,1,108,47,42,52.8,ENG-Premier League,2023,misc
ESP,"FW,MF",22,2000,0.6,0,0,0,2,0,1,4,1,0,0,0,0,1,0,1,0.0,ENG-Premier League,2023,misc
GER,GK,30,1992,7.1,0,0,0,0,1,0,0,0,0,0,0,0,12,1,0,100.0,ENG-Premier League,2023,misc
ENG,DF,25,1997,19.8,4,0,0,17,9,0,14,41,25,0,1,0,94,21,19,52.5,ENG-Premier League,2023,misc
ARG,FW,19,2004,28.5,4,0,0,20,54,15,58,18,15,2,0,0,106,6,25,19.4,ENG-Premier League,2023,misc
CIV,"FW,MF",21,2002,4.3,1,0,0,5,4,0,1,1,3,0,0,0,14,4,6,40.0,ENG-Premier League,2023,misc
CMR,GK,27,1996,38.0,5,0,0,1,4,0,0,0,0,0,1,0,44,14,2,87.5,ENG-Premier League,2023,misc
FRA,FW,27,1995,5.0,0,0,0,3,6,3,0,0,1,1,0,0,9,8,18,30.8,ENG-Premier League,2023,misc
BRA,FW,23,2000,14.7,5,0,0,19,32,2,16,12,21,1,1,0,96,2,21,8.7,ENG-Premier League,2023,misc
POR,"MF,FW",28,1994,34.6,9,0,0,41,28,13,223,27,38,0,0,0,200,21,25,45.7,ENG-Premier League,2023,misc
BRA,"MF,DF",31,1992,22.0,7,0,0,30,10,6,13,18,56,0,1,0,133,42,22,65.6,ENG-Premier League,2023,misc
DEN,MF,31,1992,12.7,1,0,0,7,3,1,43,4,13,0,0,0,86,1,7,12.5,ENG-Premier League,2023,misc
ENG,MF,18,2004,0.0,0,0,0,0,1,0,0,1,1,0,0,0,0,0,0,,ENG-Premier League,2023,misc
POR,DF,24,1999,35.3,6,1,1,45,14,2,80,37,51,0,1,0,195,32,25,56.1,ENG-Premier League,2023,misc
NED,DF,26,1997,0.0,0,0,0,0,0,0,0,0,0,0,0,0,0,0,0,,ENG-Premier League,2023,misc
ENG,FW,17,2006,0.2,0,0,0,3,0,0,0,2,1,0,0,0,1,0,0,,ENG-Premier League,2023,misc
URU,"FW,MF",21,2001,1.9,0,0,0,4,6,0,4,1,3,0,0,0,11,6,4,60.0,ENG-Premier League,2023,misc
TUN,"MF,FW",20,2003,1.5,1,0,0,5,6,1,1,0,3,0,0,0,10,2,4,33.3,ENG-Premier League,2023,misc
ENG,DF,30,1993,18.4,4,0,0,21,10,6,3,25,17,1,0,0,78,69,19,78.4,ENG-Premier League,2023,misc
ENG,"FW,MF",23,2000,0.9,0,0,0,0,2,1,1,1,0,0,0,0,10,0,3,0.0,ENG-Premier League,2023,misc
NIR,DF,35,1988,15.5,2,0,0,17,13,0,0,23,14,0,0,0,70,36,18,66.7,ENG-Premier League,2023,misc
ENG,MF,18,2005,21.4,3,0,0,15,23,0,6,22,27,0,0,0,96,19,26,42.2,ENG-Premier League,2023,misc
ARG,DF,25,1998,7.2,3,0,0,6,3,0,2,5,8,0,0,1,33,4,5,44.4,ENG-Premier League,2023,misc
ENG,DF,28,1995,10.7,6,0,0,14,3,0,33,6,8,0,0,0,59,13,10,56.5,ENG-Premier League,2023,misc
ENG,FW,25,1997,25.2,2,0,0,13,21,12,35,4,12,1,0,0,81,15,26,36.6,ENG-Premier League,2023,misc
ENG,"MF,FW",24,1999,5.7,2,0,0,10,9,0,14,6,14,0,0,0,37,6,9,40.0,ENG-Premier League,2023,misc
ENG,FW,19,2004,0.8,0,0,0,1,0,0,0,0,0,0,0,0,2,0,2,0.0,ENG-Premier League,2023,misc
FRA,DF,30,1993,15.3,2,0,0,8,3,2,0,15,11,0,0,0,67,21,5,80.8,ENG-Premier League,2023,misc
DEN,FW,20,2003,24.0,2,0,0,20,30,15,6,1,7,0,1,0,60,25,65,27.8,ENG-Premier League,2023,misc
SCO,"MF,FW",26,1996,21.1,2,0,0,29,21,6,4,14,25,0,1,0,91,36,43,45.6,ENG-Premier League,2023,misc
ESP,DF,26,1996,4.6,3,0,0,4,11,3,29,5,8,0,0,0,21,5,9,35.7,ENG-Premier League,2023,misc
MAR,"MF,DF",26,1996,10.4,6,0,0,24,10,0,7,8,16,0,0,0,60,5,6,45.5,ENG-Premier League,2023,misc
SWE,DF,29,1994,14.8,2,0,0,15,2,3,1,12,10,0,0,0,75,17,24,41.5,ENG-Premier League,2023,misc
FRA,DF,18,2004,3.7,1,0,0,4,2,0,0,4,1,0,0,0,12,6,2,75.0,ENG-Premier League,2023,misc
IRL,"DF,FW",19,2004,0.1,0,0,0,2,0,0,0,1,1,0,0,0,2,0,0,,ENG-Premier League,2023,misc
SWE,FW,23,1999,25.1,1,0,0,14,15,17,10,6,0,1,0,0,38,10,39,20.4,ENG-Premier League,2023,misc
ENG,MF,20,2003,0.0,0,0,0,0,0,0,0,0,0,0,0,0,0,0,0,,ENG-Premier League,2023,misc
ENG,FW,22,2001,32.1,12,1,1,38,67,8,111,7,34,6,0,0,125,9,17,34.6,ENG-Premier League,2023,misc
ENG,FW,18,2005,0.3,0,0,0,0,0,1,0,0,0,0,0,0,0,0,2,0.0,ENG-Premier League,2023,misc
BRA,MF,25,1997,36.3,9,0,0,50,108,0,32,35,53,0,0,0,237,18,23,43.9,ENG-Premier League,2023,misc
ENG,FW,31,1992,11.0,3,0,0,16,17,4,3,2,3,0,0,0,17,9,16,36.0,ENG-Premier League,2023,misc
ENG,DF,31,1992,30.3,4,0,0,32,11,4,11,37,33,0,1,0,124,101,47,68.2,ENG-Premier League,2023,misc
ENG,"MF,FW",20,2002,11.4,3,0,0,21,19,1,19,8,18,0,0,0,60,19,12,61.3,ENG-Premier League,2023,misc
SWE,DF,28,1994,10.1,2,0,0,10,7,0,17,9,14,0,0,0,44,13,15,46.4,ENG-Premier League,2023,misc
SUI,DF,31,1991,33.9,5,0,0,38,26,0,8,36,24,2,0,0,174,69,70,49.6,ENG-Premier League,2023,misc
ENG,"FW,MF",25,1997,8.9,2,0,0,5,21,2,12,5,1,0,0,0,43,4,8,33.3,ENG-Premier League,2023,misc
ENG,"FW,DF",28,1995,13.2,1,0,0,7,15,1,77,6,10,0,0,0,66,4,10,28.6,ENG-Premier League,2023,misc
ENG,DF,29,1993,12.0,4,0,0,17,2,1,1,5,9,0,0,0,53,47,24,66.2,ENG-Premier League,2023,misc
ENG,MF,20,2002,0.1,1,0,0,2,0,0,0,0,1,0,0,0,2,0,2,0.0,ENG-Premier League,2023,misc
ENG,MF,23,1999,4.7,0,0,0,3,3,1,6,1,7,0,0,0,26,1,1,50.0,ENG-Premier League,2023,misc
BRA,"MF,FW",26,1996,14.2,6,0,0,28,23,0,2,19,27,0,0,0,85,18,31,36.7,ENG-Premier League,2023,misc
ENG,DF,32,1990,24.8,5,0,0,27,21,3,212,24,27,0,0,0,162,31,17,64.6,ENG-Premier League,2023,misc
ENG,DF,18,2004,8.7,2,0,0,5,5,0,23,12,18,0,0,0,56,10,11,47.6,ENG-Premier League,2023,misc
ENG,MF,17,2006,13.4,1,0,0,5,6,2,11,8,21,0,0,0,78,11,12,47.8,ENG-Premier League,2023,misc
GER,GK,30,1993,1.0,0,0,0,0,0,0,0,0,0,0,0,0,0,0,0,,ENG-Premier League,2023,misc
SVK,GK,34,1989,22.1,1,0,0,2,5,0,0,0,0,0,2,0,29,4,0,100.0,ENG-Premier League,2023,misc
SCO,"FW,MF",33,1989,1.4,1,0,0,2,1,0,7,1,3,0,0,0,5,0,3,0.0,ENG-Premier League,2023,misc
ENG,DF,27,1995,0.9,1,0,0,0,2,0,0,0,0,0,0,0,5,0,3,0.0,ENG-Premier League,2023,misc
ENG,FW,19,2003,0.0,0,0,0,0,0,0,0,0,0,0,0,0,0,0,0,,ENG-Premier League,2023,misc
PAR,FW,29,1994,21.5,2,0,0,16,22,10,24,10,24,0,0,0,97,6,7,46.2,ENG-Premier League,2023,misc
ENG,GK,31,1992,14.9,1,0,0,0,3,0,0,0,0,0,0,0,13,3,1,75.0,ENG-Premier League,2023,misc
WAL,DF,31,1991,0.2,0,0,0,1,0,0,0,0,0,0,1,0,0,1,0,100.0,ENG-Premier League,2023,misc
ITA,MF,23,2000,4.9,2,0,0,9,6,0,11,2,7,0,0,0,20,1,0,100.0,ENG-Premier League,2023,misc
ENG,MF,25,1997,30.5,7,0,0,24,34,2,25,17,30,0,0,0,120,18,22,45.0,ENG-Premier League,2023,misc
NED,DF,23,2000,15.3,2,0,0,9,2,1,0,9,13,0,1,1,70,34,17,66.7,ENG-Premier League,2023,misc
ENG,DF,20,2002,14.6,1,0,0,3,28,1,26,25,13,0,0,0,85,12,8,60.0,ENG-Premier League,2023,misc
IRL,DF,21,2002,8.7,2,0,0,6,3,0,0,13,3,0,0,1,21,7,10,41.2,ENG-Premier League,2023,misc
BRA,MF,19,2004,0.1,0,0,0,0,0,0,0,0,0,0,0,0,0,0,0,,ENG-Premier League,2023,misc
SWE,"FW,MF",21,2002,27.0,1,0,0,9,26,19,58,8,19,0,0,0,96,17,37,31.5,ENG-Premier League,2023,misc
CRC,FW,20,2003,0.1,0,0,0,3,0,0,0,0,0,0,0,0,0,0,0,,ENG-Premier League,2023,misc
WAL,"FW,MF",22,2001,2.6,0,0,0,1,7,1,2,0,1,0,0,0,11,1,2,33.3,ENG-Premier League,2023,misc
ENG,"FW,MF",22,2000,20.6,0,0,0,14,30,9,74,7,8,1,0,0,98,2,7,22.2,ENG-Premier League,2023,misc
SEN,MF,33,1989,2.4,2,0,0,6,2,0,0,2,5,0,0,0,14,10,10,50.0,ENG-Premier League,2023,misc
NZL,FW,31,1991,20.1,0,0,0,22,13,7,2,1,4,0,1,0,46,72,97,42.6,ENG-Premier League,2023,misc
BRA,MF,22,2001,19.9,4,0,0,13,9,2,26,35,18,0,1,0,118,14,10,58.3,ENG-Premier League,2023,misc
BEL,FW,28,1995,6.7,1,0,0,14,8,5,13,2,4,0,0,0,16,11,17,39.3,ENG-Premier League,2023,misc
BRA,DF,34,1989,4.2,4,0,0,10,2,0,0,4,9,0,0,0,20,14,6,70.0,ENG-Premier League,2023,misc
USA,"FW,MF",20,2002,2.6,0,0,0,3,2,0,8,2,3,0,0,0,14,7,9,43.8,ENG-Premier League,2023,misc
ARG,DF,26,1997,8.9,5,0,0,6,1,2,16,9,19,0,1,0,42,12,8,60.0,ENG-Premier League,2023,misc
ENG,DF,27,1995,16.2,3,0,0,17,2,0,47,14,14,0,0,0,57,25,15,62.5,ENG-Premier League,2023,misc
CIV,MF,25,1997,11.5,6,0,0,22,9,2,2,16,23,0,0,0,70,8,16,33.3,ENG-Premier League,2023,misc
ENG,DF,26,1997,4.9,0,1,0,3,2,0,0,3,5,0,0,0,18,12,10,54.5,ENG-Premier League,2023,misc
USA,GK,29,1994,17.0,2,0,0,0,3,0,0,0,0,0,0,0,11,4,0,100.0,ENG-Premier League,2023,misc
BEL,GK,31,1992,16.0,1,0,0,0,3,0,0,0,0,0,0,0,4,3,0,100.0,ENG-Premier League,2023,misc
ENG,"MF,FW",23,2000,35.1,9,0,0,37,57,6,182,17,24,0,0,0,179,60,68,46.9,ENG-Premier League,2023,misc
SEN,DF,27,1996,16.2,5,1,1,11,4,0,11,14,25,0,0,0,98,15,5,75.0,ENG-Premier League,2023,misc
BRA,DF,21,2002,31.0,5,0,0,38,7,0,4,37,31,0,0,1,146,38,40,48.7,ENG-Premier League,2023,misc
WAL,DF,22,2001,18.2,4,0,0,23,30,4,68,22,40,0,0,0,107,31,20,60.8,ENG-Premier League,2023,misc
ARG,"MF,FW",25,1998,16.6,4,0,0,26,16,2,6,18,34,0,0,0,108,21,19,52.5,ENG-Premier League,2023,misc
POR,DF,23,2000,5.1,2,0,0,8,2,0,16,1,7,0,0,0,33,3,2,60.0,ENG-Premier League,2023,misc
GRE,GK,29,1994,5.0,0,0,0,0,1,0,0,0,0,0,0,0,4,0,0,,ENG-Premier League,2023,misc
NGA,DF,26,1996,18.8,3,0,0,18,25,2,28,18,31,0,1,0,97,17,12,58.6,ENG-Premier League,2023,misc
BEL,MF,25,1998,17.4,6,0,0,23,21,0,2,26,13,0,0,0,74,9,3,75.0,ENG-Premier League,2023,misc
POR,"MF,FW",18,2005,0.2,0,0,0,1,0,0,0,1,0,0,0,0,1,2,1,66.7,ENG-Premier League,2023,misc
ENG,MF,25,1997,22.1,6,0,0,54,57,2,6,21,40,0,0,0,110,41,36,53.2,ENG-Premier League,2023,misc
SCO,DF,26,1996,4.6,0,0,0,3,2,0,0,5,0,0,0,0,25,20,3,87.0,ENG-Premier League,2023,misc
CIV,"DF,MF",30,1992,9.3,2,0,0,8,9,0,22,9,14,0,0,0,50,30,20,60.0,ENG-Premier League,2023,misc
NGA,FW,25,1997,11.6,2,0,0,9,16,13,1,1,7,0,0,0,33,21,48,30.4,ENG-Premier League,2023,misc
CIV,DF,32,1991,16.0,3,1,1,20,2,1,1,25,29,0,0,0,86,57,26,68.7,ENG-Premier League,2023,misc
ENG,"MF,DF",19,2003,10.4,1,0,0,11,9,0,8,14,13,0,0,0,45,11,14,44.0,ENG-Premier League,2023,misc
BIH,DF,24,1999,29.4,11,1,1,34,13,2,6,34,36,0,0,0,106,52,36,59.1,ENG-Premier League,2023,misc
TUN,MF,22,2001,4.7,2,0,0,7,6,2,0,5,6,0,0,1,35,7,18,28.0,ENG-Premier League,2023,misc
ENG,FW,19,2004,0.1,0,0,0,0,0,0,0,0,0,0,0,0,0,0,1,0.0,ENG-Premier League,2023,misc
USA,DF,24,1998,28.6,4,0,0,23,13,3,5,35,30,0,1,0,89,61,50,55.0,ENG-Premier League,2023,misc
CHI,"FW,MF",24,1999,12.3,3,0,0,11,19,11,9,3,4,1,0,0,39,7,23,23.3,ENG-Premier League,2023,misc
ENG,"DF,MF",28,1994,15.2,3,0,0,8,9,1,47,8,9,0,0,1,80,6,22,21.4,ENG-Premier League,2023,misc
CIV,"FW,MF",20,2002,4.3,0,0,0,10,4,1,3,1,2,0,0,0,22,2,18,10.0,ENG-Premier League,2023,misc
ENG,"FW,MF",22,2001,20.4,1,0,0,14,20,13,5,1,13,0,0,0,62,7,42,14.3,ENG-Premier League,2023,misc
ENG,"DF,MF",35,1988,3.6,1,0,0,3,3,2,4,5,2,0,0,0,16,7,8,46.7,ENG-Premier League,2023,misc
ENG,FW,19,2003,0.2,0,0,0,0,0,0,0,0,0,0,0,0,1,0,0,,ENG-Premier League,2023,misc
GRE,DF,30,1993,10.8,4,0,0,19,14,1,18,10,10,1,0,0,44,13,13,50.0,ENG-Premier League,2023,misc
NED,MF,26,1997,32.3,9,0,0,50,17,6,115,29,21,0,1,0,162,6,16,27.3,ENG-Premier League,2023,misc
CRO,GK,27,1996,8.6,1,0,0,0,2,0,0,0,0,0,0,0,6,7,0,100.0,ENG-Premier League,2023,misc
ENG,DF,29,1993,32.1,10,0,0,19,16,1,12,33,28,0,0,2,135,69,45,60.5,ENG-Premier League,2023,misc
ENG,"MF,FW",20,2002,20.2,2,0,0,15,29,1,36,11,21,0,0,0,96,10,31,24.4,ENG-Premier League,2023,misc
ENG,DF,23,2000,31.0,9,0,0,38,22,4,40,32,36,0,0,1,139,50,29,63.3,ENG-Premier League,2023,misc
IRL,DF,30,1992,5.4,2,0,0,6,1,0,0,13,4,0,1,0,21,14,8,63.6,ENG-Premier League,2023,misc
SCO,"MF,DF",31,1991,1.0,1,0,0,2,2,0,0,0,0,0,0,0,5,2,7,22.2,ENG-Premier League,2023,misc
ENG,DF,22,2001,10.2,3,0,0,10,13,0,13,10,9,0,0,0,39,10,15,40.0,ENG-Premier League,2023,misc
ENG,DF,26,1996,7.9,3,1,0,8,4,0,7,11,7,0,1,0,30,9,7,56.3,ENG-Premier League,2023,misc
ENG,"DF,MF",26,1997,5.6,1,0,0,7,3,1,8,5,10,0,0,0,7,5,11,31.3,ENG-Premier League,2023,misc
ENG,MF,19,2004,10.5,2,0,0,10,12,0,7,16,14,0,0,1,52,9,15,37.5,ENG-Premier League,2023,misc
SCO,FW,27,1996,14.2,7,2,2,19,27,4,5,5,7,1,0,0,41,110,113,49.3,ENG-Premier League,2023,misc
NIR,MF,32,1991,16.0,8,0,0,15,9,0,52,21,26,0,1,0,98,14,16,46.7,ENG-Premier League,2023,misc
ENG,"FW,MF",23,2000,3.8,0,1,0,5,5,1,3,1,1,0,0,0,9,4,19,17.4,ENG-Premier League,2023,misc
WAL,DF,24,1999,1.2,1,0,0,3,1,1,2,1,1,0,0,0,4,1,1,50.0,ENG-Premier League,2023,misc
SCO,FW,17,2006,0.1,0,0,0,0,0,0,0,0,0,0,0,0,1,0,0,,ENG-Premier League,2023,misc
IRL,DF,17,2005,0.3,0,0,0,0,0,0,1,0,0,0,0,0,1,0,0,,ENG-Premier League,2023,misc
ENG,MF,18,2004,0.1,0,0,0,0,0,0,0,0,0,0,0,0,1,0,0,,ENG-Premier League,2023,misc
ENG,MF,25,1998,2.5,2,0,0,7,2,0,4,3,5,0,1,0,21,3,3,50.0,ENG-Premier League,2023,misc
BRA,MF,24,1999,29.6,3,0,0,48,14,2,10,32,76,0,1,0,153,64,38,62.7,ENG-Premier League,2023,misc
ENG,GK,32,1991,29.4,2,0,0,1,12,0,0,0,3,0,0,1,31,1,1,50.0,ENG-Premier League,2023,misc
DEN,FW,19,2003,8.7,4,0,0,15,12,6,2,2,2,0,0,0,12,24,70,25.5,ENG-Premier League,2023,misc
ALG,DF,22,2001,5.9,1,0,0,5,5,1,6,7,9,0,0,0,34,1,4,20.0,ENG-Premier League,2023,misc
ARG,FW,19,2003,0.6,1,0,0,0,1,3,0,0,0,0,0,0,0,1,2,33.3,ENG-Premier League,2023,misc
WAL,DF,30,1993,12.1,2,0,0,8,19,0,10,10,17,1,0,0,53,29,21,58.0,ENG-Premier League,2023,misc
WAL,FW,22,2001,23.2,3,0,0,17,29,12,68,10,15,0,0,0,75,5,16,23.8,ENG-Premier League,2023,misc
ESP,"FW,MF",22,2001,2.3,0,0,0,2,3,1,11,3,0,0,0,0,16,0,3,0.0,ENG-Premier League,2023,misc
ARG,DF,25,1998,31.0,7,1,0,31,24,1,3,44,40,0,2,1,189,87,39,69.0,ENG-Premier League,2023,misc
ENG,FW,19,2004,0.2,0,0,0,1,2,0,0,0,1,0,0,0,0,0,2,0.0,ENG-Premier League,2023,misc
COL,DF,27,1996,0.9,1,0,0,2,1,0,0,1,0,0,0,0,4,3,1,75.0,ENG-Premier League,2023,misc
SWE,"FW,MF",23,2000,30.7,7,0,0,54,29,10,89,18,33,0,1,0,133,7,15,31.8,ENG-Premier League,2023,misc
ITA,DF,20,2002,26.6,7,1,1,51,36,3,22,37,33,0,0,0,169,22,26,45.8,ENG-Premier League,2023,misc
BRA,DF,24,1999,12.9,4,0,0,14,38,0,14,20,24,0,0,0,82,15,21,41.7,ENG-Premier League,2023,misc
ENG,DF,29,1994,2.2,0,0,0,0,1,2,0,2,1,0,0,0,7,3,5,37.5,ENG-Premier League,2023,misc
ARG,MF,27,1996,5.6,2,0,0,12,26,1,13,5,13,0,1,0,46,1,5,16.7,ENG-Premier League,2023,misc
ITA,GK,26,1996,38.0,2,0,0,0,8,0,0,1,0,0,0,0,61,21,1,95.5,ENG-Premier League,2023,misc
CRO,FW,34,1989,1.1,2,0,0,2,1,0,13,2,2,0,0,0,3,5,0,100.0,ENG-Premier League,2023,misc
ENG,MF,26,1996,23.7,5,0,0,21,74,2,133,13,19,0,0,0,60,3,6,33.3,ENG-Premier League,2023,misc
NIR,FW,18,2005,0.0,1,0,0,1,1,0,0,0,0,0,0,0,2,1,1,50.0,ENG-Premier League,2023,misc
ISR,FW,24,1999,2.2,1,0,0,2,1,1,5,3,3,0,0,0,11,0,1,0.0,ENG-Premier League,2023,misc
NED,DF,22,2001,26.0,5,0,0,13,17,1,3,18,35,0,1,0,144,38,41,48.1,ENG-Premier League,2023,misc
ENG,MF,15,2007,0.0,0,0,0,1,0,0,0,0,0,0,0,0,0,0,0,,ENG-Premier League,2023,misc
ENG,"MF,DF",22,2000,7.9,3,0,0,8,12,0,1,3,12,0,0,0,36,3,10,23.1,ENG-Premier League,2023,misc
SEN,MF,20,2002,23.0,9,0,0,32,17,0,25,31,24,0,0,0,144,24,27,47.1,ENG-Premier League,2023,misc
ESP,DF,23,1999,34.3,3,0,0,37,27,1,198,34,63,0,1,0,199,15,14,51.7,ENG-Premier League,2023,misc
DEN,MF,27,1995,14.6,4,0,0,20,17,0,14,19,18,0,0,1,121,8,13,38.1,ENG-Premier League,2023,misc
ROU,DF,21,2002,4.8,1,0,0,6,4,1,0,8,3,0,0,0,21,9,6,60.0,ENG-Premier League,2023,misc
BRA,FW,26,1997,16.6,3,0,0,20,30,12,14,8,11,0,0,0,42,25,57,30.5,ENG-Premier League,2023,misc
URU,MF,26,1997,11.2,7,0,0,20,17,0,9,17,15,0,0,0,54,14,22,38.9,ENG-Premier League,2023,misc
KOR,FW,31,1992,32.6,1,0,0,12,39,20,36,8,13,1,1,1,80,5,16,23.8,ENG-Premier League,2023,misc
GER,FW,27,1996,9.0,1,0,0,3,5,12,28,3,4,0,0,0,27,1,2,33.3,ENG-Premier League,2023,misc
MLI,MF,26,1996,23.0,10,2,1,35,31,0,1,37,52,0,0,0,128,14,15,48.3,ENG-Premier League,2023,misc
ENG,"DF,FW",33,1989,4.8,1,0,0,2,3,1,11,3,2,0,0,0,18,6,3,66.7,ENG-Premier League,2023,misc
FRA,GK,30,1993,30.0,1,0,0,2,3,0,0,1,1,0,2,1,15,10,1,90.9,ENG-Premier League,2023,misc
ITA,DF,35,1988,7.1,1,0,0,1,3,0,0,3,5,0,0,0,10,12,7,63.2,ENG-Premier League,2023,misc
ENG,"DF,FW",23,2000,6.0,1,0,0,3,7,1,31,5,7,0,0,0,49,7,12,36.8,ENG-Premier League,2023,misc
ENG,FW,31,1992,4.5,1,0,0,4,6,1,1,3,2,1,0,0,12,3,9,25.0,ENG-Premier League,2023,misc
ENG,FW,18,2004,0.9,0,0,0,1,1,0,0,0,0,0,0,0,4,4,5,44.4,ENG-Premier League,2023,misc
MEX,MF,25,1997,26.4,11,0,0,33,15,1,4,42,39,0,1,0,164,30,34,46.9,ENG-Premier League,2023,misc
ITA,DF,28,1994,34.9,10,0,0,32,33,1,49,43,68,2,1,1,142,25,23,52.1,ENG-Premier League,2023,misc
ENG,FW,18,2004,0.4,0,0,0,1,0,0,0,1,0,0,0,0,4,0,0,,ENG-Premier League,2023,misc
ENG,MF,28,1994,33.3,4,0,0,24,20,0,189,38,29,0,0,0,145,26,33,44.1,ENG-Premier League,2023,misc
ENG,FW,26,1996,33.5,2,0,0,28,42,20,75,19,28,0,0,0,118,33,70,32.0,ENG-Premier League,2023,misc
ENG,DF,18,2004,0.0,0,0,0,0,0,0,0,0,0,0,0,0,0,1,0,100.0,ENG-Premier League,2023,misc
ENG,MF,27,1995,3.4,3,1,1,14,5,0,1,4,6,0,1,0,23,7,1,87.5,ENG-Premier League,2023,misc
GRE,DF,25,1997,16.7,2,0,0,15,10,0,1,23,16,0,0,2,70,44,23,65.7,ENG-Premier League,2023,misc
FRA,DF,28,1994,31.5,3,0,0,24,6,0,0,29,17,0,1,0,95,58,43,57.4,ENG-Premier League,2023,misc
BRA,"FW,MF",25,1997,29.1,10,0,0,47,66,5,35,21,48,0,0,0,194,59,59,50.0,ENG-Premier League,2023,misc
CIV,"MF,FW",26,1996,1.2,0,0,0,2,2,3,1,2,2,0,0,0,8,0,5,0.0,ENG-Premier League,2023,misc
JAM,FW,33,1990,18.8,6,0,0,25,28,9,27,4,8,0,0,0,55,33,53,38.4,ENG-Premier League,2023,misc
GHA,"FW,MF",22,2000,27.6,6,0,0,39,75,16,94,11,47,1,1,0,212,15,29,34.1,ENG-Premier League,2023,misc
MAR,DF,27,1996,20.6,3,1,1,10,6,0,5,17,14,0,1,0,102,48,32,60.0,ENG-Premier League,2023,misc
ESP,"MF,FW",27,1996,4.7,0,0,0,3,5,1,8,6,6,0,0,0,26,3,6,33.3,ENG-Premier League,2023,misc
ALG,"FW,MF",27,1995,6.9,1,0,0,5,6,1,17,5,4,0,0,0,43,1,5,16.7,ENG-Premier League,2023,misc
GER,"DF,MF",26,1996,0.2,2,0,0,2,0,0,0,0,1,0,0,0,0,1,2,33.3,ENG-Premier League,2023,misc
CZE,MF,28,1995,31.9,7,0,0,41,24,10,6,37,35,0,1,0,151,108,78,58.1,ENG-Premier League,2023,misc
CZE,DF,30,1992,34.8,7,1,1,32,26,1,106,43,41,0,1,0,154,40,37,51.9,ENG-Premier League,2023,misc
POL,GK,38,1985,8.0,0,0,0,0,0,0,0,1,0,0,0,0,3,2,0,100.0,ENG-Premier League,2023,misc
MLI,MF,21,2001,9.1,4,0,0,23,4,1,6,5,23,0,0,0,62,6,16,27.3,ENG-Premier League,2023,misc
ENG,DF,33,1990,24.5,7,0,0,20,15,4,1,16,20,0,0,0,100,63,32,66.3,ENG-Premier League,2023,misc
ENG,GK,30,1993,4.3,0,0,0,0,0,0,0,0,0,0,0,0,6,2,0,100.0,ENG-Premier League,2023,misc
PAR,"MF,DF",18,2005,0.0,0,0,0,0,1,0,0,0,0,0,0,0,0,0,0,,ENG-Premier League,2023,misc
POR,FW,21,2002,2.9,2,0,0,8,4,5,0,2,4,0,1,0,15,2,5,28.6,ENG-Premier League,2023,misc
ESP,"DF,MF",20,2002,8.2,1,0,0,7,6,1,29,6,14,0,0,1,37,9,12,42.9,ENG-Premier League,2023,misc
KOR,"FW,MF",27,1996,23.5,6,0,0,31,32,15,11,10,10,1,1,0,75,7,44,13.7,ENG-Premier League,2023,misc
FRA,"MF,FW",25,1998,10.6,0,1,0,10,24,2,30,8,10,0,0,0,41,8,26,23.5,ENG-Premier League,2023,misc
ESP,MF,29,1994,0.1,0,0,0,0,0,0,0,0,0,0,0,0,0,0,0,,ENG-Premier League,2023,misc
POR,GK,30,1993,33.7,1,0,0,0,9,0,0,0,0,0,0,0,29,10,0,100.0,ENG-Premier League,2023,misc
BRA,MF,22,2001,29.4,11,0,0,66,38,1,25,18,74,0,2,0,183,18,25,41.9,ENG-Premier League,2023,misc
ENG,FW,17,2006,1.9,0,0,0,2,2,2,0,0,1,0,0,0,5,2,6,25.0,ENG-Premier League,2023,misc
GAB,MF,29,1993,33.0,12,1,1,43,24,8,15,41,58,0,0,0,199,35,41,46.1,ENG-Premier League,2023,misc
BRA,"FW,MF",24,1999,27.1,9,0,0,31,50,4,24,13,16,1,0,0,114,16,47,25.4,ENG-Premier League,2023,misc
POR,MF,24,1998,2.0,2,1,1,1,7,3,3,6,1,0,0,0,10,2,1,66.7,ENG-Premier League,2023,misc
IRL,"DF,MF",31,1992,12.8,2,0,0,13,11,5,13,7,18,0,0,0,65,38,33,53.5,ENG-Premier League,2023,misc
ENG,DF,26,1997,38.0,7,0,0,38,18,2,6,39,21,0,1,0,177,86,36,70.5,ENG-Premier League,2023,misc
IRL,FW,18,2005,2.1,1,0,0,5,3,0,0,1,2,0,0,0,8,3,9,25.0,ENG-Premier League,2023,misc
POR,"DF,MF",29,1993,34.3,10,1,0,48,30,1,80,36,48,0,2,0,188,22,27,44.9,ENG-Premier League,2023,misc
ESP,"MF,FW",31,1992,19.4,5,0,0,21,25,9,131,10,13,0,0,0,90,7,21,25.0,ENG-Premier League,2023,misc
POR,"FW,MF",23,2000,16.8,4,0,0,15,21,2,115,5,3,1,0,0,79,4,18,18.2,ENG-Premier League,2023,misc
ALG,"DF,MF",22,2001,25.9,7,0,0,25,53,8,41,15,44,1,1,0,136,21,25,45.7,ENG-Premier League,2023,misc
URU,DF,24,1998,9.1,1,0,0,10,5,0,2,6,7,0,0,0,30,15,26,36.6,ENG-Premier League,2023,misc
AUT,FW,26,1997,1.8,0,0,0,6,4,2,1,1,2,0,0,0,4,8,4,66.7,ENG-Premier League,2023,misc
ZIM,"MF,FW",19,2003,1.6,1,0,0,4,2,1,4,1,3,0,0,0,3,1,3,25.0,ENG-Premier League,2023,misc
ENG,MF,21,2001,13.6,2,0,0,11,4,0,28,12,13,0,0,0,93,0,4,0.0,ENG-Premier League,2023,misc
POR,DF,24,1999,30.8,7,0,0,38,13,2,13,26,25,0,0,0,136,56,30,65.1,ENG-Premier League,2023,misc
