nation,pos,age,born,90s,Standard,Standard,Standard,Standard,Standard,Standard,Standard,Standard,Standard,Standard,Standard,Standard,Expected,Expected,Expected,Expected,Expected,league,season,stat_type
,,,,,Gls,Sh,SoT,SoT%,Sh/90,SoT/90,G/Sh,G/SoT,Dist,FK,PK,PKatt,xG,npxG,npxG/Sh,G-xG,np:G-xG,,,
ALG,DF,16,2005,0.1,0,0,0,,0.0,0.0,,,,0,0,0,0.0,0.0,,0.0,0.0,FRA-Ligue 1,2022,shooting
CIV,FW,18,2003,2.3,0,2,0,0.0,0.86,0.0,0.0,,28.5,0,0,0,0.1,0.1,0.04,-0.1,-0.1,FRA-Ligue 1,2022,shooting
FRA,GK,33,1989,31.1,0,0,0,,0.0,0.0,,,,0,0,0,0.0,0.0,,0.0,0.0,FRA-Ligue 1,2022,shooting
CGO,FW,27,1995,7.8,1,20,7,35.0,2.58,0.9,0.05,0.14,12.6,0,0,0,1.8,1.8,0.09,-0.8,-0.8,FRA-Ligue 1,2022,shooting
FRA,"DF,MF",22,2000,21.1,1,12,2,16.7,0.57,0.09,0.08,0.5,10.8,0,0,0,0.8,0.8,0.06,0.2,0.2,FRA-Ligue 1,2022,shooting
BFA,MF,26,1996,22.3,1,22,6,27.3,0.99,0.27,0.05,0.17,15.2,0,0,0,2.0,2.0,0.09,-1.0,-1.0,FRA-Ligue 1,2022,shooting
GLP,DF,35,1986,19.9,1,3,1,33.3,0.15,0.05,0.33,1.0,4.1,0,0,0,1.0,1.0,0.41,0.0,0.0,FRA-Ligue 1,2022,shooting
CGO,DF,26,1996,7.9,0,4,0,0.0,0.51,0.0,0.0,,6.2,0,0,0,1.2,1.2,0.29,-1.2,-1.2,FRA-Ligue 1,2022,shooting
FRA,MF,24,1998,3.7,0,2,1,50.0,0.55,0.27,0.0,0.0,26.6,0,0,0,0.1,0.1,0.03,-0.1,-0.1,FRA-Ligue 1,2022,shooting
FRA,GK,28,1994,6.0,0,0,0,,0.0,0.0,,,,0,0,0,0.0,0.0,,0.0,0.0,FRA-Ligue 1,2022,shooting
FRA,GK,19,2002,0.9,0,0,0,,0.0,0.0,,,,0,0,0,0.0,0.0,,0.0,0.0,FRA-Ligue 1,2022,shooting
CIV,DF,25,1997,24.2,0,3,0,0.0,0.12,0.0,0.0,,17.5,0,0,0,0.3,0.3,0.08,-0.3,-0.3,FRA-Ligue 1,2022,shooting
FRA,"MF,FW",18,2004,2.1,0,1,0,0.0,0.47,0.0,0.0,,20.4,0,0,0,0.0,0.0,0.03,0.0,0.0,FRA-Ligue 1,2022,shooting
SUI,"MF,FW",25,1997,11.8,0,7,1,14.3,0.59,0.08,0.0,0.0,14.2,0,0,0,0.7,0.7,0.1,-0.7,-0.7,FRA-Ligue 1,2022,shooting
BFA,"FW,MF",19,2002,2.5,0,7,0,0.0,2.75,0.0,0.0,,14.2,0,0,0,1.2,1.2,0.17,-1.2,-1.2,FRA-Ligue 1,2022,shooting
FRA,MF,36,1986,21.6,0,4,0,0.0,0.18,0.0,0.0,,29.1,0,0,0,0.1,0.1,0.02,-0.1,-0.1,FRA-Ligue 1,2022,shooting
FRA,MF,18,2004,0.5,0,0,0,,0.0,0.0,,,,0,0,0,0.0,0.0,,0.0,0.0,FRA-Ligue 1,2022,shooting
GLP,DF,33,1989,15.1,0,10,2,20.0,0.66,0.13,0.0,0.0,16.3,0,0,0,0.5,0.5,0.05,-0.5,-0.5,FRA-Ligue 1,2022,shooting
FRA,MF,31,1991,14.7,1,19,4,21.1,1.29,0.27,0.05,0.25,26.6,3,0,0,0.9,0.9,0.05,0.1,0.1,FRA-Ligue 1,2022,shooting
COM,DF,34,1988,27.3,0,5,1,20.0,0.18,0.04,0.0,0.0,18.7,0,0,0,0.3,0.3,0.05,-0.3,-0.3,FRA-Ligue 1,2022,shooting
FRA,FW,23,1999,27.7,6,50,19,38.0,1.8,0.68,0.12,0.32,14.6,0,0,0,7.2,7.2,0.14,-1.2,-1.2,FRA-Ligue 1,2022,shooting
SEN,FW,22,1999,1.5,0,2,0,0.0,1.32,0.0,0.0,,23.3,0,0,0,0.1,0.1,0.07,-0.1,-0.1,FRA-Ligue 1,2022,shooting
FRA,FW,17,2005,5.5,1,6,2,33.3,1.09,0.36,0.17,0.5,17.5,0,0,0,0.5,0.5,0.09,0.5,0.5,FRA-Ligue 1,2022,shooting
CMR,DF,24,1998,28.6,0,11,3,27.3,0.38,0.1,0.0,0.0,11.1,0,0,0,1.0,1.0,0.09,-1.0,-1.0,FRA-Ligue 1,2022,shooting
FRA,MF,19,2003,0.6,0,0,0,,0.0,0.0,,,,0,0,0,0.0,0.0,,0.0,0.0,FRA-Ligue 1,2022,shooting
ALB,MF,26,1996,2.4,0,4,0,0.0,1.7,0.0,0.0,,30.4,1,0,0,0.2,0.2,0.04,-0.2,-0.2,FRA-Ligue 1,2022,shooting
FRA,"MF,FW",37,1985,18.8,1,16,4,25.0,0.85,0.21,0.06,0.25,16.4,0,0,1,2.3,1.6,0.1,-1.3,-0.6,FRA-Ligue 1,2022,shooting
FRA,"FW,MF",35,1987,12.0,2,16,6,37.5,1.33,0.5,0.13,0.33,15.3,1,0,0,3.2,3.2,0.2,-1.2,-1.2,FRA-Ligue 1,2022,shooting
BRA,"MF,FW",23,1999,0.3,0,2,1,50.0,7.5,3.75,0.0,0.0,13.1,0,0,0,0.2,0.2,0.08,-0.2,-0.2,FRA-Ligue 1,2022,shooting
FRA,MF,35,1987,14.8,1,9,0,0.0,0.61,0.0,0.0,,27.1,2,1,2,2.0,0.4,0.05,-1.0,-0.4,FRA-Ligue 1,2022,shooting
ROU,"MF,DF",17,2004,1.5,0,0,0,,0.0,0.0,,,,0,0,0,0.0,0.0,,0.0,0.0,FRA-Ligue 1,2022,shooting
FRA,MF,25,1997,27.2,0,37,9,24.3,1.36,0.33,0.0,0.0,22.8,1,0,0,2.3,2.3,0.06,-2.3,-2.3,FRA-Ligue 1,2022,shooting
FRA,"MF,DF",20,2002,3.1,0,6,2,33.3,1.94,0.65,0.0,0.0,24.6,0,0,0,0.2,0.2,0.03,-0.2,-0.2,FRA-Ligue 1,2022,shooting
TUN,FW,35,1986,5.0,0,3,0,0.0,0.6,0.0,0.0,,11.1,0,0,0,0.2,0.2,0.08,-0.2,-0.2,FRA-Ligue 1,2022,shooting
ALG,"MF,FW",30,1992,12.8,6,27,9,33.3,2.11,0.7,0.04,0.11,24.8,4,5,6,6.2,1.8,0.07,-0.2,-0.8,FRA-Ligue 1,2022,shooting
MLI,DF,27,1995,10.2,0,1,1,100.0,0.1,0.1,0.0,0.0,27.6,0,0,0,0.0,0.0,0.04,0.0,0.0,FRA-Ligue 1,2022,shooting
SEN,FW,21,2001,20.4,5,39,10,25.6,1.91,0.49,0.13,0.5,12.7,0,0,0,4.8,4.8,0.12,0.2,0.2,FRA-Ligue 1,2022,shooting
CIV,DF,32,1990,15.2,0,0,0,,0.0,0.0,,,,0,0,0,0.0,0.0,,0.0,0.0,FRA-Ligue 1,2022,shooting
FRA,"MF,FW",28,1994,24.8,4,45,18,40.0,1.81,0.73,0.09,0.22,13.2,0,0,0,6.5,6.5,0.14,-2.5,-2.5,FRA-Ligue 1,2022,shooting
FRA,"FW,MF",22,2000,13.9,3,25,11,44.0,1.8,0.79,0.12,0.27,15.2,1,0,0,3.0,3.0,0.12,0.0,0.0,FRA-Ligue 1,2022,shooting
FRA,MF,26,1995,0.2,0,1,1,100.0,5.0,5.0,0.0,0.0,31.2,1,0,0,0.1,0.1,0.06,-0.1,-0.1,FRA-Ligue 1,2022,shooting
MAR,"MF,FW",22,2000,12.5,0,23,6,26.1,1.83,0.48,0.0,0.0,19.8,1,0,0,1.8,1.8,0.08,-1.8,-1.8,FRA-Ligue 1,2022,shooting
FRA,"MF,DF",22,2000,31.8,0,15,2,13.3,0.47,0.06,0.0,0.0,24.0,0,0,0,0.9,0.9,0.06,-0.9,-0.9,FRA-Ligue 1,2022,shooting
BEN,DF,28,1994,34.4,0,11,4,36.4,0.32,0.12,0.0,0.0,8.9,0,0,0,1.1,1.1,0.1,-1.1,-1.1,FRA-Ligue 1,2022,shooting
ALG,DF,31,1991,5.3,0,1,0,0.0,0.19,0.0,0.0,,24.4,0,0,0,0.1,0.1,0.07,-0.1,-0.1,FRA-Ligue 1,2022,shooting
ALG,"DF,FW",25,1997,9.0,0,11,2,18.2,1.23,0.22,0.0,0.0,18.8,0,0,0,1.1,1.1,0.1,-1.1,-1.1,FRA-Ligue 1,2022,shooting
BIH,DF,22,1999,7.1,2,5,3,60.0,0.71,0.42,0.4,0.67,17.1,0,0,0,0.9,0.9,0.18,1.1,1.1,FRA-Ligue 1,2022,shooting
ALG,"MF,FW",22,1999,23.7,2,24,7,29.2,1.01,0.29,0.08,0.29,22.4,2,0,0,1.4,1.4,0.06,0.6,0.6,FRA-Ligue 1,2022,shooting
FRA,"DF,MF",29,1993,4.7,0,2,0,0.0,0.42,0.0,0.0,,24.4,0,0,0,0.1,0.1,0.03,-0.1,-0.1,FRA-Ligue 1,2022,shooting
SEN,FW,23,1999,12.6,2,26,11,42.3,2.06,0.87,0.08,0.18,13.7,0,0,0,3.4,3.4,0.13,-1.4,-1.4,FRA-Ligue 1,2022,shooting
ALG,DF,27,1995,2.3,0,0,0,,0.0,0.0,,,,0,0,0,0.0,0.0,,0.0,0.0,FRA-Ligue 1,2022,shooting
FRA,"MF,FW",22,1999,0.3,0,0,0,,0.0,0.0,,,,0,0,0,0.0,0.0,,0.0,0.0,FRA-Ligue 1,2022,shooting
FRA,"FW,MF",17,2005,3.0,0,4,0,0.0,1.33,0.0,0.0,,15.4,0,0,0,0.5,0.5,0.13,-0.5,-0.5,FRA-Ligue 1,2022,shooting
FRA,DF,17,2004,6.1,0,2,0,0.0,0.33,0.0,0.0,,24.4,0,0,0,0.1,0.1,0.03,-0.1,-0.1,FRA-Ligue 1,2022,shooting
FRA,"DF,MF",22,2000,1.9,1,3,2,66.7,1.56,1.04,0.33,0.5,18.7,0,0,0,0.2,0.2,0.06,0.8,0.8,FRA-Ligue 1,2022,shooting
FRA,FW,29,1992,5.6,1,12,3,25.0,2.13,0.53,0.08,0.33,14.5,0,0,0,2.2,2.2,0.18,-1.2,-1.2,FRA-Ligue 1,2022,shooting
CRO,FW,25,1996,0.3,0,2,1,50.0,6.43,3.21,0.0,0.0,12.7,0,0,0,0.1,0.1,0.06,-0.1,-0.1,FRA-Ligue 1,2022,shooting
SVN,DF,29,1993,22.0,2,8,4,50.0,0.36,0.18,0.25,0.5,10.0,1,0,0,1.6,1.6,0.2,0.4,0.4,FRA-Ligue 1,2022,shooting
ALG,MF,27,1994,27.7,4,39,13,33.3,1.41,0.47,0.05,0.15,27.5,8,2,2,3.2,1.6,0.04,0.8,0.4,FRA-Ligue 1,2022,shooting
FRA,DF,19,2003,5.8,0,1,1,100.0,0.17,0.17,0.0,0.0,6.5,0,0,0,0.2,0.2,0.16,-0.2,-0.2,FRA-Ligue 1,2022,shooting
FRA,GK,25,1997,27.0,0,0,0,,0.0,0.0,,,,0,0,0,0.0,0.0,,0.0,0.0,FRA-Ligue 1,2022,shooting
FRA,"MF,DF",35,1987,15.9,0,16,7,43.8,1.01,0.44,0.0,0.0,17.6,0,0,0,1.5,1.5,0.1,-1.5,-1.5,FRA-Ligue 1,2022,shooting
SEN,"DF,FW",27,1995,11.8,1,9,1,11.1,0.76,0.08,0.11,1.0,14.0,0,0,0,1.4,1.4,0.15,-0.4,-0.4,FRA-Ligue 1,2022,shooting
MAR,"FW,MF",28,1993,9.3,4,21,9,42.9,2.27,0.97,0.1,0.22,20.8,4,2,2,3.6,2.1,0.1,0.4,-0.1,FRA-Ligue 1,2022,shooting
CIV,"DF,FW",25,1996,19.9,0,7,2,28.6,0.35,0.1,0.0,0.0,16.0,0,0,0,1.0,1.0,0.14,-1.0,-1.0,FRA-Ligue 1,2022,shooting
FRA,MF,20,2002,2.1,0,1,0,0.0,0.48,0.0,0.0,,6.5,0,0,0,0.3,0.3,0.31,-0.3,-0.3,FRA-Ligue 1,2022,shooting
CIV,GK,21,2000,11.0,0,0,0,,0.0,0.0,,,,0,0,0,0.0,0.0,,0.0,0.0,FRA-Ligue 1,2022,shooting
TUN,DF,23,1999,27.7,0,13,2,15.4,0.47,0.07,0.0,0.0,21.0,0,0,0,0.8,0.8,0.06,-0.8,-0.8,FRA-Ligue 1,2022,shooting
FRA,"MF,FW",22,2000,0.6,0,1,1,100.0,1.76,1.76,0.0,0.0,2.8,0,0,0,0.3,0.3,0.3,-0.3,-0.3,FRA-Ligue 1,2022,shooting
ALG,DF,27,1995,17.8,0,9,0,0.0,0.51,0.0,0.0,,19.6,0,0,0,0.4,0.4,0.04,-0.4,-0.4,FRA-Ligue 1,2022,shooting
FRA,DF,30,1992,6.5,0,1,0,0.0,0.15,0.0,0.0,,9.2,0,0,0,0.1,0.1,0.08,-0.1,-0.1,FRA-Ligue 1,2022,shooting
FRA,GK,35,1987,19.0,0,0,0,,0.0,0.0,,,,0,0,0,0.0,0.0,,0.0,0.0,FRA-Ligue 1,2022,shooting
MLI,MF,30,1992,37.8,2,25,7,28.0,0.66,0.19,0.08,0.29,26.1,0,0,1,1.9,1.1,0.04,0.1,0.9,FRA-Ligue 1,2022,shooting
FRA,DF,19,2003,2.0,0,0,0,,0.0,0.0,,,,0,0,0,0.0,0.0,,0.0,0.0,FRA-Ligue 1,2022,shooting
GUF,GK,29,1992,2.0,0,0,0,,0.0,0.0,,,,0,0,0,0.0,0.0,,0.0,0.0,FRA-Ligue 1,2022,shooting
FRA,DF,29,1993,1.4,0,0,0,,0.0,0.0,,,,0,0,0,0.0,0.0,,0.0,0.0,FRA-Ligue 1,2022,shooting
FRA,"MF,FW",25,1996,20.8,2,38,10,26.3,1.82,0.48,0.05,0.2,19.3,2,0,0,3.9,3.9,0.1,-1.9,-1.9,FRA-Ligue 1,2022,shooting
FRA,"FW,MF",33,1988,2.8,1,7,1,14.3,2.48,0.35,0.14,1.0,23.2,0,0,0,0.6,0.6,0.09,0.4,0.4,FRA-Ligue 1,2022,shooting
FRA,"MF,FW",26,1996,15.5,3,26,9,34.6,1.68,0.58,0.08,0.22,21.2,0,1,1,2.9,2.1,0.08,0.1,-0.1,FRA-Ligue 1,2022,shooting
GHA,DF,24,1998,25.1,0,5,1,20.0,0.2,0.04,0.0,0.0,25.3,0,0,0,0.1,0.1,0.01,-0.1,-0.1,FRA-Ligue 1,2022,shooting
FRA,MF,26,1996,18.4,1,30,9,30.0,1.63,0.49,0.03,0.11,24.1,2,0,0,1.7,1.7,0.06,-0.7,-0.7,FRA-Ligue 1,2022,shooting
FRA,MF,21,2001,12.4,0,13,1,7.7,1.05,0.08,0.0,0.0,18.9,0,0,0,1.4,1.4,0.11,-1.4,-1.4,FRA-Ligue 1,2022,shooting
ROU,GK,25,1997,17.0,0,0,0,,0.0,0.0,,,,0,0,0,0.0,0.0,,0.0,0.0,FRA-Ligue 1,2022,shooting
BRA,DF,28,1993,35.7,3,18,5,27.8,0.5,0.14,0.11,0.4,11.6,0,1,1,3.1,2.3,0.13,-0.1,-0.3,FRA-Ligue 1,2022,shooting
GUI,DF,30,1992,19.6,1,8,4,50.0,0.41,0.2,0.13,0.25,8.7,0,0,0,1.2,1.2,0.15,-0.2,-0.2,FRA-Ligue 1,2022,shooting
FRA,MF,19,2002,0.7,0,0,0,,0.0,0.0,,,,0,0,0,0.0,0.0,,0.0,0.0,FRA-Ligue 1,2022,shooting
MAD,DF,26,1996,2.0,0,3,0,0.0,1.5,0.0,0.0,,24.6,0,0,0,0.1,0.1,0.03,-0.1,-0.1,FRA-Ligue 1,2022,shooting
FRA,MF,18,2004,0.0,0,0,0,,0.0,0.0,,,,0,0,0,0.0,0.0,,0.0,0.0,FRA-Ligue 1,2022,shooting
MLI,"MF,FW",22,1999,17.4,1,42,13,31.0,2.41,0.75,0.02,0.08,17.3,0,0,0,3.2,3.2,0.08,-2.2,-2.2,FRA-Ligue 1,2022,shooting
SEN,FW,27,1994,16.5,6,36,12,33.3,2.19,0.73,0.08,0.25,13.5,0,3,3,7.2,4.9,0.14,-1.2,-1.9,FRA-Ligue 1,2022,shooting
FRA,"MF,FW",31,1991,14.3,2,23,11,47.8,1.6,0.77,0.04,0.09,25.4,1,1,1,2.5,1.7,0.07,-0.5,-0.7,FRA-Ligue 1,2022,shooting
FRA,"FW,MF",19,2003,9.0,2,24,8,33.3,2.68,0.89,0.04,0.13,20.6,0,1,2,3.6,2.0,0.08,-1.6,-1.0,FRA-Ligue 1,2022,shooting
CPV,"FW,MF",31,1991,22.3,5,39,14,35.9,1.75,0.63,0.13,0.36,15.7,0,0,0,4.6,4.6,0.12,0.4,0.4,FRA-Ligue 1,2022,shooting
GUI,"FW,MF",20,2001,0.3,0,1,0,0.0,3.75,0.0,0.0,,11.1,0,0,0,0.1,0.1,0.05,-0.1,-0.1,FRA-Ligue 1,2022,shooting
FRA,DF,22,2000,9.6,0,7,0,0.0,0.73,0.0,0.0,,23.5,0,0,0,0.1,0.1,0.02,-0.1,-0.1,FRA-Ligue 1,2022,shooting
FRA,DF,33,1989,7.0,0,0,0,,0.0,0.0,,,,0,0,0,0.0,0.0,,0.0,0.0,FRA-Ligue 1,2022,shooting
MAD,"DF,MF",25,1997,27.0,2,29,5,17.2,1.07,0.19,0.07,0.4,19.5,3,0,0,2.4,2.4,0.08,-0.4,-0.4,FRA-Ligue 1,2022,shooting
FRA,"FW,MF",36,1986,1.3,0,4,1,25.0,3.19,0.8,0.0,0.0,27.6,0,0,0,0.1,0.1,0.02,-0.1,-0.1,FRA-Ligue 1,2022,shooting
CIV,"MF,FW",25,1996,4.1,0,5,2,40.0,1.21,0.48,0.0,0.0,21.4,0,0,0,0.3,0.3,0.06,-0.3,-0.3,FRA-Ligue 1,2022,shooting
FRA,DF,19,2003,17.6,1,8,2,25.0,0.45,0.11,0.13,0.5,8.0,0,0,0,1.5,1.5,0.19,-0.5,-0.5,FRA-Ligue 1,2022,shooting
FRA,DF,28,1994,1.1,0,1,0,0.0,0.91,0.0,0.0,,11.5,0,0,0,0.0,0.0,0.03,0.0,0.0,FRA-Ligue 1,2022,shooting
COM,MF,31,1990,12.0,0,18,2,11.1,1.5,0.17,0.0,0.0,30.3,7,0,0,0.6,0.6,0.03,-0.6,-0.6,FRA-Ligue 1,2022,shooting
MAR,DF,23,1999,14.6,1,4,2,50.0,0.27,0.14,0.25,0.5,15.4,0,0,0,0.4,0.4,0.09,0.6,0.6,FRA-Ligue 1,2022,shooting
HON,"MF,FW",26,1996,2.9,0,4,1,25.0,1.4,0.35,0.0,0.0,13.1,0,0,0,0.5,0.5,0.13,-0.5,-0.5,FRA-Ligue 1,2022,shooting
FRA,"FW,MF",18,2003,0.8,0,1,1,100.0,1.32,1.32,0.0,0.0,6.8,0,0,0,0.2,0.2,0.17,-0.2,-0.2,FRA-Ligue 1,2022,shooting
FRA,DF,20,2002,3.0,0,0,0,,0.0,0.0,,,,0,0,0,0.0,0.0,,0.0,0.0,FRA-Ligue 1,2022,shooting
FRA,DF,27,1994,27.7,0,16,3,18.8,0.58,0.11,0.0,0.0,11.1,0,0,0,1.2,1.2,0.07,-1.2,-1.2,FRA-Ligue 1,2022,shooting
MTQ,DF,29,1992,11.8,0,3,0,0.0,0.25,0.0,0.0,,16.4,0,0,0,0.1,0.1,0.04,-0.1,-0.1,FRA-Ligue 1,2022,shooting
FRA,"FW,MF",25,1996,28.2,6,47,17,36.2,1.67,0.6,0.13,0.35,18.1,4,0,0,4.8,4.8,0.1,1.2,1.2,FRA-Ligue 1,2022,shooting
FRA,MF,18,2003,3.2,0,2,0,0.0,0.62,0.0,0.0,,22.6,0,0,0,0.1,0.1,0.04,-0.1,-0.1,FRA-Ligue 1,2022,shooting
ALG,MF,28,1994,29.5,2,9,2,22.2,0.3,0.07,0.11,0.5,25.5,0,1,1,1.3,0.5,0.05,0.7,0.5,FRA-Ligue 1,2022,shooting
FRA,MF,22,1999,0.2,0,0,0,,0.0,0.0,,,,0,0,0,0.0,0.0,,0.0,0.0,FRA-Ligue 1,2022,shooting
FRA,MF,24,1998,18.8,1,17,6,35.3,0.91,0.32,0.06,0.17,24.7,0,0,0,0.8,0.8,0.05,0.2,0.2,FRA-Ligue 1,2022,shooting
FRA,"FW,MF",24,1997,2.6,0,4,2,50.0,1.55,0.77,0.0,0.0,13.4,0,0,0,0.2,0.2,0.04,-0.2,-0.2,FRA-Ligue 1,2022,shooting
ALG,FW,34,1988,11.0,1,14,2,14.3,1.28,0.18,0.07,0.5,14.1,0,0,1,2.6,1.8,0.13,-1.6,-0.8,FRA-Ligue 1,2022,shooting
HAI,DF,25,1997,27.9,0,5,1,20.0,0.18,0.04,0.0,0.0,17.2,0,0,0,0.4,0.4,0.08,-0.4,-0.4,FRA-Ligue 1,2022,shooting
FIN,DF,28,1994,3.3,0,1,0,0.0,0.3,0.0,0.0,,29.8,0,0,0,0.0,0.0,0.03,0.0,0.0,FRA-Ligue 1,2022,shooting
ARG,GK,21,2001,1.0,0,0,0,,0.0,0.0,,,,0,0,0,0.0,0.0,,0.0,0.0,FRA-Ligue 1,2022,shooting
FRA,"MF,FW",24,1998,23.0,10,55,23,41.8,2.39,1.0,0.18,0.43,11.1,0,0,0,8.4,8.4,0.16,1.6,1.6,FRA-Ligue 1,2022,shooting
ENG,"FW,MF",19,2003,2.0,0,4,2,50.0,2.01,1.01,0.0,0.0,16.1,0,0,0,0.2,0.2,0.06,-0.2,-0.2,FRA-Ligue 1,2022,shooting
MAD,DF,30,1991,15.7,0,12,3,25.0,0.76,0.19,0.0,0.0,25.6,2,0,0,0.4,0.4,0.03,-0.4,-0.4,FRA-Ligue 1,2022,shooting
FRA,DF,22,1999,34.4,0,20,3,15.0,0.58,0.09,0.0,0.0,16.3,0,0,0,1.1,1.1,0.05,-1.1,-1.1,FRA-Ligue 1,2022,shooting
FRA,MF,24,1998,20.2,2,24,7,29.2,1.19,0.35,0.08,0.29,16.3,0,0,0,2.5,2.5,0.11,-0.5,-0.5,FRA-Ligue 1,2022,shooting
NED,GK,31,1991,37.0,0,0,0,,0.0,0.0,,,,0,0,0,0.0,0.0,,0.0,0.0,FRA-Ligue 1,2022,shooting
POR,"MF,FW",25,1996,14.0,2,21,9,42.9,1.5,0.64,0.1,0.22,18.8,1,0,0,1.4,1.4,0.07,0.6,0.6,FRA-Ligue 1,2022,shooting
SEN,DF,22,1999,14.5,1,11,3,27.3,0.76,0.21,0.09,0.33,18.3,0,0,0,0.7,0.7,0.07,0.3,0.3,FRA-Ligue 1,2022,shooting
FRA,MF,29,1993,30.7,5,43,13,30.2,1.4,0.42,0.12,0.38,23.8,2,0,0,2.1,2.1,0.05,2.9,2.9,FRA-Ligue 1,2022,shooting
FRA,"MF,FW",26,1996,15.8,6,31,11,35.5,1.96,0.7,0.03,0.09,20.7,3,5,5,6.3,2.4,0.08,-0.3,-1.4,FRA-Ligue 1,2022,shooting
BEN,FW,27,1994,18.4,6,58,19,32.8,3.15,1.03,0.09,0.26,14.9,0,1,1,7.3,6.5,0.12,-1.3,-1.5,FRA-Ligue 1,2022,shooting
FRA,FW,18,2003,1.4,0,2,1,50.0,1.41,0.7,0.0,0.0,12.5,0,0,0,0.3,0.3,0.14,-0.3,-0.3,FRA-Ligue 1,2022,shooting
ALG,"FW,MF",30,1992,4.0,0,9,1,11.1,2.28,0.25,0.0,0.0,16.0,1,0,0,0.7,0.7,0.08,-0.7,-0.7,FRA-Ligue 1,2022,shooting
GHA,DF,22,2000,27.3,0,6,2,33.3,0.22,0.07,0.0,0.0,32.6,0,0,0,0.1,0.1,0.02,-0.1,-0.1,FRA-Ligue 1,2022,shooting
SEN,DF,27,1994,2.5,0,2,0,0.0,0.81,0.0,0.0,,20.6,0,0,0,0.0,0.0,0.02,0.0,0.0,FRA-Ligue 1,2022,shooting
MAR,MF,17,2004,5.6,0,11,5,45.5,1.98,0.9,0.0,0.0,16.4,1,0,0,1.2,1.2,0.11,-1.2,-1.2,FRA-Ligue 1,2022,shooting
FRA,"DF,MF",21,2001,1.0,0,1,0,0.0,1.01,0.0,0.0,,31.4,0,0,0,0.0,0.0,0.02,0.0,0.0,FRA-Ligue 1,2022,shooting
BEL,MF,21,2000,0.6,0,0,0,,0.0,0.0,,,,0,0,0,0.0,0.0,,0.0,0.0,FRA-Ligue 1,2022,shooting
MLI,DF,18,2004,6.4,0,3,0,0.0,0.47,0.0,0.0,,26.5,0,0,0,0.4,0.4,0.13,-0.4,-0.4,FRA-Ligue 1,2022,shooting
KVX,"MF,FW",29,1993,24.0,3,35,13,37.1,1.46,0.54,0.09,0.23,14.4,0,0,0,4.7,4.7,0.13,-1.7,-1.7,FRA-Ligue 1,2022,shooting
FRA,DF,33,1989,18.9,0,2,0,0.0,0.11,0.0,0.0,,18.2,0,0,0,0.2,0.2,0.11,-0.2,-0.2,FRA-Ligue 1,2022,shooting
FRA,FW,26,1995,24.8,10,54,19,35.2,2.18,0.77,0.11,0.32,17.5,0,4,6,11.7,7.0,0.13,-1.7,-1.0,FRA-Ligue 1,2022,shooting
FRA,MF,32,1990,0.3,0,0,0,,0.0,0.0,,,,0,0,0,0.0,0.0,,0.0,0.0,FRA-Ligue 1,2022,shooting
CMR,MF,28,1993,0.3,0,0,0,,0.0,0.0,,,,0,0,0,0.0,0.0,,0.0,0.0,FRA-Ligue 1,2022,shooting
GAB,"DF,FW",27,1995,24.9,1,30,8,26.7,1.2,0.32,0.03,0.13,16.9,0,0,0,2.5,2.5,0.08,-1.5,-1.5,FRA-Ligue 1,2022,shooting
BEN,"MF,DF",30,1992,2.9,1,6,3,50.0,2.09,1.05,0.17,0.33,16.7,0,0,0,0.4,0.4,0.07,0.6,0.6,FRA-Ligue 1,2022,shooting
FRA,MF,34,1988,28.9,4,19,9,47.4,0.66,0.31,0.21,0.44,24.8,1,0,0,1.2,1.2,0.06,2.8,2.8,FRA-Ligue 1,2022,shooting
ANG,"DF,MF",29,1993,8.3,1,12,5,41.7,1.45,0.61,0.08,0.2,21.7,1,0,0,0.6,0.6,0.05,0.4,0.4,FRA-Ligue 1,2022,shooting
SRB,FW,27,1995,16.1,4,28,11,39.3,1.74,0.68,0.11,0.27,14.4,0,1,2,5.5,3.9,0.14,-1.5,-0.9,FRA-Ligue 1,2022,shooting
POL,DF,25,1997,34.6,0,16,5,31.3,0.46,0.14,0.0,0.0,8.6,0,0,0,2.1,2.1,0.13,-2.1,-2.1,FRA-Ligue 1,2022,shooting
FRA,MF,33,1989,16.1,1,6,2,33.3,0.37,0.12,0.17,0.5,22.6,0,0,0,0.5,0.5,0.09,0.5,0.5,FRA-Ligue 1,2022,shooting
BEL,DF,25,1997,24.7,1,14,6,42.9,0.57,0.24,0.07,0.17,17.9,0,0,0,0.9,0.9,0.07,0.1,0.1,FRA-Ligue 1,2022,shooting
ALG,"DF,MF",30,1992,7.3,1,8,2,25.0,1.09,0.27,0.13,0.5,20.1,0,0,0,1.1,1.1,0.14,-0.1,-0.1,FRA-Ligue 1,2022,shooting
SEN,GK,29,1993,37.0,0,0,0,,0.0,0.0,,,,0,0,0,0.0,0.0,,0.0,0.0,FRA-Ligue 1,2022,shooting
AUT,MF,21,2000,21.9,7,51,19,37.3,2.33,0.87,0.1,0.26,20.6,7,2,2,6.0,4.4,0.09,1.0,0.6,FRA-Ligue 1,2022,shooting
BRA,DF,25,1996,31.5,3,23,7,30.4,0.73,0.22,0.13,0.43,14.6,0,0,0,3.1,3.1,0.13,-0.1,-0.1,FRA-Ligue 1,2022,shooting
GNB,GK,24,1998,1.0,0,0,0,,0.0,0.0,,,,0,0,0,0.0,0.0,,0.0,0.0,FRA-Ligue 1,2022,shooting
TUN,MF,27,1995,22.5,7,47,22,46.8,2.09,0.98,0.15,0.32,21.5,6,0,0,5.1,5.1,0.11,1.9,1.9,FRA-Ligue 1,2022,shooting
FRA,DF,19,2002,0.4,0,1,0,0.0,2.5,0.0,0.0,,13.9,0,0,0,0.0,0.0,0.04,0.0,0.0,FRA-Ligue 1,2022,shooting
FRA,MF,19,2002,0.7,0,1,0,0.0,1.5,0.0,0.0,,21.4,0,0,0,0.0,0.0,0.05,0.0,0.0,FRA-Ligue 1,2022,shooting
FRA,MF,25,1997,26.7,0,17,1,5.9,0.64,0.04,0.0,0.0,19.8,0,0,0,1.1,1.1,0.06,-1.1,-1.1,FRA-Ligue 1,2022,shooting
POL,"FW,MF",26,1996,1.1,0,0,0,,0.0,0.0,,,,0,0,0,0.0,0.0,,0.0,0.0,FRA-Ligue 1,2022,shooting
FRA,"MF,FW",28,1993,14.2,5,21,9,42.9,1.48,0.63,0.24,0.56,14.5,0,0,0,3.0,3.0,0.14,2.0,2.0,FRA-Ligue 1,2022,shooting
FRA,"MF,FW",24,1998,6.7,5,14,9,64.3,2.09,1.34,0.36,0.56,16.6,0,0,0,2.6,2.6,0.19,2.4,2.4,FRA-Ligue 1,2022,shooting
FRA,"MF,FW",25,1996,9.5,1,12,8,66.7,1.26,0.84,0.08,0.13,15.7,0,0,0,1.3,1.3,0.11,-0.3,-0.3,FRA-Ligue 1,2022,shooting
FRA,GK,28,1994,37.0,0,0,0,,0.0,0.0,,,,0,0,0,0.0,0.0,,0.0,0.0,FRA-Ligue 1,2022,shooting
CMR,MF,20,2001,0.0,0,0,0,,0.0,0.0,,,,0,0,0,0.0,0.0,,0.0,0.0,FRA-Ligue 1,2022,shooting
POR,"MF,FW",21,2001,15.6,1,26,7,26.9,1.66,0.45,0.04,0.14,17.6,3,0,0,2.8,2.8,0.11,-1.8,-1.8,FRA-Ligue 1,2022,shooting
COL,"DF,MF",28,1993,24.3,4,18,7,38.9,0.74,0.29,0.22,0.57,19.3,1,0,0,1.3,1.3,0.07,2.7,2.7,FRA-Ligue 1,2022,shooting
ARG,DF,23,1999,30.9,2,18,4,22.2,0.58,0.13,0.11,0.5,13.9,0,0,0,2.6,2.6,0.14,-0.6,-0.6,FRA-Ligue 1,2022,shooting
FRA,"MF,FW",31,1990,33.9,7,86,29,33.7,2.53,0.85,0.07,0.21,15.6,0,1,3,10.5,8.1,0.09,-3.5,-2.1,FRA-Ligue 1,2022,shooting
COD,FW,31,1991,0.2,0,1,0,0.0,4.09,0.0,0.0,,29.8,0,0,0,0.0,0.0,0.05,0.0,0.0,FRA-Ligue 1,2022,shooting
CMR,FW,23,1999,0.7,0,1,0,0.0,1.53,0.0,0.0,,23.1,0,0,0,0.0,0.0,0.05,0.0,0.0,FRA-Ligue 1,2022,shooting
COM,"DF,FW",21,2000,1.0,0,2,1,50.0,1.94,0.97,0.0,0.0,28.6,0,0,0,0.1,0.1,0.03,-0.1,-0.1,FRA-Ligue 1,2022,shooting
CMR,"MF,DF",22,2000,9.0,0,8,3,37.5,0.89,0.33,0.0,0.0,23.1,0,0,0,0.4,0.4,0.05,-0.4,-0.4,FRA-Ligue 1,2022,shooting
FRA,GK,36,1985,1.0,0,0,0,,0.0,0.0,,,,0,0,0,0.0,0.0,,0.0,0.0,FRA-Ligue 1,2022,shooting
FRA,"DF,MF",28,1994,5.7,0,5,1,20.0,0.88,0.18,0.0,0.0,17.0,0,0,0,0.3,0.3,0.06,-0.3,-0.3,FRA-Ligue 1,2022,shooting
FRA,DF,29,1992,31.4,1,5,1,20.0,0.16,0.03,0.2,1.0,14.1,0,0,0,0.8,0.8,0.16,0.2,0.2,FRA-Ligue 1,2022,shooting
FRA,DF,24,1997,1.8,0,5,2,40.0,2.73,1.09,0.0,0.0,9.6,0,0,0,0.6,0.6,0.11,-0.6,-0.6,FRA-Ligue 1,2022,shooting
AUT,DF,23,1998,35.9,1,24,4,16.7,0.67,0.11,0.04,0.25,14.9,0,0,0,2.5,2.4,0.1,-1.5,-1.4,FRA-Ligue 1,2022,shooting
BEL,FW,22,2000,28.0,21,103,49,47.6,3.68,1.75,0.19,0.41,13.1,0,1,1,18.4,17.6,0.17,2.6,2.4,FRA-Ligue 1,2022,shooting
MLI,"DF,MF",29,1992,18.6,0,13,0,0.0,0.7,0.0,0.0,,11.6,0,0,0,2.1,2.1,0.16,-2.1,-2.1,FRA-Ligue 1,2022,shooting
NOR,"MF,FW",24,1997,0.3,0,0,0,,0.0,0.0,,,,0,0,0,0.0,0.0,,0.0,0.0,FRA-Ligue 1,2022,shooting
POL,"DF,MF",27,1995,31.5,5,28,6,21.4,0.89,0.19,0.07,0.33,22.1,2,3,3,4.2,1.8,0.06,0.8,0.2,FRA-Ligue 1,2022,shooting
GLP,"FW,MF",19,2003,1.4,0,3,1,33.3,2.2,0.73,0.0,0.0,15.9,0,0,0,0.4,0.4,0.13,-0.4,-0.4,FRA-Ligue 1,2022,shooting
GHA,MF,22,2000,32.2,1,13,4,30.8,0.4,0.12,0.08,0.25,19.1,0,0,0,0.9,0.9,0.07,0.1,0.1,FRA-Ligue 1,2022,shooting
CIV,MF,27,1995,34.1,7,82,22,26.8,2.4,0.64,0.07,0.27,19.9,0,1,2,9.3,7.7,0.09,-2.3,-1.7,FRA-Ligue 1,2022,shooting
CPV,DF,30,1992,0.1,0,0,0,,0.0,0.0,,,,0,0,0,0.0,0.0,,0.0,0.0,FRA-Ligue 1,2022,shooting
FRA,"FW,MF",27,1995,7.2,5,27,10,37.0,3.77,1.4,0.19,0.5,14.5,0,0,0,3.3,3.3,0.12,1.7,1.7,FRA-Ligue 1,2022,shooting
POL,MF,22,2000,2.9,0,3,0,0.0,1.04,0.0,0.0,,17.1,0,0,0,0.6,0.6,0.19,-0.6,-0.6,FRA-Ligue 1,2022,shooting
ALG,"FW,MF",25,1996,11.8,1,26,9,34.6,2.2,0.76,0.04,0.11,19.1,3,0,0,2.3,2.3,0.09,-1.3,-1.3,FRA-Ligue 1,2022,shooting
ALG,"DF,MF",27,1995,3.9,1,3,1,33.3,0.76,0.25,0.33,1.0,15.3,0,0,0,0.4,0.4,0.13,0.6,0.6,FRA-Ligue 1,2022,shooting
FRA,FW,19,2003,2.9,1,12,5,41.7,4.19,1.74,0.08,0.2,14.4,0,0,0,3.1,3.1,0.26,-2.1,-2.1,FRA-Ligue 1,2022,shooting
BRA,DF,22,1999,17.9,3,17,7,41.2,0.95,0.39,0.18,0.43,9.5,0,0,0,1.8,1.8,0.11,1.2,1.2,FRA-Ligue 1,2022,shooting
FRA,FW,17,2004,0.0,0,0,0,,0.0,0.0,,,,0,0,0,0.0,0.0,,0.0,0.0,FRA-Ligue 1,2022,shooting
POR,MF,29,1993,18.1,3,18,5,27.8,0.99,0.28,0.17,0.6,21.2,0,0,0,1.1,1.1,0.06,1.9,1.9,FRA-Ligue 1,2022,shooting
ENG,MF,21,2000,31.3,2,55,17,30.9,1.76,0.54,0.02,0.06,23.2,4,1,1,4.6,3.8,0.07,-2.6,-2.8,FRA-Ligue 1,2022,shooting
FRA,DF,21,2001,29.5,3,19,6,31.6,0.64,0.2,0.16,0.5,11.4,0,0,0,1.7,1.7,0.09,1.3,1.3,FRA-Ligue 1,2022,shooting
FRA,MF,31,1990,32.4,1,24,4,16.7,0.74,0.12,0.04,0.25,16.9,0,0,0,1.6,1.6,0.07,-0.6,-0.6,FRA-Ligue 1,2022,shooting
CMR,MF,18,2004,5.3,0,12,2,16.7,2.26,0.38,0.0,0.0,24.3,0,0,0,0.5,0.5,0.04,-0.5,-0.5,FRA-Ligue 1,2022,shooting
KVX,"FW,MF",23,1999,11.7,3,42,14,33.3,3.58,1.19,0.07,0.21,18.4,1,0,0,3.6,3.6,0.09,-0.6,-0.6,FRA-Ligue 1,2022,shooting
SWE,"DF,FW",23,1999,9.3,0,7,1,14.3,0.75,0.11,0.0,0.0,22.0,0,0,0,0.5,0.5,0.07,-0.5,-0.5,FRA-Ligue 1,2022,shooting
BRA,DF,32,1990,19.8,2,13,6,46.2,0.66,0.3,0.15,0.33,17.4,0,0,0,1.2,1.2,0.09,0.8,0.8,FRA-Ligue 1,2022,shooting
FRA,MF,32,1990,3.1,0,1,0,0.0,0.32,0.0,0.0,,7.6,0,0,0,0.1,0.1,0.12,-0.1,-0.1,FRA-Ligue 1,2022,shooting
CIV,FW,26,1996,30.9,6,71,28,39.4,2.3,0.91,0.08,0.21,15.5,0,0,0,8.2,8.2,0.12,-2.2,-2.2,FRA-Ligue 1,2022,shooting
CAN,FW,22,2000,35.2,24,95,44,46.3,2.7,1.25,0.15,0.32,15.8,0,10,11,23.6,15.1,0.16,0.4,-1.1,FRA-Ligue 1,2022,shooting
POR,DF,38,1983,28.8,1,14,2,14.3,0.49,0.07,0.07,0.5,12.3,0,0,0,1.4,1.4,0.11,-0.4,-0.4,FRA-Ligue 1,2022,shooting
FRA,DF,16,2005,8.5,0,2,0,0.0,0.23,0.0,0.0,,15.9,0,0,0,0.1,0.1,0.05,-0.1,-0.1,FRA-Ligue 1,2022,shooting
FRA,GK,20,2001,32.0,0,0,0,,0.0,0.0,,,,0,0,0,0.0,0.0,,0.0,0.0,FRA-Ligue 1,2022,shooting
BRA,GK,27,1995,6.0,0,0,0,,0.0,0.0,,,,0,0,0,0.0,0.0,,0.0,0.0,FRA-Ligue 1,2022,shooting
GUI,"FW,MF",24,1998,7.2,4,22,10,45.5,3.04,1.38,0.18,0.4,10.4,0,0,0,3.2,3.2,0.15,0.8,0.8,FRA-Ligue 1,2022,shooting
FRA,"MF,FW",32,1990,28.1,7,42,23,54.8,1.5,0.82,0.17,0.3,14.1,8,0,0,8.3,8.3,0.2,-1.3,-1.3,FRA-Ligue 1,2022,shooting
FRA,DF,19,2003,0.0,0,0,0,,0.0,0.0,,,,0,0,0,0.0,0.0,,0.0,0.0,FRA-Ligue 1,2022,shooting
POR,DF,22,2000,22.4,2,15,4,26.7,0.67,0.18,0.13,0.5,12.7,0,0,0,1.3,1.3,0.08,0.7,0.7,FRA-Ligue 1,2022,shooting
USA,"DF,FW",22,2000,19.4,0,30,11,36.7,1.54,0.57,0.0,0.0,21.6,0,0,0,2.5,2.5,0.08,-2.5,-2.5,FRA-Ligue 1,2022,shooting
TUR,MF,25,1997,2.2,1,5,2,40.0,2.25,0.9,0.2,0.5,19.0,0,0,0,0.2,0.2,0.03,0.8,0.8,FRA-Ligue 1,2022,shooting
FRA,MF,20,2002,2.8,0,8,3,37.5,2.88,1.08,0.0,0.0,17.1,0,0,0,0.5,0.5,0.07,-0.5,-0.5,FRA-Ligue 1,2022,shooting
AUT,"MF,FW",25,1996,0.3,0,3,0,0.0,10.8,0.0,0.0,,28.5,2,0,0,0.2,0.2,0.06,-0.2,-0.2,FRA-Ligue 1,2022,shooting
FRA,FW,23,1998,3.0,1,14,5,35.7,4.74,1.69,0.07,0.2,18.2,2,0,0,1.8,1.8,0.13,-0.8,-0.8,FRA-Ligue 1,2022,shooting
FRA,"MF,DF",17,2004,1.1,0,4,0,0.0,3.75,0.0,0.0,,18.6,0,0,0,0.5,0.5,0.14,-0.5,-0.5,FRA-Ligue 1,2022,shooting
SEN,FW,22,2000,8.3,3,21,7,33.3,2.53,0.84,0.1,0.29,16.0,0,1,1,4.9,4.1,0.23,-1.9,-2.1,FRA-Ligue 1,2022,shooting
CIV,DF,20,2001,16.7,1,3,1,33.3,0.18,0.06,0.33,1.0,8.5,0,0,0,0.7,0.7,0.25,0.3,0.3,FRA-Ligue 1,2022,shooting
NGA,MF,26,1996,13.1,0,4,0,0.0,0.3,0.0,0.0,,26.3,0,0,0,0.1,0.1,0.03,-0.1,-0.1,FRA-Ligue 1,2022,shooting
FRA,"DF,MF",20,2002,2.5,0,1,0,0.0,0.4,0.0,0.0,,10.5,0,0,0,0.1,0.1,0.06,-0.1,-0.1,FRA-Ligue 1,2022,shooting
BFA,"FW,MF",20,2002,17.2,6,52,17,32.7,3.02,0.99,0.12,0.35,16.6,4,0,0,5.2,5.2,0.1,0.8,0.8,FRA-Ligue 1,2022,shooting
CMR,DF,21,2000,8.7,1,9,3,33.3,1.04,0.35,0.11,0.33,16.9,0,0,0,0.7,0.7,0.08,0.3,0.3,FRA-Ligue 1,2022,shooting
FRA,"FW,MF",16,2006,0.1,0,0,0,,0.0,0.0,,,,0,0,0,0.0,0.0,,0.0,0.0,FRA-Ligue 1,2022,shooting
FRA,MF,22,2000,33.6,5,45,18,40.0,1.34,0.54,0.11,0.28,23.4,8,0,0,3.5,3.5,0.08,1.5,1.5,FRA-Ligue 1,2022,shooting
COD,DF,24,1997,27.1,0,10,2,20.0,0.37,0.07,0.0,0.0,20.9,0,0,0,0.6,0.6,0.07,-0.6,-0.6,FRA-Ligue 1,2022,shooting
MLI,FW,23,1999,17.5,7,28,13,46.4,1.6,0.74,0.18,0.38,16.1,0,2,3,5.6,3.2,0.12,1.4,1.8,FRA-Ligue 1,2022,shooting
BRA,DF,25,1996,5.1,0,4,1,25.0,0.79,0.2,0.0,0.0,19.8,0,0,0,0.2,0.2,0.05,-0.2,-0.2,FRA-Ligue 1,2022,shooting
FRA,MF,24,1998,11.8,0,5,2,40.0,0.42,0.17,0.0,0.0,26.9,0,0,0,0.1,0.1,0.03,-0.1,-0.1,FRA-Ligue 1,2022,shooting
FRA,DF,28,1993,18.4,0,6,2,33.3,0.33,0.11,0.0,0.0,14.8,0,0,0,0.3,0.3,0.05,-0.3,-0.3,FRA-Ligue 1,2022,shooting
FRA,MF,21,2000,18.4,1,14,4,28.6,0.76,0.22,0.07,0.25,18.5,0,0,0,1.8,1.8,0.13,-0.8,-0.8,FRA-Ligue 1,2022,shooting
FRA,MF,29,1993,26.0,0,13,2,15.4,0.5,0.08,0.0,0.0,24.0,0,0,0,0.5,0.5,0.04,-0.5,-0.5,FRA-Ligue 1,2022,shooting
TUN,DF,24,1998,38.0,1,9,6,66.7,0.24,0.16,0.11,0.17,11.8,0,0,0,0.7,0.7,0.08,0.3,0.3,FRA-Ligue 1,2022,shooting
FRA,MF,25,1997,2.0,1,6,3,50.0,2.93,1.47,0.17,0.33,18.5,0,0,0,0.4,0.4,0.07,0.6,0.6,FRA-Ligue 1,2022,shooting
FRA,"MF,FW",24,1998,13.8,5,25,14,56.0,1.81,1.01,0.2,0.36,17.0,0,0,0,2.7,2.7,0.11,2.3,2.3,FRA-Ligue 1,2022,shooting
MLI,"FW,MF",20,2002,1.5,0,7,1,14.3,4.63,0.66,0.0,0.0,13.5,0,0,0,0.7,0.7,0.11,-0.7,-0.7,FRA-Ligue 1,2022,shooting
FRA,"FW,MF",23,1998,11.8,2,20,8,40.0,1.69,0.68,0.1,0.25,16.2,0,0,0,2.2,2.2,0.11,-0.2,-0.2,FRA-Ligue 1,2022,shooting
NGA,FW,23,1999,15.4,12,33,18,54.5,2.14,1.17,0.33,0.61,13.6,0,1,2,7.3,5.7,0.17,4.7,5.3,FRA-Ligue 1,2022,shooting
FRA,"MF,DF",19,2002,16.1,2,10,4,40.0,0.62,0.25,0.2,0.5,14.0,0,0,0,1.1,1.1,0.11,0.9,0.9,FRA-Ligue 1,2022,shooting
FRA,DF,32,1989,37.0,0,17,6,35.3,0.46,0.16,0.0,0.0,18.3,0,0,0,1.2,1.2,0.07,-1.2,-1.2,FRA-Ligue 1,2022,shooting
ITA,GK,34,1988,17.9,0,0,0,,0.0,0.0,,,,0,0,0,0.0,0.0,,0.0,0.0,FRA-Ligue 1,2022,shooting
FRA,"FW,MF",20,2002,12.1,1,26,9,34.6,2.15,0.74,0.04,0.11,20.3,0,0,0,1.5,1.5,0.06,-0.5,-0.5,FRA-Ligue 1,2022,shooting
SUI,GK,28,1994,20.1,0,0,0,,0.0,0.0,,,,0,0,0,0.0,0.0,,0.0,0.0,FRA-Ligue 1,2022,shooting
FRA,FW,31,1991,32.5,27,107,47,43.9,3.29,1.44,0.2,0.45,14.4,8,6,8,24.2,17.9,0.17,2.8,3.1,FRA-Ligue 1,2022,shooting
SWE,FW,21,2001,6.0,1,6,5,83.3,1.01,0.84,0.17,0.2,12.7,0,0,0,1.2,1.2,0.2,-0.2,-0.2,FRA-Ligue 1,2022,shooting
POR,GK,31,1990,31.3,0,0,0,,0.0,0.0,,,,0,0,0,0.0,0.0,,0.0,0.0,FRA-Ligue 1,2022,shooting
FRA,"FW,MF",19,2002,16.0,5,27,13,48.1,1.69,0.81,0.19,0.38,13.6,0,0,0,3.4,3.4,0.13,1.6,1.6,FRA-Ligue 1,2022,shooting
FRA,DF,19,2002,33.2,2,13,5,38.5,0.39,0.15,0.15,0.4,10.2,0,0,0,1.2,1.2,0.09,0.8,0.8,FRA-Ligue 1,2022,shooting
FRA,MF,27,1994,22.6,1,30,9,30.0,1.33,0.4,0.03,0.11,23.0,0,0,0,1.7,1.7,0.06,-0.7,-0.7,FRA-Ligue 1,2022,shooting
FRA,DF,34,1988,3.8,0,2,0,0.0,0.53,0.0,0.0,,13.5,0,0,0,0.1,0.1,0.07,-0.1,-0.1,FRA-Ligue 1,2022,shooting
CRO,DF,33,1989,16.2,1,13,3,23.1,0.8,0.19,0.08,0.33,12.5,1,0,0,0.8,0.8,0.06,0.2,0.2,FRA-Ligue 1,2022,shooting
BRA,"DF,FW",28,1994,4.0,0,1,0,0.0,0.25,0.0,0.0,,27.6,0,0,0,0.0,0.0,0.03,0.0,0.0,FRA-Ligue 1,2022,shooting
ALG,MF,24,1998,5.8,1,14,6,42.9,2.4,1.03,0.07,0.17,15.1,0,0,0,1.4,1.4,0.11,-0.4,-0.4,FRA-Ligue 1,2022,shooting
FRA,MF,24,1998,3.7,0,10,7,70.0,2.68,1.87,0.0,0.0,20.0,0,0,0,0.8,0.8,0.08,-0.8,-0.8,FRA-Ligue 1,2022,shooting
BRA,FW,22,1999,5.0,1,10,5,50.0,2.02,1.01,0.1,0.2,15.7,0,0,0,1.1,1.1,0.11,-0.1,-0.1,FRA-Ligue 1,2022,shooting
FRA,MF,19,2002,21.5,1,19,1,5.3,0.88,0.05,0.05,1.0,23.8,0,0,0,0.9,0.9,0.05,0.1,0.1,FRA-Ligue 1,2022,shooting
GER,DF,33,1988,4.8,0,0,0,,0.0,0.0,,,,0,0,0,0.0,0.0,,0.0,0.0,FRA-Ligue 1,2022,shooting
CMR,"FW,MF",29,1992,15.0,4,41,19,46.3,2.73,1.26,0.1,0.21,14.7,0,0,0,4.4,4.4,0.11,-0.4,-0.4,FRA-Ligue 1,2022,shooting
BRA,MF,24,1997,1.8,0,5,1,20.0,2.83,0.57,0.0,0.0,15.1,0,0,0,0.4,0.4,0.07,-0.4,-0.4,FRA-Ligue 1,2022,shooting
FRA,DF,19,2003,17.7,0,7,3,42.9,0.39,0.17,0.0,0.0,20.9,0,0,0,0.4,0.4,0.06,-0.4,-0.4,FRA-Ligue 1,2022,shooting
FRA,MF,16,2005,0.1,0,0,0,,0.0,0.0,,,,0,0,0,0.0,0.0,,0.0,0.0,FRA-Ligue 1,2022,shooting
FRA,MF,22,2000,30.7,4,26,13,50.0,0.85,0.42,0.15,0.31,19.1,3,0,0,2.6,2.6,0.1,1.4,1.4,FRA-Ligue 1,2022,shooting
FRA,MF,18,2004,0.0,0,0,0,,0.0,0.0,,,,0,0,0,0.0,0.0,,0.0,0.0,FRA-Ligue 1,2022,shooting
FRA,"FW,MF",26,1996,9.7,3,28,13,46.4,2.87,1.33,0.11,0.23,13.3,0,0,0,3.8,3.8,0.14,-0.8,-0.8,FRA-Ligue 1,2022,shooting
ARG,DF,29,1992,33.2,1,23,5,21.7,0.69,0.15,0.04,0.2,16.8,0,0,0,2.4,1.9,0.08,-1.4,-0.9,FRA-Ligue 1,2022,shooting
FRA,"MF,FW",18,2003,20.8,4,61,21,34.4,2.93,1.01,0.07,0.19,18.7,3,0,0,4.9,4.9,0.08,-0.9,-0.9,FRA-Ligue 1,2022,shooting
FRA,MF,24,1998,3.3,0,5,2,40.0,1.5,0.6,0.0,0.0,23.6,0,0,0,0.2,0.2,0.03,-0.2,-0.2,FRA-Ligue 1,2022,shooting
FRA,GK,34,1987,6.7,0,0,0,,0.0,0.0,,,,0,0,0,0.0,0.0,,0.0,0.0,FRA-Ligue 1,2022,shooting
FRA,DF,17,2005,14.7,0,9,2,22.2,0.61,0.14,0.0,0.0,21.9,0,0,0,0.4,0.4,0.05,-0.4,-0.4,FRA-Ligue 1,2022,shooting
CIV,DF,21,2001,21.7,0,10,2,20.0,0.46,0.09,0.0,0.0,12.6,0,0,0,0.8,0.8,0.08,-0.8,-0.8,FRA-Ligue 1,2022,shooting
BRA,"FW,MF",22,2000,12.3,6,30,13,43.3,2.44,1.06,0.2,0.46,16.5,1,0,0,4.2,4.2,0.14,1.8,1.8,FRA-Ligue 1,2022,shooting
BRA,"MF,DF",30,1992,22.9,1,14,4,28.6,0.61,0.17,0.07,0.25,25.1,2,0,0,0.7,0.7,0.05,0.3,0.3,FRA-Ligue 1,2022,shooting
CHI,"FW,MF",33,1988,29.8,14,63,29,46.0,2.12,0.97,0.19,0.41,15.2,5,2,3,12.6,10.2,0.17,1.4,1.8,FRA-Ligue 1,2022,shooting
MAR,"MF,FW",25,1997,5.7,0,6,3,50.0,1.05,0.52,0.0,0.0,18.7,0,0,0,0.5,0.5,0.08,-0.5,-0.5,FRA-Ligue 1,2022,shooting
POL,FW,28,1994,1.4,0,1,0,0.0,0.7,0.0,0.0,,7.8,0,0,0,0.1,0.1,0.14,-0.1,-0.1,FRA-Ligue 1,2022,shooting
MAR,"MF,FW",22,2000,1.3,1,3,2,66.7,2.23,1.49,0.33,0.5,21.0,1,0,0,0.7,0.7,0.22,0.3,0.3,FRA-Ligue 1,2022,shooting
SEN,"FW,MF",22,2000,2.2,1,11,5,45.5,5.1,2.32,0.09,0.2,12.5,0,0,0,1.5,1.5,0.14,-0.5,-0.5,FRA-Ligue 1,2022,shooting
TUR,"MF,DF",25,1997,27.7,5,70,23,32.9,2.53,0.83,0.06,0.17,17.1,2,1,1,8.3,7.5,0.11,-3.3,-3.5,FRA-Ligue 1,2022,shooting
COD,DF,27,1994,31.7,5,27,9,33.3,0.85,0.28,0.19,0.56,11.0,0,0,0,3.1,3.1,0.11,1.9,1.9,FRA-Ligue 1,2022,shooting
COD,MF,31,1991,0.7,0,0,0,,0.0,0.0,,,,0,0,0,0.0,0.0,,0.0,0.0,FRA-Ligue 1,2022,shooting
FRA,"MF,FW",35,1987,9.3,4,27,7,25.9,2.91,0.75,0.11,0.43,20.6,1,1,1,3.0,2.2,0.08,1.0,0.8,FRA-Ligue 1,2022,shooting
CRO,DF,25,1996,0.1,0,0,0,,0.0,0.0,,,,0,0,0,0.0,0.0,,0.0,0.0,FRA-Ligue 1,2022,shooting
CIV,DF,28,1994,6.0,0,3,0,0.0,0.5,0.0,0.0,,13.0,0,0,0,0.2,0.2,0.06,-0.2,-0.2,FRA-Ligue 1,2022,shooting
CMR,MF,18,2004,0.1,0,0,0,,0.0,0.0,,,,0,0,0,0.0,0.0,,0.0,0.0,FRA-Ligue 1,2022,shooting
BRA,MF,25,1997,4.6,2,9,6,66.7,1.94,1.29,0.22,0.33,15.8,0,0,0,0.8,0.8,0.09,1.2,1.2,FRA-Ligue 1,2022,shooting
BFA,DF,21,2001,11.4,1,8,3,37.5,0.7,0.26,0.13,0.33,16.2,0,0,0,0.9,0.9,0.11,0.1,0.1,FRA-Ligue 1,2022,shooting
FRA,DF,29,1992,28.8,2,48,12,25.0,1.67,0.42,0.04,0.17,17.5,0,0,0,4.2,4.2,0.09,-2.2,-2.2,FRA-Ligue 1,2022,shooting
FRA,MF,29,1993,31.8,4,30,9,30.0,0.94,0.28,0.1,0.33,20.5,1,1,1,3.9,3.1,0.1,0.1,-0.1,FRA-Ligue 1,2022,shooting
ARG,DF,23,1999,29.3,0,11,0,0.0,0.38,0.0,0.0,,10.2,0,0,0,1.3,1.3,0.12,-1.3,-1.3,FRA-Ligue 1,2022,shooting
COL,FW,24,1997,3.3,3,16,7,43.8,4.91,2.15,0.19,0.43,12.6,0,0,0,2.4,2.4,0.15,0.6,0.6,FRA-Ligue 1,2022,shooting
FRA,MF,23,1999,23.4,2,24,5,20.8,1.02,0.21,0.04,0.2,16.4,0,1,1,3.3,2.5,0.11,-1.3,-1.5,FRA-Ligue 1,2022,shooting
POR,"DF,MF",22,2000,26.1,6,65,17,26.2,2.49,0.65,0.09,0.35,19.4,0,0,0,4.5,4.5,0.07,1.5,1.5,FRA-Ligue 1,2022,shooting
SEN,"MF,DF",23,1999,5.5,1,8,4,50.0,1.46,0.73,0.13,0.25,16.8,0,0,0,0.7,0.7,0.09,0.3,0.3,FRA-Ligue 1,2022,shooting
ESP,GK,27,1994,32.5,0,0,0,,0.0,0.0,,,,0,0,0,0.0,0.0,,0.0,0.0,FRA-Ligue 1,2022,shooting
ESP,GK,27,1995,5.5,0,0,0,,0.0,0.0,,,,0,0,0,0.0,0.0,,0.0,0.0,FRA-Ligue 1,2022,shooting
UKR,"MF,FW",29,1993,13.6,1,35,7,20.0,2.57,0.51,0.03,0.14,24.3,6,0,0,2.3,2.3,0.06,-1.3,-1.3,FRA-Ligue 1,2022,shooting
FRA,MF,19,2003,0.0,0,0,0,,0.0,0.0,,,,0,0,0,0.0,0.0,,0.0,0.0,FRA-Ligue 1,2022,shooting
FRA,DF,28,1993,20.9,2,12,3,25.0,0.57,0.14,0.17,0.67,8.0,0,0,0,2.6,2.6,0.21,-0.6,-0.6,FRA-Ligue 1,2022,shooting
BIH,DF,29,1993,24.6,4,22,9,40.9,0.89,0.37,0.18,0.44,9.7,0,0,0,4.1,4.1,0.19,-0.1,-0.1,FRA-Ligue 1,2022,shooting
FRA,DF,19,2003,0.8,0,0,0,,0.0,0.0,,,,0,0,0,0.0,0.0,,0.0,0.0,FRA-Ligue 1,2022,shooting
FRA,MF,27,1994,33.7,1,22,4,18.2,0.65,0.12,0.05,0.25,20.0,0,0,0,1.7,1.7,0.08,-0.7,-0.7,FRA-Ligue 1,2022,shooting
POR,FW,22,2000,5.2,2,25,9,36.0,4.85,1.75,0.08,0.22,12.6,0,0,0,4.0,4.0,0.16,-2.0,-2.0,FRA-Ligue 1,2022,shooting
RUS,"MF,FW",26,1996,27.4,8,49,25,51.0,1.79,0.91,0.16,0.32,19.0,2,0,0,5.3,5.3,0.11,2.7,2.7,FRA-Ligue 1,2022,shooting
GER,GK,25,1996,38.0,0,0,0,,0.0,0.0,,,,0,0,0,0.0,0.0,,0.0,0.0,FRA-Ligue 1,2022,shooting
FRA,DF,24,1998,37.0,3,28,9,32.1,0.76,0.24,0.11,0.33,15.4,0,0,1,3.8,3.0,0.11,-0.8,0.0,FRA-Ligue 1,2022,shooting
FRA,DF,21,2001,9.3,2,5,3,60.0,0.54,0.32,0.4,0.67,16.0,0,0,0,0.6,0.6,0.13,1.4,1.4,FRA-Ligue 1,2022,shooting
SUI,FW,25,1997,20.7,12,40,20,50.0,1.94,0.97,0.3,0.6,10.9,0,0,1,8.5,7.6,0.19,3.5,4.4,FRA-Ligue 1,2022,shooting
BRA,DF,25,1997,32.2,1,10,6,60.0,0.31,0.19,0.1,0.17,21.1,2,0,0,0.7,0.7,0.07,0.3,0.3,FRA-Ligue 1,2022,shooting
FRA,DF,20,2002,5.0,0,3,2,66.7,0.61,0.4,0.0,0.0,8.0,0,0,0,0.7,0.7,0.22,-0.7,-0.7,FRA-Ligue 1,2022,shooting
FRA,"DF,FW",17,2004,2.5,1,6,2,33.3,2.42,0.81,0.17,0.5,15.6,0,0,0,1.2,1.2,0.2,-0.2,-0.2,FRA-Ligue 1,2022,shooting
MAR,"FW,MF",17,2005,11.7,4,21,8,38.1,1.8,0.68,0.19,0.5,18.6,0,0,0,1.9,1.9,0.09,2.1,2.1,FRA-Ligue 1,2022,shooting
BEL,MF,20,2002,13.1,1,4,3,75.0,0.31,0.23,0.25,0.33,22.9,0,0,0,0.2,0.2,0.05,0.8,0.8,FRA-Ligue 1,2022,shooting
POR,"MF,FW",27,1995,3.8,0,12,3,25.0,3.13,0.78,0.0,0.0,15.9,0,0,0,0.8,0.8,0.06,-0.8,-0.8,FRA-Ligue 1,2022,shooting
CHI,DF,28,1994,24.0,3,16,6,37.5,0.67,0.25,0.19,0.5,10.7,0,0,0,1.6,1.6,0.1,1.4,1.4,FRA-Ligue 1,2022,shooting
SEN,"DF,FW",22,1999,12.4,0,14,6,42.9,1.13,0.48,0.0,0.0,15.2,1,0,0,1.0,1.0,0.07,-1.0,-1.0,FRA-Ligue 1,2022,shooting
BRA,MF,24,1998,3.2,0,5,3,60.0,1.55,0.93,0.0,0.0,18.3,0,0,0,0.6,0.6,0.12,-0.6,-0.6,FRA-Ligue 1,2022,shooting
GER,"FW,MF",30,1992,7.1,3,15,7,46.7,2.11,0.99,0.2,0.43,15.6,0,0,0,1.7,1.7,0.12,1.3,1.3,FRA-Ligue 1,2022,shooting
SEN,"MF,FW",23,1999,23.0,4,40,18,45.0,1.74,0.78,0.1,0.22,15.2,0,0,0,4.6,4.6,0.12,-0.6,-0.6,FRA-Ligue 1,2022,shooting
FRA,"MF,FW",20,2002,4.5,0,5,2,40.0,1.12,0.45,0.0,0.0,14.9,0,0,0,0.5,0.5,0.09,-0.5,-0.5,FRA-Ligue 1,2022,shooting
FRA,DF,23,1999,8.0,0,1,0,0.0,0.13,0.0,0.0,,12.5,0,0,0,0.0,0.0,0.02,0.0,0.0,FRA-Ligue 1,2022,shooting
MLI,MF,22,2000,24.4,0,27,6,22.2,1.11,0.25,0.0,0.0,28.4,0,0,0,1.0,1.0,0.04,-1.0,-1.0,FRA-Ligue 1,2022,shooting
NED,FW,21,2001,3.3,3,7,5,71.4,2.14,1.53,0.43,0.6,11.5,0,0,0,2.6,2.6,0.37,0.4,0.4,FRA-Ligue 1,2022,shooting
FRA,DF,29,1993,13.0,0,4,2,50.0,0.31,0.15,0.0,0.0,17.5,0,0,0,0.2,0.2,0.06,-0.2,-0.2,FRA-Ligue 1,2022,shooting
FRA,MF,22,2000,0.7,1,2,1,50.0,2.77,1.38,0.5,1.0,10.5,0,0,0,1.0,1.0,0.5,0.0,0.0,FRA-Ligue 1,2022,shooting
FRA,MF,18,2003,0.9,0,0,0,,0.0,0.0,,,,0,0,0,0.0,0.0,,0.0,0.0,FRA-Ligue 1,2022,shooting
JPN,"MF,FW",27,1995,8.0,1,22,8,36.4,2.73,0.99,0.05,0.13,16.4,1,0,0,1.9,1.9,0.08,-0.9,-0.9,FRA-Ligue 1,2022,shooting
BRA,"DF,MF",21,2001,24.6,1,26,8,30.8,1.06,0.33,0.04,0.13,19.5,0,0,0,2.4,2.4,0.09,-1.4,-1.4,FRA-Ligue 1,2022,shooting
FRA,FW,31,1990,23.5,19,66,36,54.5,2.81,1.53,0.21,0.39,14.2,3,5,6,17.4,12.7,0.19,1.6,1.3,FRA-Ligue 1,2022,shooting
FRA,MF,23,1999,34.3,2,42,10,23.8,1.22,0.29,0.05,0.2,22.9,1,0,0,2.8,2.8,0.07,-0.8,-0.8,FRA-Ligue 1,2022,shooting
FRA,FW,24,1998,26.7,9,59,24,40.7,2.21,0.9,0.15,0.38,16.1,0,0,0,6.5,6.5,0.11,2.5,2.5,FRA-Ligue 1,2022,shooting
FRA,"DF,FW",30,1992,4.0,0,1,0,0.0,0.25,0.0,0.0,,20.7,0,0,0,0.1,0.1,0.06,-0.1,-0.1,FRA-Ligue 1,2022,shooting
FRA,"FW,MF",17,2005,0.3,0,0,0,,0.0,0.0,,,,0,0,0,0.0,0.0,,0.0,0.0,FRA-Ligue 1,2022,shooting
FRA,GK,31,1991,19.0,0,0,0,,0.0,0.0,,,,0,0,0,0.0,0.0,,0.0,0.0,FRA-Ligue 1,2022,shooting
SEN,GK,25,1996,4.5,0,0,0,,0.0,0.0,,,,0,0,0,0.0,0.0,,0.0,0.0,FRA-Ligue 1,2022,shooting
MLI,DF,25,1997,14.0,0,11,3,27.3,0.79,0.21,0.0,0.0,11.5,0,0,0,0.7,0.7,0.06,-0.7,-0.7,FRA-Ligue 1,2022,shooting
CGO,"FW,MF",19,2002,2.2,0,6,1,16.7,2.73,0.45,0.0,0.0,13.9,0,0,0,0.8,0.8,0.14,-0.8,-0.8,FRA-Ligue 1,2022,shooting
SEN,FW,23,1999,0.4,0,0,0,,0.0,0.0,,,,0,0,0,0.0,0.0,,0.0,0.0,FRA-Ligue 1,2022,shooting
FRA,DF,29,1993,29.9,0,17,2,11.8,0.57,0.07,0.0,0.0,8.6,0,0,0,2.0,2.0,0.12,-2.0,-2.0,FRA-Ligue 1,2022,shooting
FRA,FW,19,2003,27.9,19,62,36,58.1,2.22,1.29,0.29,0.5,14.5,1,1,1,12.2,11.4,0.18,6.8,6.6,FRA-Ligue 1,2022,shooting
CMR,DF,19,2002,12.2,1,4,2,50.0,0.33,0.16,0.25,0.5,18.8,0,0,0,0.4,0.4,0.09,0.6,0.6,FRA-Ligue 1,2022,shooting
FRA,"FW,DF",24,1998,21.4,5,34,12,35.3,1.59,0.56,0.15,0.42,20.1,1,0,0,3.3,3.3,0.1,1.7,1.7,FRA-Ligue 1,2022,shooting
MLI,DF,27,1995,28.7,1,6,2,33.3,0.21,0.07,0.17,0.5,16.7,0,0,0,0.8,0.8,0.13,0.2,0.2,FRA-Ligue 1,2022,shooting
GUI,DF,28,1994,14.5,1,10,1,10.0,0.69,0.07,0.1,1.0,14.8,0,0,0,0.8,0.8,0.08,0.2,0.2,FRA-Ligue 1,2022,shooting
SUI,GK,28,1994,13.0,0,0,0,,0.0,0.0,,,,0,0,0,0.0,0.0,,0.0,0.0,FRA-Ligue 1,2022,shooting
FRA,MF,30,1992,30.4,1,14,2,14.3,0.46,0.07,0.07,0.5,24.1,0,0,0,0.8,0.8,0.06,0.2,0.2,FRA-Ligue 1,2022,shooting
FRA,MF,20,2001,27.3,0,12,1,8.3,0.44,0.04,0.0,0.0,27.2,0,0,0,0.6,0.6,0.05,-0.6,-0.6,FRA-Ligue 1,2022,shooting
FRA,MF,18,2004,8.0,0,8,3,37.5,1.0,0.38,0.0,0.0,21.8,0,0,0,0.5,0.5,0.06,-0.5,-0.5,FRA-Ligue 1,2022,shooting
FRA,MF,22,2000,13.2,0,18,6,33.3,1.36,0.45,0.0,0.0,20.6,1,0,0,1.1,1.1,0.06,-1.1,-1.1,FRA-Ligue 1,2022,shooting
FRA,DF,32,1990,8.5,1,3,2,66.7,0.35,0.24,0.33,0.5,6.1,0,0,0,0.5,0.5,0.18,0.5,0.5,FRA-Ligue 1,2022,shooting
POR,GK,23,1999,1.5,0,0,0,,0.0,0.0,,,,0,0,0,0.0,0.0,,0.0,0.0,FRA-Ligue 1,2022,shooting
FRA,DF,20,2002,18.3,0,6,0,0.0,0.33,0.0,0.0,,9.5,0,0,0,0.6,0.6,0.09,-0.6,-0.6,FRA-Ligue 1,2022,shooting
FRA,DF,23,1999,14.2,2,7,4,57.1,0.49,0.28,0.29,0.5,10.0,0,0,0,1.4,1.4,0.2,0.6,0.6,FRA-Ligue 1,2022,shooting
POR,DF,31,1990,0.1,0,0,0,,0.0,0.0,,,,0,0,0,0.0,0.0,,0.0,0.0,FRA-Ligue 1,2022,shooting
FRA,"FW,MF",20,2002,0.2,1,2,1,50.0,9.0,4.5,0.5,1.0,20.4,0,0,0,0.1,0.1,0.03,0.9,0.9,FRA-Ligue 1,2022,shooting
ENG,FW,24,1998,14.3,4,37,15,40.5,2.59,1.05,0.11,0.27,16.8,0,0,0,4.3,4.3,0.12,-0.3,-0.3,FRA-Ligue 1,2022,shooting
FRA,DF,21,2001,0.1,0,0,0,,0.0,0.0,,,,0,0,0,0.0,0.0,,0.0,0.0,FRA-Ligue 1,2022,shooting
FRA,DF,23,1998,5.9,1,3,2,66.7,0.51,0.34,0.33,0.5,20.5,0,0,0,0.4,0.4,0.14,0.6,0.6,FRA-Ligue 1,2022,shooting
FRA,MF,30,1991,28.3,12,58,24,41.4,2.05,0.85,0.1,0.25,27.0,19,6,6,8.6,3.8,0.07,3.4,2.2,FRA-Ligue 1,2022,shooting
FRA,"FW,MF",32,1990,7.6,2,19,6,31.6,2.49,0.78,0.11,0.33,12.7,0,0,0,2.5,2.5,0.13,-0.5,-0.5,FRA-Ligue 1,2022,shooting
TUN,"FW,MF",31,1991,18.2,4,38,16,42.1,2.09,0.88,0.11,0.25,22.2,0,0,0,4.1,4.1,0.11,-0.1,-0.1,FRA-Ligue 1,2022,shooting
FRA,"FW,MF",28,1994,0.9,0,1,1,100.0,1.15,1.15,0.0,0.0,19.3,0,0,0,0.1,0.1,0.09,-0.1,-0.1,FRA-Ligue 1,2022,shooting
FRA,GK,23,1999,37.0,0,0,0,,0.0,0.0,,,,0,0,0,0.0,0.0,,0.0,0.0,FRA-Ligue 1,2022,shooting
BRA,"DF,MF",30,1992,35.0,1,27,6,22.2,0.77,0.17,0.04,0.17,17.2,2,0,0,1.7,1.7,0.06,-0.7,-0.7,FRA-Ligue 1,2022,shooting
ALG,FW,30,1991,5.2,0,18,10,55.6,3.45,1.92,0.0,0.0,16.1,2,0,0,2.5,2.5,0.14,-2.5,-2.5,FRA-Ligue 1,2022,shooting
MLI,DF,30,1992,5.4,0,0,0,,0.0,0.0,,,,0,0,0,0.0,0.0,,0.0,0.0,FRA-Ligue 1,2022,shooting
FRA,"DF,MF",30,1992,8.8,0,5,1,20.0,0.57,0.11,0.0,0.0,19.3,0,0,0,0.4,0.4,0.08,-0.4,-0.4,FRA-Ligue 1,2022,shooting
CIV,"FW,MF",21,2001,14.0,3,22,12,54.5,1.57,0.86,0.14,0.25,12.1,0,0,0,2.6,2.6,0.12,0.4,0.4,FRA-Ligue 1,2022,shooting
FRA,DF,26,1996,18.8,0,14,0,0.0,0.75,0.0,0.0,,23.0,0,0,0,0.7,0.7,0.05,-0.7,-0.7,FRA-Ligue 1,2022,shooting
FRA,MF,30,1991,12.1,1,22,9,40.9,1.82,0.74,0.05,0.11,23.2,5,0,0,1.2,1.2,0.06,-0.2,-0.2,FRA-Ligue 1,2022,shooting
BRA,"DF,MF",32,1990,2.5,0,3,2,66.7,1.21,0.8,0.0,0.0,13.9,0,0,0,0.2,0.2,0.07,-0.2,-0.2,FRA-Ligue 1,2022,shooting
CMR,"FW,MF",23,1999,16.9,5,33,14,42.4,1.95,0.83,0.15,0.36,13.0,0,0,0,3.7,3.7,0.11,1.3,1.3,FRA-Ligue 1,2022,shooting
ALG,DF,19,2003,8.9,0,6,3,50.0,0.67,0.34,0.0,0.0,30.3,0,0,0,0.2,0.2,0.03,-0.2,-0.2,FRA-Ligue 1,2022,shooting
CMR,DF,27,1995,28.5,0,9,3,33.3,0.32,0.11,0.0,0.0,13.4,0,0,0,0.7,0.7,0.08,-0.7,-0.7,FRA-Ligue 1,2022,shooting
BRA,DF,24,1998,9.4,0,2,0,0.0,0.21,0.0,0.0,,15.7,0,0,0,0.1,0.1,0.06,-0.1,-0.1,FRA-Ligue 1,2022,shooting
FRA,"MF,FW",19,2002,1.0,0,1,1,100.0,0.99,0.99,0.0,0.0,16.2,0,0,0,0.1,0.1,0.05,-0.1,-0.1,FRA-Ligue 1,2022,shooting
FRA,"MF,FW",24,1997,31.3,7,95,32,33.7,3.04,1.02,0.05,0.16,21.5,4,2,4,9.3,6.4,0.07,-2.3,-1.4,FRA-Ligue 1,2022,shooting
FRA,"FW,MF",26,1996,7.1,1,7,1,14.3,0.98,0.14,0.14,1.0,13.6,0,0,0,1.1,1.1,0.16,-0.1,-0.1,FRA-Ligue 1,2022,shooting
FRA,FW,20,2002,0.4,0,1,0,0.0,2.5,0.0,0.0,,26.1,0,0,0,0.1,0.1,0.12,-0.1,-0.1,FRA-Ligue 1,2022,shooting
NGA,"FW,MF",27,1995,26.1,5,32,9,28.1,1.23,0.35,0.13,0.44,18.3,1,1,1,4.6,3.6,0.11,0.4,0.4,FRA-Ligue 1,2022,shooting
EGY,FW,24,1997,21.5,8,58,24,41.4,2.69,1.11,0.14,0.33,14.2,0,0,0,7.3,7.3,0.13,0.7,0.7,FRA-Ligue 1,2022,shooting
FRA,MF,32,1989,21.3,2,17,4,23.5,0.8,0.19,0.12,0.5,16.3,0,0,0,2.4,2.4,0.14,-0.4,-0.4,FRA-Ligue 1,2022,shooting
FRA,DF,17,2005,0.7,0,0,0,,0.0,0.0,,,,0,0,0,0.0,0.0,,0.0,0.0,FRA-Ligue 1,2022,shooting
FRA,DF,34,1987,24.6,1,9,3,33.3,0.37,0.12,0.11,0.33,12.9,0,0,0,1.2,1.2,0.13,-0.2,-0.2,FRA-Ligue 1,2022,shooting
ESP,MF,25,1997,22.5,0,16,5,31.3,0.71,0.22,0.0,0.0,22.2,0,0,0,0.8,0.8,0.05,-0.8,-0.8,FRA-Ligue 1,2022,shooting
FRA,DF,20,2002,19.9,1,15,4,26.7,0.75,0.2,0.07,0.25,22.8,1,0,0,0.8,0.8,0.05,0.2,0.2,FRA-Ligue 1,2022,shooting
FRA,GK,26,1996,1.0,0,0,0,,0.0,0.0,,,,0,0,0,0.0,0.0,,0.0,0.0,FRA-Ligue 1,2022,shooting
COD,MF,25,1996,26.7,0,22,5,22.7,0.83,0.19,0.0,0.0,16.8,0,0,0,1.7,1.7,0.08,-1.7,-1.7,FRA-Ligue 1,2022,shooting
FRA,"DF,MF",18,2004,0.7,0,3,0,0.0,4.09,0.0,0.0,,26.5,0,0,0,0.1,0.1,0.02,-0.1,-0.1,FRA-Ligue 1,2022,shooting
FRA,DF,31,1990,8.7,0,5,2,40.0,0.57,0.23,0.0,0.0,27.4,1,0,0,0.2,0.2,0.03,-0.2,-0.2,FRA-Ligue 1,2022,shooting
WAL,MF,31,1990,17.6,1,22,6,27.3,1.25,0.34,0.05,0.17,15.3,1,0,0,2.5,2.5,0.11,-1.5,-1.5,FRA-Ligue 1,2022,shooting
FRA,"MF,DF",21,2001,6.1,0,9,3,33.3,1.49,0.5,0.0,0.0,24.5,1,0,0,0.5,0.5,0.05,-0.5,-0.5,FRA-Ligue 1,2022,shooting
FRA,FW,24,1998,0.7,0,2,0,0.0,2.81,0.0,0.0,,24.0,0,0,0,0.1,0.1,0.04,-0.1,-0.1,FRA-Ligue 1,2022,shooting
ALG,"FW,MF",22,2000,2.5,0,5,2,40.0,1.99,0.8,0.0,0.0,12.5,0,0,0,0.6,0.6,0.12,-0.6,-0.6,FRA-Ligue 1,2022,shooting
FRA,MF,17,2005,0.0,0,0,0,,0.0,0.0,,,,0,0,0,0.0,0.0,,0.0,0.0,FRA-Ligue 1,2022,shooting
ALG,FW,30,1991,8.7,6,23,8,34.8,2.65,0.92,0.13,0.38,16.4,1,3,3,5.4,3.0,0.13,0.6,0.0,FRA-Ligue 1,2022,shooting
SEN,DF,18,2004,5.8,0,8,2,25.0,1.39,0.35,0.0,0.0,16.3,0,0,0,0.3,0.3,0.04,-0.3,-0.3,FRA-Ligue 1,2022,shooting
MAR,"DF,FW",18,2004,3.3,0,1,0,0.0,0.31,0.0,0.0,,20.4,0,0,0,0.0,0.0,0.01,0.0,0.0,FRA-Ligue 1,2022,shooting
ALG,"FW,MF",17,2004,9.6,0,24,10,41.7,2.5,1.04,0.0,0.0,21.1,1,0,0,1.7,1.7,0.07,-1.7,-1.7,FRA-Ligue 1,2022,shooting
ALG,"FW,MF",22,2000,8.9,3,20,6,30.0,2.25,0.68,0.15,0.5,24.3,0,0,0,1.0,1.0,0.05,2.0,2.0,FRA-Ligue 1,2022,shooting
NED,FW,23,1998,2.4,0,3,1,33.3,1.27,0.42,0.0,0.0,20.1,0,0,0,0.3,0.3,0.09,-0.3,-0.3,FRA-Ligue 1,2022,shooting
BRA,DF,38,1983,36.7,1,23,5,21.7,0.63,0.14,0.04,0.2,13.8,0,0,0,1.5,1.5,0.07,-0.5,-0.5,FRA-Ligue 1,2022,shooting
AUT,DF,21,2001,1.0,0,0,0,,0.0,0.0,,,,0,0,0,0.0,0.0,,0.0,0.0,FRA-Ligue 1,2022,shooting
FRA,FW,28,1994,27.8,13,74,39,52.7,2.66,1.4,0.18,0.33,15.7,1,0,1,11.8,11.0,0.15,1.2,2.0,FRA-Ligue 1,2022,shooting
ALG,MF,22,1999,20.8,1,21,9,42.9,1.01,0.43,0.05,0.11,23.8,0,0,0,0.9,0.9,0.04,0.1,0.1,FRA-Ligue 1,2022,shooting
FRA,DF,22,1999,31.9,0,14,4,28.6,0.44,0.13,0.0,0.0,13.4,0,0,0,0.8,0.8,0.06,-0.8,-0.8,FRA-Ligue 1,2022,shooting
ENG,"MF,DF",28,1993,2.0,0,1,0,0.0,0.51,0.0,0.0,,18.9,0,0,0,0.0,0.0,0.03,0.0,0.0,FRA-Ligue 1,2022,shooting
SUI,DF,23,1998,27.3,0,13,5,38.5,0.48,0.18,0.0,0.0,19.8,0,0,0,0.9,0.9,0.07,-0.9,-0.9,FRA-Ligue 1,2022,shooting
DEN,GK,35,1986,36.0,0,0,0,,0.0,0.0,,,,0,0,0,0.0,0.0,,0.0,0.0,FRA-Ligue 1,2022,shooting
FRA,MF,21,2001,28.3,2,38,9,23.7,1.34,0.32,0.05,0.22,18.4,0,0,0,3.2,3.2,0.08,-1.2,-1.2,FRA-Ligue 1,2022,shooting
POL,GK,22,1999,2.0,0,0,0,,0.0,0.0,,,,0,0,0,0.0,0.0,,0.0,0.0,FRA-Ligue 1,2022,shooting
GAB,"MF,DF",28,1993,9.3,0,6,3,50.0,0.64,0.32,0.0,0.0,20.1,0,0,0,0.3,0.3,0.05,-0.3,-0.3,FRA-Ligue 1,2022,shooting
ITA,DF,20,2002,7.0,1,2,1,50.0,0.28,0.14,0.5,1.0,7.8,0,0,0,0.1,0.1,0.05,0.9,0.9,FRA-Ligue 1,2022,shooting
FRA,DF,21,2000,27.3,0,7,2,28.6,0.26,0.07,0.0,0.0,15.4,0,0,0,0.5,0.5,0.07,-0.5,-0.5,FRA-Ligue 1,2022,shooting
CIV,"FW,MF",27,1995,16.6,6,46,17,37.0,2.77,1.02,0.07,0.18,17.6,2,3,3,8.1,5.8,0.13,-2.1,-2.8,FRA-Ligue 1,2022,shooting
NED,"MF,DF",25,1997,19.6,0,10,2,20.0,0.51,0.1,0.0,0.0,16.3,0,0,0,0.9,0.9,0.09,-0.9,-0.9,FRA-Ligue 1,2022,shooting
ROU,"MF,FW",19,2003,1.6,0,4,0,0.0,2.43,0.0,0.0,,16.8,0,0,0,0.3,0.3,0.07,-0.3,-0.3,FRA-Ligue 1,2022,shooting
MAR,MF,18,2004,2.0,0,1,0,0.0,0.49,0.0,0.0,,21.9,0,0,0,0.1,0.1,0.09,-0.1,-0.1,FRA-Ligue 1,2022,shooting
ENG,"MF,FW",28,1993,10.7,4,38,17,44.7,3.56,1.59,0.11,0.24,19.7,3,0,0,4.3,4.3,0.11,-0.3,-0.3,FRA-Ligue 1,2022,shooting
FRA,"MF,FW",22,2000,13.6,1,28,9,32.1,2.05,0.66,0.04,0.11,20.0,1,0,0,2.6,2.6,0.09,-1.6,-1.6,FRA-Ligue 1,2022,shooting
NGA,FW,23,1999,14.8,6,44,18,40.9,2.98,1.22,0.14,0.33,14.9,0,0,0,8.3,8.3,0.19,-2.3,-2.3,FRA-Ligue 1,2022,shooting
FRA,MF,21,2001,0.0,0,0,0,,0.0,0.0,,,,0,0,0,0.0,0.0,,0.0,0.0,FRA-Ligue 1,2022,shooting
ALG,"DF,MF",26,1996,8.7,1,12,5,41.7,1.39,0.58,0.08,0.2,17.3,0,0,0,1.0,1.0,0.09,0.0,0.0,FRA-Ligue 1,2022,shooting
BDI,"MF,DF",23,1998,6.3,1,8,4,50.0,1.27,0.63,0.13,0.25,18.2,0,0,0,0.5,0.5,0.06,0.5,0.5,FRA-Ligue 1,2022,shooting
MAR,"DF,MF",23,1998,22.8,5,18,9,50.0,0.79,0.39,0.28,0.56,14.9,0,0,0,3.8,3.8,0.21,1.2,1.2,FRA-Ligue 1,2022,shooting
FRA,GK,31,1990,0.1,0,0,0,,0.0,0.0,,,,0,0,0,0.0,0.0,,0.0,0.0,FRA-Ligue 1,2022,shooting
ESP,MF,25,1997,13.2,3,10,6,60.0,0.76,0.45,0.3,0.5,15.2,0,0,0,1.6,1.6,0.16,1.4,1.4,FRA-Ligue 1,2022,shooting
POR,"DF,MF",30,1991,26.8,2,22,5,22.7,0.82,0.19,0.09,0.4,12.7,0,0,0,2.3,2.3,0.11,-0.3,-0.3,FRA-Ligue 1,2022,shooting
FRA,DF,17,2005,6.5,0,0,0,,0.0,0.0,,,,0,0,0,0.0,0.0,,0.0,0.0,FRA-Ligue 1,2022,shooting
ESP,MF,26,1996,21.0,3,26,9,34.6,1.24,0.43,0.12,0.33,18.2,0,0,0,2.8,2.8,0.11,0.2,0.2,FRA-Ligue 1,2022,shooting
ITA,GK,23,1999,37.9,0,0,0,,0.0,0.0,,,,0,0,0,0.0,0.0,,0.0,0.0,FRA-Ligue 1,2022,shooting
FRA,FW,20,2002,12.8,3,34,12,35.3,2.65,0.94,0.09,0.25,14.8,0,0,0,3.7,3.7,0.11,-0.7,-0.7,FRA-Ligue 1,2022,shooting
FRA,FW,17,2005,0.1,0,0,0,,0.0,0.0,,,,0,0,0,0.0,0.0,,0.0,0.0,FRA-Ligue 1,2022,shooting
ESP,"MF,FW",18,2004,0.6,0,3,1,33.3,4.66,1.55,0.0,0.0,21.3,0,0,0,0.2,0.2,0.07,-0.2,-0.2,FRA-Ligue 1,2022,shooting
ESP,"DF,MF",29,1993,18.3,1,7,6,85.7,0.38,0.33,0.14,0.17,11.4,0,0,0,0.9,0.9,0.12,0.1,0.1,FRA-Ligue 1,2022,shooting
FRA,FW,23,1998,31.3,29,144,73,50.7,4.6,2.33,0.18,0.36,15.9,1,3,5,26.3,22.2,0.15,2.7,3.8,FRA-Ligue 1,2022,shooting
ARG,MF,28,1994,0.6,0,0,0,,0.0,0.0,,,,0,0,0,0.0,0.0,,0.0,0.0,FRA-Ligue 1,2022,shooting
ARG,"FW,MF",35,1987,31.5,16,129,55,42.6,4.09,1.74,0.12,0.29,18.3,20,0,0,15.5,15.5,0.12,0.5,0.5,FRA-Ligue 1,2022,shooting
ITA,MF,29,1992,24.4,0,8,4,50.0,0.33,0.16,0.0,0.0,17.8,0,0,0,0.8,0.8,0.1,-0.8,-0.8,FRA-Ligue 1,2022,shooting
BRA,DF,28,1994,30.2,2,18,4,22.2,0.6,0.13,0.11,0.5,9.2,0,0,0,2.1,2.1,0.11,-0.1,-0.1,FRA-Ligue 1,2022,shooting
BRA,"MF,FW",30,1992,17.2,13,36,18,50.0,2.1,1.05,0.31,0.61,16.8,6,2,2,8.1,6.5,0.18,4.9,4.5,FRA-Ligue 1,2022,shooting
FRA,DF,24,1997,12.6,0,11,2,18.2,0.87,0.16,0.0,0.0,11.6,0,0,0,1.0,1.0,0.09,-1.0,-1.0,FRA-Ligue 1,2022,shooting
POR,DF,20,2002,17.2,1,10,7,70.0,0.58,0.41,0.1,0.14,13.7,0,0,0,1.0,1.0,0.1,0.0,0.0,FRA-Ligue 1,2022,shooting
ESP,"FW,MF",30,1992,4.1,0,6,2,33.3,1.46,0.49,0.0,0.0,10.4,0,0,0,1.3,1.3,0.22,-1.3,-1.3,FRA-Ligue 1,2022,shooting
FRA,DF,26,1995,8.1,0,4,0,0.0,0.49,0.0,0.0,,6.3,0,0,0,0.7,0.7,0.17,-0.7,-0.7,FRA-Ligue 1,2022,shooting
POR,MF,24,1997,8.0,2,14,6,42.9,1.76,0.75,0.14,0.33,17.9,0,0,0,1.1,1.1,0.08,0.9,0.9,FRA-Ligue 1,2022,shooting
ESP,DF,36,1986,30.0,2,19,7,36.8,0.63,0.23,0.11,0.29,14.6,1,0,0,1.7,1.7,0.09,0.3,0.3,FRA-Ligue 1,2022,shooting
FRA,DF,19,2002,2.9,0,3,1,33.3,1.03,0.34,0.0,0.0,16.3,0,0,0,0.2,0.2,0.05,-0.2,-0.2,FRA-Ligue 1,2022,shooting
POR,MF,22,2000,27.2,2,31,11,35.5,1.14,0.4,0.06,0.18,20.5,0,0,0,3.0,3.0,0.1,-1.0,-1.0,FRA-Ligue 1,2022,shooting
FRA,"MF,DF",16,2006,10.3,2,9,4,44.4,0.87,0.39,0.22,0.5,17.1,0,0,0,1.4,1.4,0.16,0.6,0.6,FRA-Ligue 1,2022,shooting
FRA,"FW,MF",22,2000,22.0,4,53,20,37.7,2.41,0.91,0.08,0.2,24.1,9,0,0,3.9,3.9,0.07,0.1,0.1,FRA-Ligue 1,2022,shooting
GLP,DF,24,1998,11.5,0,8,1,12.5,0.69,0.09,0.0,0.0,18.3,1,0,0,0.8,0.8,0.1,-0.8,-0.8,FRA-Ligue 1,2022,shooting
KVX,"FW,MF",27,1995,11.1,0,31,6,19.4,2.79,0.54,0.0,0.0,20.8,5,0,0,2.1,2.1,0.07,-2.1,-2.1,FRA-Ligue 1,2022,shooting
NED,MF,24,1998,27.6,0,11,4,36.4,0.4,0.14,0.0,0.0,26.2,0,0,0,0.4,0.4,0.04,-0.4,-0.4,FRA-Ligue 1,2022,shooting
FRA,DF,20,2002,11.8,0,5,0,0.0,0.42,0.0,0.0,,22.3,0,0,0,0.2,0.2,0.04,-0.2,-0.2,FRA-Ligue 1,2022,shooting
FRA,DF,19,2003,7.6,0,3,1,33.3,0.4,0.13,0.0,0.0,19.4,0,0,0,0.2,0.2,0.07,-0.2,-0.2,FRA-Ligue 1,2022,shooting
SEN,MF,20,2002,15.3,0,18,4,22.2,1.17,0.26,0.0,0.0,23.3,0,0,0,0.9,0.9,0.05,-0.9,-0.9,FRA-Ligue 1,2022,shooting
MLI,FW,20,2001,1.0,0,1,1,100.0,0.99,0.99,0.0,0.0,26.1,0,0,0,0.0,0.0,0.03,0.0,0.0,FRA-Ligue 1,2022,shooting
CIV,DF,25,1997,26.5,0,22,3,13.6,0.83,0.11,0.0,0.0,15.8,0,0,0,1.7,1.7,0.08,-1.7,-1.7,FRA-Ligue 1,2022,shooting
SEN,DF,18,2004,0.4,0,0,0,,0.0,0.0,,,,0,0,0,0.0,0.0,,0.0,0.0,FRA-Ligue 1,2022,shooting
USA,FW,21,2001,33.3,21,121,50,41.3,3.63,1.5,0.12,0.3,15.2,2,6,7,26.6,21.0,0.18,-5.6,-6.0,FRA-Ligue 1,2022,shooting
GUI,DF,18,2003,1.5,0,1,1,100.0,0.69,0.69,0.0,0.0,7.5,0,0,0,0.2,0.2,0.2,-0.2,-0.2,FRA-Ligue 1,2022,shooting
SWE,MF,22,1999,17.0,3,27,7,25.9,1.59,0.41,0.11,0.43,19.5,0,0,0,1.5,1.5,0.06,1.5,1.5,FRA-Ligue 1,2022,shooting
JPN,FW,29,1993,32.4,6,42,17,40.5,1.3,0.52,0.14,0.35,15.3,0,0,0,5.7,5.7,0.14,0.3,0.3,FRA-Ligue 1,2022,shooting
NED,"FW,MF",24,1998,2.4,0,5,1,20.0,2.06,0.41,0.0,0.0,14.3,0,0,0,0.4,0.4,0.08,-0.4,-0.4,FRA-Ligue 1,2022,shooting
MLI,MF,19,2003,12.8,2,25,9,36.0,1.95,0.7,0.04,0.11,19.8,0,1,1,3.7,2.9,0.12,-1.7,-1.9,FRA-Ligue 1,2022,shooting
FRA,FW,16,2005,0.2,0,1,0,0.0,4.29,0.0,0.0,,18.9,0,0,0,0.0,0.0,0.03,0.0,0.0,FRA-Ligue 1,2022,shooting
ZIM,MF,26,1996,30.0,7,68,23,33.8,2.27,0.77,0.1,0.3,16.1,0,0,0,9.4,9.4,0.14,-2.4,-2.4,FRA-Ligue 1,2022,shooting
FRA,"MF,FW",18,2003,1.2,0,1,0,0.0,0.84,0.0,0.0,,25.5,0,0,0,0.1,0.1,0.07,-0.1,-0.1,FRA-Ligue 1,2022,shooting
BEL,DF,22,1999,11.6,0,3,0,0.0,0.26,0.0,0.0,,27.5,0,0,0,0.1,0.1,0.02,-0.1,-0.1,FRA-Ligue 1,2022,shooting
NED,"FW,DF",22,1999,10.1,0,25,11,44.0,2.49,1.09,0.0,0.0,19.2,0,0,0,2.2,2.2,0.09,-2.2,-2.2,FRA-Ligue 1,2022,shooting
AUS,"FW,MF",18,2004,0.3,0,0,0,,0.0,0.0,,,,0,0,0,0.0,0.0,,0.0,0.0,FRA-Ligue 1,2022,shooting
COM,"MF,FW",23,1999,2.6,1,6,2,33.3,2.33,0.78,0.17,0.5,17.2,0,0,0,0.5,0.5,0.08,0.5,0.5,FRA-Ligue 1,2022,shooting
COD,"FW,MF",20,2002,0.7,0,2,0,0.0,2.73,0.0,0.0,,21.0,0,0,0,0.1,0.1,0.04,-0.1,-0.1,FRA-Ligue 1,2022,shooting
NOR,"FW,MF",21,2001,2.2,0,2,0,0.0,0.93,0.0,0.0,,36.7,0,0,0,0.3,0.3,0.16,-0.3,-0.3,FRA-Ligue 1,2022,shooting
AUT,GK,25,1997,7.0,0,0,0,,0.0,0.0,,,,0,0,0,0.0,0.0,,0.0,0.0,FRA-Ligue 1,2022,shooting
FRA,FW,23,1999,0.0,0,0,0,,0.0,0.0,,,,0,0,0,0.0,0.0,,0.0,0.0,FRA-Ligue 1,2022,shooting
FRA,MF,17,2004,0.0,0,0,0,,0.0,0.0,,,,0,0,0,0.0,0.0,,0.0,0.0,FRA-Ligue 1,2022,shooting
BEL,DF,24,1998,19.5,0,0,0,,0.0,0.0,,,,0,0,0,0.0,0.0,,0.0,0.0,FRA-Ligue 1,2022,shooting
BEL,DF,27,1994,22.0,0,2,1,50.0,0.09,0.05,0.0,0.0,11.7,0,0,0,0.1,0.1,0.07,-0.1,-0.1,FRA-Ligue 1,2022,shooting
FRA,MF,16,2005,1.9,0,1,0,0.0,0.52,0.0,0.0,,15.5,0,0,0,0.0,0.0,0.04,0.0,0.0,FRA-Ligue 1,2022,shooting
BEL,DF,24,1998,3.0,0,0,0,,0.0,0.0,,,,0,0,0,0.0,0.0,,0.0,0.0,FRA-Ligue 1,2022,shooting
FRA,GK,22,1999,31.0,0,0,0,,0.0,0.0,,,,0,0,0,0.0,0.0,,0.0,0.0,FRA-Ligue 1,2022,shooting
MAR,DF,34,1987,37.0,1,32,3,9.4,0.86,0.08,0.03,0.33,15.0,0,0,0,2.4,2.4,0.07,-1.4,-1.4,FRA-Ligue 1,2022,shooting
FRA,DF,20,2001,21.7,0,10,3,30.0,0.46,0.14,0.0,0.0,21.3,0,0,0,0.6,0.6,0.06,-0.6,-0.6,FRA-Ligue 1,2022,shooting
GAB,FW,20,2002,0.2,0,0,0,,0.0,0.0,,,,0,0,0,0.0,0.0,,0.0,0.0,FRA-Ligue 1,2022,shooting
ALG,"FW,MF",22,2000,28.0,15,74,30,40.5,2.64,1.07,0.2,0.5,13.6,0,0,0,11.1,11.1,0.15,3.9,3.9,FRA-Ligue 1,2022,shooting
FRA,FW,20,2002,20.5,7,43,21,48.8,2.09,1.02,0.16,0.33,14.0,0,0,0,7.5,7.5,0.18,-0.5,-0.5,FRA-Ligue 1,2022,shooting
BEL,DF,22,2000,34.7,4,31,10,32.3,0.89,0.29,0.13,0.4,11.9,0,0,0,4.5,4.5,0.15,-0.5,-0.5,FRA-Ligue 1,2022,shooting
FRA,MF,27,1995,20.1,2,19,8,42.1,0.94,0.4,0.11,0.25,23.2,0,0,0,1.1,1.1,0.06,0.9,0.9,FRA-Ligue 1,2022,shooting
FRA,"MF,FW",28,1994,34.1,7,71,19,26.8,2.08,0.56,0.07,0.26,20.0,10,2,2,8.7,7.1,0.1,-1.7,-2.1,FRA-Ligue 1,2022,shooting
NOR,DF,27,1994,13.4,0,0,0,,0.0,0.0,,,,0,0,0,0.0,0.0,,0.0,0.0,FRA-Ligue 1,2022,shooting
CMR,DF,20,2001,11.2,0,5,0,0.0,0.45,0.0,0.0,,8.9,0,0,0,0.7,0.7,0.13,-0.7,-0.7,FRA-Ligue 1,2022,shooting
ENG,DF,21,2000,6.4,0,3,1,33.3,0.47,0.16,0.0,0.0,14.0,0,0,0,0.4,0.4,0.12,-0.4,-0.4,FRA-Ligue 1,2022,shooting
TUR,GK,19,2002,4.5,0,0,0,,0.0,0.0,,,,0,0,0,0.0,0.0,,0.0,0.0,FRA-Ligue 1,2022,shooting
FRA,"MF,FW",17,2005,12.4,3,21,6,28.6,1.7,0.48,0.14,0.5,21.0,0,0,0,1.6,1.6,0.07,1.4,1.4,FRA-Ligue 1,2022,shooting
FRA,MF,29,1993,18.7,2,25,6,24.0,1.34,0.32,0.08,0.33,18.4,0,0,0,2.3,2.3,0.09,-0.3,-0.3,FRA-Ligue 1,2022,shooting
FRA,FW,28,1994,2.8,2,11,6,54.5,3.98,2.17,0.18,0.33,13.2,0,0,0,1.7,1.7,0.16,0.3,0.3,FRA-Ligue 1,2022,shooting
CIV,"FW,MF",19,2002,0.1,0,1,0,0.0,7.5,0.0,0.0,,31.4,0,0,0,0.0,0.0,0.03,0.0,0.0,FRA-Ligue 1,2022,shooting
MLI,DF,30,1992,28.1,1,30,9,30.0,1.07,0.32,0.03,0.11,15.5,0,0,0,1.9,1.9,0.06,-0.9,-0.9,FRA-Ligue 1,2022,shooting
MAR,"FW,MF",20,2001,2.5,0,6,2,33.3,2.38,0.79,0.0,0.0,20.9,0,0,0,0.3,0.3,0.04,-0.3,-0.3,FRA-Ligue 1,2022,shooting
FRA,DF,17,2005,5.6,0,1,0,0.0,0.18,0.0,0.0,,19.3,0,0,0,0.0,0.0,0.03,0.0,0.0,FRA-Ligue 1,2022,shooting
BEL,"MF,FW",20,2002,14.3,6,26,12,46.2,1.81,0.84,0.23,0.5,15.7,0,0,0,2.7,2.7,0.1,3.3,3.3,FRA-Ligue 1,2022,shooting
WAL,DF,24,1997,15.7,1,7,2,28.6,0.44,0.13,0.14,0.5,6.9,0,0,0,0.9,0.9,0.13,0.1,0.1,FRA-Ligue 1,2022,shooting
GHA,"FW,MF",20,2002,3.6,1,13,3,23.1,3.59,0.83,0.08,0.33,17.6,0,0,0,1.4,1.4,0.11,-0.4,-0.4,FRA-Ligue 1,2022,shooting
CMR,"FW,MF",29,1992,10.8,3,22,7,31.8,2.04,0.65,0.14,0.43,13.4,0,0,0,3.6,3.6,0.16,-0.6,-0.6,FRA-Ligue 1,2022,shooting
FRA,MF,18,2004,14.8,0,6,1,16.7,0.41,0.07,0.0,0.0,18.4,0,0,0,0.9,0.9,0.15,-0.9,-0.9,FRA-Ligue 1,2022,shooting
TOG,DF,22,2000,2.9,0,3,1,33.3,1.03,0.34,0.0,0.0,14.7,0,0,0,0.3,0.3,0.11,-0.3,-0.3,FRA-Ligue 1,2022,shooting
CRO,"MF,FW",24,1998,18.5,2,33,11,33.3,1.78,0.59,0.03,0.09,20.4,5,1,1,3.3,2.5,0.08,-1.3,-1.5,FRA-Ligue 1,2022,shooting
FRA,DF,22,2000,1.0,0,2,0,0.0,2.0,0.0,0.0,,8.7,0,0,0,0.2,0.2,0.1,-0.2,-0.2,FRA-Ligue 1,2022,shooting
FRA,"FW,MF",25,1997,14.7,9,47,27,57.4,3.21,1.84,0.19,0.33,15.2,0,0,0,5.6,5.6,0.12,3.4,3.4,FRA-Ligue 1,2022,shooting
FRA,"FW,MF",19,2003,1.2,1,6,2,33.3,5.05,1.68,0.17,0.5,12.2,0,0,0,0.8,0.8,0.13,0.2,0.2,FRA-Ligue 1,2022,shooting
GUI,MF,26,1996,0.3,0,2,1,50.0,7.83,3.91,0.0,0.0,10.5,0,0,0,0.1,0.1,0.06,-0.1,-0.1,FRA-Ligue 1,2022,shooting
FRA,GK,37,1985,33.5,0,0,0,,0.0,0.0,,,,0,0,0,0.0,0.0,,0.0,0.0,FRA-Ligue 1,2022,shooting
COM,DF,22,2000,15.1,0,3,1,33.3,0.2,0.07,0.0,0.0,7.1,0,0,0,0.6,0.6,0.19,-0.6,-0.6,FRA-Ligue 1,2022,shooting
POR,MF,27,1994,6.1,0,5,0,0.0,0.82,0.0,0.0,,22.8,0,0,0,0.1,0.1,0.02,-0.1,-0.1,FRA-Ligue 1,2022,shooting
FRA,MF,28,1993,10.4,0,17,5,29.4,1.63,0.48,0.0,0.0,12.1,0,0,0,1.5,1.5,0.09,-1.5,-1.5,FRA-Ligue 1,2022,shooting
GHA,DF,27,1994,29.7,1,17,5,29.4,0.57,0.17,0.06,0.2,14.4,1,0,0,1.4,1.4,0.08,-0.4,-0.4,FRA-Ligue 1,2022,shooting
FRA,"DF,MF",23,1998,10.6,0,5,0,0.0,0.47,0.0,0.0,,16.3,0,0,0,0.4,0.4,0.07,-0.4,-0.4,FRA-Ligue 1,2022,shooting
HAI,"DF,MF",19,2002,0.1,0,0,0,,0.0,0.0,,,,0,0,0,0.0,0.0,,0.0,0.0,FRA-Ligue 1,2022,shooting
FRA,"DF,MF",34,1988,17.1,0,13,2,15.4,0.76,0.12,0.0,0.0,21.8,2,0,0,0.6,0.6,0.04,-0.6,-0.6,FRA-Ligue 1,2022,shooting
UKR,DF,27,1995,9.7,0,5,0,0.0,0.52,0.0,0.0,,26.6,0,0,0,0.1,0.1,0.02,-0.1,-0.1,FRA-Ligue 1,2022,shooting
FRA,DF,18,2003,0.8,0,0,0,,0.0,0.0,,,,0,0,0,0.0,0.0,,0.0,0.0,FRA-Ligue 1,2022,shooting
FRA,DF,27,1994,16.2,0,12,1,8.3,0.74,0.06,0.0,0.0,26.3,3,0,0,0.6,0.6,0.05,-0.6,-0.6,FRA-Ligue 1,2022,shooting
FRA,DF,25,1997,17.5,1,14,7,50.0,0.8,0.4,0.07,0.14,10.8,0,0,0,1.5,1.5,0.11,-0.5,-0.5,FRA-Ligue 1,2022,shooting
SEN,FW,27,1995,32.0,20,90,36,40.0,2.81,1.13,0.19,0.47,13.0,1,3,4,17.7,14.5,0.17,2.3,2.5,FRA-Ligue 1,2022,shooting
SEN,"MF,FW",18,2004,18.1,3,23,9,39.1,1.27,0.5,0.13,0.33,20.1,0,0,0,1.8,1.8,0.08,1.2,1.2,FRA-Ligue 1,2022,shooting
MLI,MF,24,1997,14.6,0,13,3,23.1,0.89,0.21,0.0,0.0,18.0,0,0,0,0.7,0.7,0.05,-0.7,-0.7,FRA-Ligue 1,2022,shooting
FRA,"DF,MF",19,2003,25.5,1,9,2,22.2,0.35,0.08,0.11,0.5,25.4,0,0,0,0.3,0.3,0.03,0.7,0.7,FRA-Ligue 1,2022,shooting
CIV,MF,28,1994,14.4,3,21,8,38.1,1.45,0.55,0.14,0.38,25.0,0,0,0,1.2,1.2,0.06,1.8,1.8,FRA-Ligue 1,2022,shooting
FRA,"MF,FW",24,1998,26.9,2,38,13,34.2,1.41,0.48,0.05,0.15,22.2,11,0,0,2.5,2.5,0.07,-0.5,-0.5,FRA-Ligue 1,2022,shooting
POL,DF,24,1998,0.5,0,1,0,0.0,1.91,0.0,0.0,,20.7,0,0,0,0.1,0.1,0.07,-0.1,-0.1,FRA-Ligue 1,2022,shooting
FRA,FW,35,1987,23.3,10,44,22,50.0,1.89,0.94,0.2,0.41,13.0,0,1,2,8.2,6.5,0.15,1.8,2.5,FRA-Ligue 1,2022,shooting
RSA,"FW,MF",26,1996,4.8,3,9,4,44.4,1.86,0.83,0.33,0.75,13.0,0,0,0,1.1,1.1,0.12,1.9,1.9,FRA-Ligue 1,2022,shooting
FRA,DF,23,1998,19.6,0,7,4,57.1,0.36,0.2,0.0,0.0,11.7,0,0,0,0.5,0.5,0.07,-0.5,-0.5,FRA-Ligue 1,2022,shooting
FRA,FW,28,1994,8.6,1,22,7,31.8,2.57,0.82,0.0,0.0,15.1,1,1,1,3.3,2.5,0.11,-2.3,-2.5,FRA-Ligue 1,2022,shooting
TOG,DF,21,2001,0.1,0,0,0,,0.0,0.0,,,,0,0,0,0.0,0.0,,0.0,0.0,FRA-Ligue 1,2022,shooting
BEL,GK,30,1992,38.0,0,0,0,,0.0,0.0,,,,0,0,0,0.0,0.0,,0.0,0.0,FRA-Ligue 1,2022,shooting
FRA,DF,32,1989,22.4,0,8,0,0.0,0.36,0.0,0.0,,19.1,0,0,0,0.6,0.6,0.08,-0.6,-0.6,FRA-Ligue 1,2022,shooting
FRA,MF,27,1994,15.8,1,32,8,25.0,2.03,0.51,0.03,0.13,19.7,1,0,0,3.1,3.1,0.1,-2.1,-2.1,FRA-Ligue 1,2022,shooting
FRA,"MF,FW",20,2001,1.1,0,3,0,0.0,2.67,0.0,0.0,,19.3,0,0,0,0.2,0.2,0.05,-0.2,-0.2,FRA-Ligue 1,2022,shooting
FRA,DF,24,1998,7.3,0,3,2,66.7,0.41,0.28,0.0,0.0,14.6,0,0,0,0.2,0.2,0.07,-0.2,-0.2,FRA-Ligue 1,2022,shooting
BIH,MF,28,1993,18.1,1,28,7,25.0,1.54,0.39,0.04,0.14,26.0,1,0,0,1.2,1.2,0.04,-0.2,-0.2,FRA-Ligue 1,2022,shooting
FRA,"DF,MF",30,1992,11.9,0,6,4,66.7,0.51,0.34,0.0,0.0,18.7,0,0,0,0.4,0.4,0.07,-0.4,-0.4,FRA-Ligue 1,2022,shooting
JPN,"FW,MF",20,2001,0.4,1,2,1,50.0,5.0,2.5,0.5,1.0,13.0,0,0,0,0.1,0.1,0.07,0.9,0.9,FRA-Ligue 1,2022,shooting
JPN,FW,26,1995,12.0,2,19,4,21.1,1.58,0.33,0.11,0.5,17.2,0,0,0,1.6,1.6,0.09,0.4,0.4,FRA-Ligue 1,2022,shooting
FRA,DF,21,2001,36.8,2,19,10,52.6,0.52,0.27,0.11,0.2,9.0,0,0,0,3.3,3.3,0.17,-1.3,-1.3,FRA-Ligue 1,2022,shooting
NED,MF,27,1995,32.1,5,48,20,41.7,1.5,0.62,0.02,0.05,25.1,16,4,4,6.0,2.9,0.06,-1.0,-1.9,FRA-Ligue 1,2022,shooting
BEL,MF,31,1991,20.1,4,23,7,30.4,1.14,0.35,0.17,0.57,14.6,0,0,0,2.6,2.6,0.11,1.4,1.4,FRA-Ligue 1,2022,shooting
FRA,DF,17,2005,1.1,0,0,0,,0.0,0.0,,,,0,0,0,0.0,0.0,,0.0,0.0,FRA-Ligue 1,2022,shooting
AUS,MF,23,1999,7.3,0,7,2,28.6,0.96,0.27,0.0,0.0,16.5,0,0,0,0.6,0.6,0.08,-0.6,-0.6,FRA-Ligue 1,2022,shooting
ALG,"FW,MF",19,2002,26.0,5,63,25,39.7,2.42,0.96,0.08,0.2,16.8,2,0,0,5.9,5.9,0.09,-0.9,-0.9,FRA-Ligue 1,2022,shooting
CHI,DF,24,1997,14.0,0,2,0,0.0,0.14,0.0,0.0,,17.8,0,0,0,0.1,0.1,0.07,-0.1,-0.1,FRA-Ligue 1,2022,shooting
GUI,DF,28,1994,15.2,0,9,3,33.3,0.59,0.2,0.0,0.0,17.9,0,0,0,0.4,0.4,0.05,-0.4,-0.4,FRA-Ligue 1,2022,shooting
CMR,DF,18,2004,4.0,0,1,0,0.0,0.25,0.0,0.0,,18.2,0,0,0,0.0,0.0,0.04,0.0,0.0,FRA-Ligue 1,2022,shooting
CPV,DF,21,2001,4.6,0,5,2,40.0,1.08,0.43,0.0,0.0,8.6,0,0,0,0.6,0.6,0.12,-0.6,-0.6,FRA-Ligue 1,2022,shooting
FRA,GK,29,1993,38.0,0,1,0,0.0,0.03,0.0,0.0,,13.4,0,0,0,0.0,0.0,0.04,0.0,0.0,FRA-Ligue 1,2022,shooting
DEN,DF,27,1995,25.1,1,11,4,36.4,0.44,0.16,0.09,0.25,17.6,0,0,0,0.8,0.8,0.07,0.2,0.2,FRA-Ligue 1,2022,shooting
MLI,DF,21,2000,13.6,0,1,0,0.0,0.07,0.0,0.0,,6.4,0,0,0,0.2,0.2,0.16,-0.2,-0.2,FRA-Ligue 1,2022,shooting
FIN,MF,20,2002,0.3,0,1,0,0.0,3.91,0.0,0.0,,15.5,0,0,0,0.1,0.1,0.1,-0.1,-0.1,FRA-Ligue 1,2022,shooting
CMR,FW,22,2000,1.0,0,0,0,,0.0,0.0,,,,0,0,0,0.0,0.0,,0.0,0.0,FRA-Ligue 1,2022,shooting
SWE,"DF,MF",20,2001,1.6,0,2,1,50.0,1.23,0.62,0.0,0.0,17.6,0,0,0,0.0,0.0,0.01,0.0,0.0,FRA-Ligue 1,2022,shooting
BRA,"FW,MF",26,1995,20.6,5,31,11,35.5,1.51,0.53,0.16,0.45,12.4,0,0,0,5.1,5.1,0.17,-0.1,-0.1,FRA-Ligue 1,2022,shooting
DEN,DF,25,1997,33.3,0,13,7,53.8,0.39,0.21,0.0,0.0,11.5,0,0,0,1.2,1.2,0.09,-1.2,-1.2,FRA-Ligue 1,2022,shooting
WAL,FW,27,1994,0.7,2,5,3,60.0,7.03,4.22,0.4,0.67,15.3,0,0,0,0.4,0.4,0.08,1.6,1.6,FRA-Ligue 1,2022,shooting
BIH,FW,21,2000,1.2,0,1,0,0.0,0.87,0.0,0.0,,23.7,0,0,0,0.0,0.0,0.04,0.0,0.0,FRA-Ligue 1,2022,shooting
NED,MF,26,1996,34.7,2,24,5,20.8,0.69,0.14,0.08,0.4,20.2,0,0,0,1.8,1.8,0.07,0.2,0.2,FRA-Ligue 1,2022,shooting
GRE,MF,21,2000,0.1,0,0,0,,0.0,0.0,,,,0,0,0,0.0,0.0,,0.0,0.0,FRA-Ligue 1,2022,shooting
NED,FW,21,2000,26.1,12,61,30,49.2,2.33,1.15,0.2,0.4,12.1,0,0,0,9.8,9.8,0.16,2.2,2.2,FRA-Ligue 1,2022,shooting
SRB,"FW,MF",24,1998,4.9,0,13,3,23.1,2.64,0.61,0.0,0.0,19.3,0,0,0,1.3,1.3,0.1,-1.3,-1.3,FRA-Ligue 1,2022,shooting
SUI,MF,26,1995,7.4,0,8,3,37.5,1.08,0.41,0.0,0.0,22.3,1,0,0,0.5,0.5,0.06,-0.5,-0.5,FRA-Ligue 1,2022,shooting
NOR,DF,21,2000,7.4,0,2,1,50.0,0.27,0.14,0.0,0.0,18.1,0,0,0,0.3,0.3,0.13,-0.3,-0.3,FRA-Ligue 1,2022,shooting
MAR,"FW,MF",21,2001,0.7,0,0,0,,0.0,0.0,,,,0,0,0,0.0,0.0,,0.0,0.0,FRA-Ligue 1,2022,shooting
MAR,"FW,MF",22,2000,27.5,10,83,30,36.1,3.02,1.09,0.12,0.33,15.9,0,0,0,11.5,11.5,0.14,-1.5,-1.5,FRA-Ligue 1,2022,shooting
POR,DF,24,1998,14.6,1,4,2,50.0,0.27,0.14,0.25,0.5,15.3,0,0,0,0.6,0.6,0.14,0.4,0.4,FRA-Ligue 1,2022,shooting
FRA,DF,36,1985,17.7,0,9,3,33.3,0.51,0.17,0.0,0.0,26.0,0,0,0,0.7,0.7,0.07,-0.7,-0.7,FRA-Ligue 1,2022,shooting
FRA,"FW,MF",18,2003,0.8,0,0,0,,0.0,0.0,,,,0,0,0,0.0,0.0,,0.0,0.0,FRA-Ligue 1,2022,shooting
SWE,FW,18,2004,0.2,0,0,0,,0.0,0.0,,,,0,0,0,0.0,0.0,,0.0,0.0,FRA-Ligue 1,2022,shooting
DEN,"DF,FW",23,1999,18.1,0,11,3,27.3,0.61,0.17,0.0,0.0,19.7,1,0,0,0.7,0.7,0.07,-0.7,-0.7,FRA-Ligue 1,2022,shooting
CRO,MF,22,2000,0.3,1,1,1,100.0,2.9,2.9,1.0,1.0,5.2,0,0,0,0.5,0.5,0.51,0.5,0.5,FRA-Ligue 1,2022,shooting
FRA,MF,17,2004,0.2,0,0,0,,0.0,0.0,,,,0,0,0,0.0,0.0,,0.0,0.0,FRA-Ligue 1,2022,shooting
USA,DF,25,1997,35.5,0,12,2,16.7,0.34,0.06,0.0,0.0,11.7,0,0,0,1.1,1.1,0.09,-1.1,-1.1,FRA-Ligue 1,2022,shooting
FRA,MF,30,1992,11.2,3,10,2,20.0,0.89,0.18,0.0,0.0,29.8,1,3,3,2.9,0.5,0.05,0.1,-0.5,FRA-Ligue 1,2022,shooting
FRA,GK,29,1993,29.6,0,0,0,,0.0,0.0,,,,0,0,0,0.0,0.0,,0.0,0.0,FRA-Ligue 1,2022,shooting
CAN,"FW,MF",23,1998,9.9,2,15,5,33.3,1.51,0.5,0.13,0.4,16.2,1,0,0,2.2,2.2,0.15,-0.2,-0.2,FRA-Ligue 1,2022,shooting
ECU,DF,21,2000,18.0,2,22,9,40.9,1.22,0.5,0.09,0.22,12.7,0,0,0,2.8,2.8,0.13,-0.8,-0.8,FRA-Ligue 1,2022,shooting
FRA,MF,24,1998,2.6,0,4,0,0.0,1.55,0.0,0.0,,22.3,0,0,0,0.3,0.3,0.08,-0.3,-0.3,FRA-Ligue 1,2022,shooting
CMR,MF,21,2001,0.2,0,0,0,,0.0,0.0,,,,0,0,0,0.0,0.0,,0.0,0.0,FRA-Ligue 1,2022,shooting
FRA,"MF,FW",17,2004,2.4,0,2,0,0.0,0.85,0.0,0.0,,20.7,0,0,0,0.1,0.1,0.07,-0.1,-0.1,FRA-Ligue 1,2022,shooting
FRA,MF,20,2002,12.2,0,9,3,33.3,0.74,0.25,0.0,0.0,15.6,0,0,0,0.8,0.8,0.09,-0.8,-0.8,FRA-Ligue 1,2022,shooting
GNB,FW,26,1995,29.6,12,73,24,32.9,2.47,0.81,0.14,0.42,17.1,0,2,2,10.6,9.1,0.12,1.4,0.9,FRA-Ligue 1,2022,shooting
COL,"MF,DF",25,1996,0.1,0,0,0,,0.0,0.0,,,,0,0,0,0.0,0.0,,0.0,0.0,FRA-Ligue 1,2022,shooting
POL,GK,25,1997,8.3,0,0,0,,0.0,0.0,,,,0,0,0,0.0,0.0,,0.0,0.0,FRA-Ligue 1,2022,shooting
FRA,DF,18,2003,0.8,0,0,0,,0.0,0.0,,,,0,0,0,0.0,0.0,,0.0,0.0,FRA-Ligue 1,2022,shooting
MTN,"DF,MF",22,2000,6.3,0,10,3,30.0,1.58,0.48,0.0,0.0,20.3,0,0,0,0.7,0.7,0.07,-0.7,-0.7,FRA-Ligue 1,2022,shooting
FRA,"FW,MF",29,1993,14.7,4,39,14,35.9,2.66,0.95,0.1,0.29,16.0,0,0,0,3.5,3.5,0.09,0.5,0.5,FRA-Ligue 1,2022,shooting
MLI,MF,25,1996,29.6,1,24,5,20.8,0.81,0.17,0.04,0.2,20.3,0,0,0,1.4,1.4,0.06,-0.4,-0.4,FRA-Ligue 1,2022,shooting
POR,"MF,FW",26,1995,26.1,7,57,20,35.1,2.19,0.77,0.12,0.35,19.3,5,0,0,4.9,4.9,0.09,2.1,2.1,FRA-Ligue 1,2022,shooting
FRA,DF,18,2004,0.7,0,0,0,,0.0,0.0,,,,0,0,0,0.0,0.0,,0.0,0.0,FRA-Ligue 1,2022,shooting
FRA,DF,19,2003,5.7,0,0,0,,0.0,0.0,,,,0,0,0,0.0,0.0,,0.0,0.0,FRA-Ligue 1,2022,shooting
FRA,"DF,MF",20,2002,23.9,0,7,1,14.3,0.29,0.04,0.0,0.0,17.4,0,0,0,0.3,0.3,0.04,-0.3,-0.3,FRA-Ligue 1,2022,shooting
CMR,MF,31,1991,1.1,0,3,1,33.3,2.73,0.91,0.0,0.0,21.7,0,0,0,0.2,0.2,0.06,-0.2,-0.2,FRA-Ligue 1,2022,shooting
FRA,"MF,FW",17,2004,19.6,4,27,14,51.9,1.38,0.71,0.15,0.29,18.0,0,0,0,2.6,2.6,0.1,1.4,1.4,FRA-Ligue 1,2022,shooting
FRA,MF,31,1991,27.0,4,27,11,40.7,1.0,0.41,0.15,0.36,21.5,0,0,0,1.5,1.5,0.06,2.5,2.5,FRA-Ligue 1,2022,shooting
ALG,"DF,MF",21,2001,20.0,1,10,4,40.0,0.5,0.2,0.1,0.25,20.6,0,0,0,0.5,0.5,0.05,0.5,0.5,FRA-Ligue 1,2022,shooting
GUF,DF,29,1992,29.4,1,14,3,21.4,0.48,0.1,0.07,0.33,16.6,0,0,0,1.2,1.2,0.08,-0.2,-0.2,FRA-Ligue 1,2022,shooting
