nation,pos,age,born,90s,Tackles,Tackles,Tackles,Tackles,Tackles,Challenges,Challenges,Challenges,Challenges,Blocks,Blocks,Blocks,Int,Tkl+Int,Clr,Err,league,season,stat_type
,,,,,Tkl,TklW,Def 3rd,Mid 3rd,Att 3rd,Tkl,Att,Tkl%,Lost,Blocks,Sh,Pass,,,,,,,
ENG,DF,27-185,1997,8.5,11,7,9,1,1,9,22,40.9,13,7,6,1,12,23,28,0,ENG-Premier League,2024,defense
ENG,"FW,MF",23-218,2001,14.9,23,13,6,10,7,10,20,50.0,10,16,0,16,2,25,7,0,ENG-Premier League,2024,defense
ESP,GK,29-208,1995,31.0,0,0,0,0,0,0,2,0.0,2,0,0,0,2,2,17,4,ENG-Premier League,2024,defense
ENG,MF,26-087,1999,26.0,46,19,20,20,6,15,35,42.9,20,21,10,11,22,68,40,0,ENG-Premier League,2024,defense
ENG,"FW,MF",18-021,2007,8.0,10,7,4,3,3,6,16,37.5,10,8,2,6,1,11,4,1,ENG-Premier League,2024,defense
BRA,FW,28-008,1997,6.8,10,6,4,3,3,4,9,44.4,5,10,1,9,4,14,8,0,ENG-Premier League,2024,defense
BRA,DF,27-113,1997,26.3,25,15,12,8,5,12,16,75.0,4,42,29,13,16,41,93,2,ENG-Premier League,2024,defense
BRA,"FW,MF",23-297,2001,18.9,19,14,7,5,7,6,20,30.0,14,10,0,10,3,22,14,0,ENG-Premier League,2024,defense
POL,DF,25-055,2000,5.5,8,3,6,2,0,6,9,66.7,3,6,3,3,1,9,24,2,ENG-Premier League,2024,defense
ITA,MF,33-112,1991,6.8,12,4,1,7,4,8,20,40.0,12,3,0,3,5,17,2,2,ENG-Premier League,2024,defense
NED,DF,23-298,2001,25.6,57,37,16,30,11,17,26,65.4,9,19,4,15,21,78,44,1,ENG-Premier League,2024,defense
GER,"FW,MF",25-304,1999,20.4,16,9,3,6,7,4,15,26.7,11,22,4,18,6,22,31,1,ENG-Premier League,2024,defense
SCO,"DF,FW",27-310,1997,1.1,3,2,1,1,1,1,3,33.3,2,0,0,0,1,4,2,0,ENG-Premier League,2024,defense
BEL,FW,30-128,1994,22.2,25,16,5,14,6,9,28,32.1,19,25,0,25,9,34,17,0,ENG-Premier League,2024,defense
NOR,MF,26-115,1998,20.4,18,10,8,7,3,4,23,17.4,19,4,0,4,3,21,4,0,ENG-Premier League,2024,defense
ESP,"MF,FW",28-293,1996,14.8,32,18,5,20,7,12,26,46.2,14,17,5,12,13,45,23,1,ENG-Premier League,2024,defense
ENG,DF,18-197,2006,10.3,21,14,10,9,2,9,9,100.0,0,1,0,1,5,26,16,0,ENG-Premier League,2024,defense
UKR,"DF,MF",28-117,1996,3.3,2,0,1,1,0,1,4,25.0,3,5,0,5,3,5,5,0,ENG-Premier League,2024,defense
ENG,"FW,MF",30-124,1994,3.9,7,4,1,2,4,4,6,66.7,2,2,0,2,1,8,2,0,ENG-Premier League,2024,defense
ENG,FW,25-122,1999,0.0,1,0,0,1,0,0,1,0.0,1,0,0,0,0,1,1,0,ENG-Premier League,2024,defense
ITA,DF,22-327,2002,10.3,26,18,15,9,2,18,29,62.1,11,12,6,6,9,35,25,0,ENG-Premier League,2024,defense
JPN,DF,26-157,1998,0.1,0,0,0,0,0,0,0,,0,0,0,0,0,0,1,0,ENG-Premier League,2024,defense
GHA,"MF,DF",31-302,1993,25.3,79,48,23,36,20,43,67,64.2,24,21,6,15,29,108,41,4,ENG-Premier League,2024,defense
FRA,DF,24-018,2001,28.3,53,31,32,19,2,18,24,75.0,6,21,12,9,19,72,98,5,ENG-Premier League,2024,defense
BEL,MF,23-238,2001,13.0,39,22,18,18,3,12,22,54.5,10,13,6,7,20,59,27,3,ENG-Premier League,2024,defense
ESP,"DF,MF",22-063,2003,3.5,9,5,5,3,1,4,8,50.0,4,2,0,2,2,11,8,2,ENG-Premier League,2024,defense
FRA,DF,27-031,1998,5.1,6,4,5,1,0,1,3,33.3,2,4,1,3,5,11,18,0,ENG-Premier League,2024,defense
FRA,MF,25-139,1999,13.3,44,18,25,15,4,26,48,54.2,22,15,5,10,14,58,41,3,ENG-Premier League,2024,defense
BRA,DF,32-027,1993,9.2,8,3,6,1,1,4,6,66.7,2,13,7,6,5,13,36,2,ENG-Premier League,2024,defense
NED,FW,26-092,1999,2.6,6,3,3,2,1,1,4,25.0,3,0,0,0,0,6,0,0,ENG-Premier League,2024,defense
ARG,"MF,FW",28-107,1996,1.1,6,6,3,2,1,0,5,0.0,5,5,1,4,0,6,2,0,ENG-Premier League,2024,defense
ARG,GK,32-221,1992,29.0,2,2,2,0,0,1,1,100.0,0,1,0,1,0,2,14,6,ENG-Premier League,2024,defense
ENG,DF,27-170,1997,25.6,29,17,18,7,4,17,21,81.0,4,16,9,7,19,48,86,2,ENG-Premier League,2024,defense
NED,DF,23-032,2002,7.9,18,9,10,6,2,10,16,62.5,6,6,0,6,10,28,26,2,ENG-Premier League,2024,defense
ENG,"FW,MF",23-318,2001,14.9,24,13,12,9,3,8,16,50.0,8,19,3,16,7,31,7,1,ENG-Premier League,2024,defense
ENG,"FW,MF",23-062,2002,3.7,11,5,4,7,0,4,6,66.7,2,5,0,5,3,14,2,1,ENG-Premier League,2024,defense
SCO,"MF,FW",30-175,1994,20.9,27,18,8,13,6,10,21,47.6,11,16,1,15,11,38,12,3,ENG-Premier League,2024,defense
COL,FW,21-119,2003,7.1,8,7,1,2,5,1,4,25.0,3,5,0,5,0,8,13,0,ENG-Premier League,2024,defense
SRB,DF,19-116,2005,1.4,7,5,1,3,3,2,3,66.7,1,1,0,1,0,7,3,0,ENG-Premier League,2024,defense
NED,"DF,MF",21-096,2004,5.3,14,6,6,6,2,10,16,62.5,6,5,3,2,1,15,13,0,ENG-Premier League,2024,defense
JAM,"FW,MF",27-245,1997,12.6,6,4,1,3,2,2,10,20.0,8,6,0,6,3,9,12,0,ENG-Premier League,2024,defense
FRA,DF,31-265,1993,23.9,60,34,36,15,9,40,58,69.0,18,23,4,19,25,85,77,1,ENG-Premier League,2024,defense
ESP,"MF,FW",29-080,1996,3.4,3,2,0,3,0,2,6,33.3,4,1,0,1,1,4,2,0,ENG-Premier League,2024,defense
ENG,FW,27-162,1997,3.3,6,3,0,1,5,2,3,66.7,1,2,0,2,1,7,3,0,ENG-Premier League,2024,defense
POL,DF,27-247,1997,16.4,41,23,23,16,2,19,29,65.5,10,16,5,11,20,61,44,2,ENG-Premier League,2024,defense
ENG,"FW,MF",22-259,2002,27.9,32,16,11,12,9,16,36,44.4,20,22,5,17,5,37,18,2,ENG-Premier League,2024,defense
ENG,FW,29-102,1995,23.8,7,5,0,4,3,2,9,22.2,7,11,3,8,6,13,14,2,ENG-Premier League,2024,defense
ESP,DF,28-085,1997,18.2,20,14,11,7,2,9,15,60.0,6,14,10,4,9,29,58,2,ENG-Premier League,2024,defense
SWE,GK,35-093,1990,2.0,1,0,1,0,0,1,1,100.0,0,0,0,0,0,1,2,1,ENG-Premier League,2024,defense
ENG,MF,31-127,1993,6.2,13,3,4,9,0,9,13,69.2,4,9,3,6,9,22,5,0,ENG-Premier League,2024,defense
ENG,DF,32-029,1993,9.7,6,5,5,1,0,2,2,100.0,0,13,11,2,5,11,48,1,ENG-Premier League,2024,defense
BEL,MF,27-339,1997,29.4,75,50,28,40,7,36,66,54.5,30,35,15,20,21,96,41,3,ENG-Premier League,2024,defense
ENG,DF,33-347,1991,12.7,18,9,9,4,5,10,21,47.6,11,10,3,7,12,30,38,1,ENG-Premier League,2024,defense
ENG,MF,21-233,2003,5.6,23,11,10,7,6,16,29,55.2,13,11,1,10,9,32,8,0,ENG-Premier League,2024,defense
GHA,FW,25-094,2000,29.4,50,32,16,23,11,14,40,35.0,26,54,7,47,7,57,28,1,ENG-Premier League,2024,defense
ENG,"FW,MF",20-219,2004,0.3,0,0,0,0,0,0,1,0.0,1,0,0,0,2,2,0,0,ENG-Premier League,2024,defense
BFA,FW,23-059,2002,18.7,31,23,11,11,9,16,36,44.4,20,30,8,22,8,39,42,0,ENG-Premier League,2024,defense
ENG,FW,21-241,2003,0.8,2,1,1,1,0,2,4,50.0,2,1,1,0,1,3,1,0,ENG-Premier League,2024,defense
WAL,"FW,MF",27-277,1997,8.8,11,4,2,6,3,1,13,7.7,12,16,2,14,5,16,7,1,ENG-Premier League,2024,defense
ESP,DF,19-362,2005,20.8,31,21,15,15,1,15,25,60.0,10,32,24,8,45,76,143,3,ENG-Premier League,2024,defense
TUR,"FW,MF",27-336,1997,3.8,1,0,0,0,1,0,3,0.0,3,1,0,1,0,1,6,0,ENG-Premier League,2024,defense
BRA,FW,25-187,1999,19.1,11,6,4,4,3,5,9,55.6,4,8,1,7,0,11,14,0,ENG-Premier League,2024,defense
UKR,DF,22-222,2002,28.1,44,30,24,19,1,29,42,69.0,13,32,19,13,32,76,141,2,ENG-Premier League,2024,defense
ENG,DF,23-091,2002,5.0,15,8,6,6,3,3,11,27.3,8,5,0,5,9,24,31,0,ENG-Premier League,2024,defense
MEX,DF,23-241,2001,3.9,7,3,3,4,0,4,10,40.0,6,3,0,3,4,11,13,0,ENG-Premier League,2024,defense
NED,"MF,FW",25-341,1999,21.5,20,9,4,10,6,4,19,21.1,15,20,0,20,13,33,22,1,ENG-Premier League,2024,defense
ESP,GK,30-190,1994,24.0,1,0,1,0,0,0,1,0.0,1,1,0,1,0,1,11,3,ENG-Premier League,2024,defense
ENG,"MF,DF",28-067,1997,28.6,70,39,36,32,2,33,61,54.1,28,26,8,18,39,109,57,0,ENG-Premier League,2024,defense
COL,"FW,MF",25-298,1999,2.6,7,2,3,2,2,0,4,0.0,4,3,0,3,1,8,8,0,ENG-Premier League,2024,defense
ARG,DF,27-336,1997,10.7,35,21,22,11,2,14,28,50.0,14,14,6,8,11,46,49,0,ENG-Premier League,2024,defense
ENG,"FW,MF",26-020,1999,16.7,38,23,12,17,9,9,25,36.0,16,12,2,10,4,42,11,0,ENG-Premier League,2024,defense
IRL,GK,25-328,1999,5.0,0,0,0,0,0,0,0,,0,0,0,0,0,0,5,0,ENG-Premier League,2024,defense
ENG,DF,25-097,2000,1.0,2,2,1,1,0,1,1,100.0,0,3,1,2,1,3,0,0,ENG-Premier League,2024,defense
HUN,DF,21-155,2003,30.2,46,25,21,19,6,20,34,58.8,14,32,11,21,38,84,91,2,ENG-Premier League,2024,defense
BRA,GK,35-266,1989,2.0,0,0,0,0,0,0,0,,0,0,0,0,0,0,1,1,ENG-Premier League,2024,defense
DEN,MF,28-304,1996,2.0,14,5,7,6,1,3,4,75.0,1,3,0,3,5,19,2,0,ENG-Premier League,2024,defense
ENG,FW,19-036,2006,0.0,0,0,0,0,0,0,0,,0,0,0,0,0,0,0,0,ENG-Premier League,2024,defense
SCO,MF,30-048,1995,23.5,54,33,19,27,8,27,64,42.2,37,44,11,33,30,84,51,3,ENG-Premier League,2024,defense
USA,MF,26-056,1999,15.3,70,43,22,41,7,31,57,54.4,26,24,6,18,29,99,32,0,ENG-Premier League,2024,defense
MSR,FW,19-276,2005,0.0,1,1,0,0,1,1,1,100.0,0,0,0,0,0,1,0,0,ENG-Premier League,2024,defense
ENG,DF,35-202,1989,2.0,2,2,0,2,0,1,1,100.0,0,3,3,0,4,6,7,0,ENG-Premier League,2024,defense
CMR,FW,25-247,1999,30.9,34,20,13,11,10,13,22,59.1,9,21,3,18,13,47,42,1,ENG-Premier League,2024,defense
DEN,MF,31-032,1994,24.3,71,44,32,32,7,41,64,64.1,23,40,15,25,38,109,54,1,ENG-Premier League,2024,defense
ENG,"MF,FW",23-338,2001,1.3,2,1,0,2,0,1,3,33.3,2,2,2,0,1,3,2,0,ENG-Premier League,2024,defense
JAM,DF,31-317,1993,21.3,35,19,15,16,4,13,24,54.2,11,29,18,11,24,59,142,4,ENG-Premier League,2024,defense
POR,"FW,MF",22-224,2002,5.1,13,9,4,4,5,6,13,46.2,7,6,1,5,3,16,2,0,ENG-Premier League,2024,defense
NGA,MF,27-100,1998,0.3,0,0,0,0,0,0,0,,0,0,0,0,0,0,0,0,ENG-Premier League,2024,defense
ISL,GK,23-180,2001,1.6,0,0,0,0,0,0,0,,0,0,0,0,0,0,2,0,ENG-Premier League,2024,defense
ENG,DF,18-287,2006,0.1,0,0,0,0,0,0,0,,0,0,0,0,0,0,0,0,ENG-Premier League,2024,defense
ENG,"DF,FW",24-048,2001,28.3,43,25,22,15,6,26,41,63.4,15,24,9,15,17,60,63,3,ENG-Premier League,2024,defense
GER,FW,23-135,2001,19.5,30,21,12,8,10,11,18,61.1,7,14,2,12,4,34,27,0,ENG-Premier League,2024,defense
KOR,DF,20-108,2004,0.3,0,0,0,0,0,0,0,,0,0,0,0,0,0,2,0,ENG-Premier League,2024,defense
NOR,DF,26-359,1998,14.4,22,15,12,9,1,12,24,50.0,12,16,3,13,11,33,44,0,ENG-Premier League,2024,defense
DEN,DF,25-291,1999,12.2,18,8,14,3,1,11,28,39.3,17,12,5,7,4,22,35,0,ENG-Premier League,2024,defense
NED,GK,31-302,1993,29.4,3,3,3,0,0,2,7,28.6,5,1,0,1,0,3,24,3,ENG-Premier League,2024,defense
DEN,MF,29-100,1996,8.3,11,8,6,4,1,6,12,50.0,6,11,3,8,6,17,10,1,ENG-Premier League,2024,defense
ITA,DF,20-275,2004,0.5,2,2,2,0,0,1,1,100.0,0,0,0,0,1,3,1,0,ENG-Premier League,2024,defense
DEN,"MF,FW",24-282,2000,25.9,72,40,27,22,23,27,66,40.9,39,32,2,30,22,94,27,2,ENG-Premier League,2024,defense
IRL,DF,23-346,2001,31.0,34,20,21,9,4,20,30,66.7,10,66,47,19,29,63,186,2,ENG-Premier League,2024,defense
ENG,DF,27-277,1997,0.0,0,0,0,0,0,0,1,0.0,1,0,0,0,1,1,0,0,ENG-Premier League,2024,defense
ENG,MF,22-030,2003,0.0,1,1,1,0,0,0,0,,0,0,0,0,0,1,0,0,ENG-Premier League,2024,defense
NED,DF,23-112,2001,21.7,31,18,19,8,4,14,23,60.9,9,45,31,14,18,49,100,2,ENG-Premier League,2024,defense
BRA,FW,23-289,2001,1.5,2,2,1,0,1,0,1,0.0,1,0,0,0,2,4,2,1,ENG-Premier League,2024,defense
GER,MF,26-336,1998,24.2,36,20,14,13,9,20,35,57.1,15,31,8,23,27,63,51,1,ENG-Premier League,2024,defense
UKR,MF,21-041,2004,10.5,31,20,12,13,6,19,40,47.5,21,23,6,17,9,40,25,0,ENG-Premier League,2024,defense
COD,FW,28-220,1996,25.4,16,7,6,3,7,8,17,47.1,9,25,5,20,7,23,18,3,ENG-Premier League,2024,defense
TUR,"FW,MF",19-091,2006,0.3,4,4,0,4,0,1,2,50.0,1,0,0,0,0,4,0,0,ENG-Premier League,2024,defense
ENG,DF,30-097,1995,6.9,8,5,4,3,1,5,11,45.5,6,12,9,3,14,22,28,1,ENG-Premier League,2024,defense
NED,GK,22-236,2002,29.0,0,0,0,0,0,0,2,0.0,2,1,0,1,0,0,22,4,ENG-Premier League,2024,defense
SCO,MF,23-304,2001,1.1,3,3,2,1,0,3,4,75.0,1,1,0,1,0,3,1,0,ENG-Premier League,2024,defense
GER,"FW,MF",20-315,2004,5.4,13,5,5,5,3,7,14,50.0,7,8,0,8,2,15,4,0,ENG-Premier League,2024,defense
CMR,MF,21-098,2004,22.9,61,32,19,29,13,38,62,61.3,24,35,6,29,39,100,27,1,ENG-Premier League,2024,defense
ENG,FW,34-136,1990,17.7,18,11,5,11,2,4,13,30.8,9,14,1,13,5,23,9,0,ENG-Premier League,2024,defense
PAR,MF,22-015,2003,4.4,16,10,8,7,1,9,18,50.0,9,9,0,9,6,22,9,1,ENG-Premier League,2024,defense
IRL,DF,23-153,2001,0.2,0,0,0,0,0,0,1,0.0,1,0,0,0,0,0,2,0,ENG-Premier League,2024,defense
IRL,FW,20-174,2004,2.7,4,3,0,3,1,2,5,40.0,3,3,1,2,0,4,4,0,ENG-Premier League,2024,defense
TUR,"DF,MF",25-186,1999,4.3,10,6,4,5,1,6,15,40.0,9,2,2,0,8,18,17,0,ENG-Premier League,2024,defense
FRA,"MF,FW",22-356,2002,18.4,39,15,13,18,8,14,36,38.9,22,20,3,17,10,49,13,2,ENG-Premier League,2024,defense
BRA,DF,27-063,1998,10.0,4,4,2,1,1,4,10,40.0,6,23,14,9,4,8,39,1,ENG-Premier League,2024,defense
ENG,"DF,MF",20-000,2005,15.7,23,16,7,9,7,9,21,42.9,12,6,3,3,14,37,32,1,ENG-Premier League,2024,defense
POL,MF,26-004,1999,0.1,1,0,1,0,0,0,2,0.0,2,0,0,0,0,1,3,0,ENG-Premier League,2024,defense
ENG,MF,39-097,1986,1.9,5,2,1,3,1,3,3,100.0,0,4,2,2,2,7,2,1,ENG-Premier League,2024,defense
NED,DF,24-307,2000,27.9,38,25,19,18,1,19,36,52.8,17,32,19,13,22,60,123,2,ENG-Premier League,2024,defense
ENG,GK,34-236,1990,2.0,0,0,0,0,0,0,0,,0,0,0,0,0,0,1,0,ENG-Premier League,2024,defense
ECU,MF,22-299,2002,0.1,0,0,0,0,0,0,0,,0,0,0,0,0,0,0,0,ENG-Premier League,2024,defense
BRA,"FW,MF",23-197,2001,20.0,15,11,5,6,4,3,10,30.0,7,12,0,12,7,22,10,0,ENG-Premier League,2024,defense
NED,DF,33-086,1992,18.3,42,28,23,16,3,30,51,58.8,21,22,7,15,18,60,66,0,ENG-Premier League,2024,defense
PAR,"MF,FW",21-078,2004,3.3,0,0,0,0,0,0,2,0.0,2,2,0,2,0,0,1,0,ENG-Premier League,2024,defense
JPN,"FW,MF",27-326,1997,27.4,41,24,13,13,15,17,44,38.6,27,45,3,42,13,54,9,0,ENG-Premier League,2024,defense
ENG,DF,33-141,1991,19.1,16,9,8,6,2,10,15,66.7,5,20,14,6,11,27,60,0,ENG-Premier League,2024,defense
NED,MF,25-146,1999,5.7,24,12,6,15,3,10,18,55.6,8,11,1,10,8,32,13,2,ENG-Premier League,2024,defense
DEN,MF,24-141,2000,6.0,15,9,4,8,3,4,11,36.4,7,6,3,3,11,26,5,1,ENG-Premier League,2024,defense
ECU,DF,27-080,1998,20.7,47,31,26,15,6,23,35,65.7,12,12,2,10,25,72,46,1,ENG-Premier League,2024,defense
CIV,"FW,MF",23-100,2002,8.3,14,7,7,5,2,6,18,33.3,12,7,0,7,7,21,4,1,ENG-Premier League,2024,defense
ENG,"MF,FW",30-265,1994,0.7,6,3,2,2,2,5,6,83.3,1,3,0,3,1,7,0,0,ENG-Premier League,2024,defense
GHA,DF,24-193,2000,8.5,14,10,8,6,0,7,22,31.8,15,12,5,7,6,20,21,1,ENG-Premier League,2024,defense
GAM,"FW,MF",20-263,2004,14.9,38,28,21,10,7,16,43,37.2,27,16,0,16,10,48,25,0,ENG-Premier League,2024,defense
SWE,MF,21-187,2003,17.1,48,26,13,25,10,19,44,43.2,25,20,6,14,17,65,20,0,ENG-Premier League,2024,defense
FRA,DF,27-031,1998,4.0,7,4,5,1,1,6,11,54.5,5,4,1,3,2,9,11,1,ENG-Premier League,2024,defense
FRA,DF,24-016,2001,3.7,9,6,5,4,0,4,5,80.0,1,2,2,0,6,15,12,2,ENG-Premier League,2024,defense
FRA,FW,27-148,1997,10.2,12,8,3,4,5,6,8,75.0,2,9,2,7,7,19,10,0,ENG-Premier League,2024,defense
ENG,MF,22-340,2002,28.5,24,15,11,7,6,8,21,38.1,13,14,1,13,7,31,15,1,ENG-Premier League,2024,defense
ARG,MF,24-084,2001,25.8,55,28,14,26,15,26,70,37.1,44,30,5,25,11,66,19,4,ENG-Premier League,2024,defense
DEN,GK,22-360,2002,6.0,0,0,0,0,0,0,0,,0,0,0,0,0,0,0,3,ENG-Premier League,2024,defense
ENG,FW,25-017,2000,17.6,10,6,3,2,5,5,12,41.7,7,9,0,9,2,12,6,2,ENG-Premier League,2024,defense
ENG,DF,18-341,2006,1.9,2,1,2,0,0,2,2,100.0,0,1,0,1,1,3,2,0,ENG-Premier League,2024,defense
POR,"FW,MF",25-152,1999,4.1,8,3,2,5,1,5,9,55.6,4,2,0,2,3,11,2,0,ENG-Premier League,2024,defense
ENG,"MF,FW",26-217,1998,2.9,8,5,1,1,6,4,6,66.7,2,2,0,2,1,9,8,1,ENG-Premier League,2024,defense
ENG,DF,22-044,2003,28.0,34,23,17,15,2,15,24,62.5,9,30,22,8,28,62,93,4,ENG-Premier League,2024,defense
FRA,DF,21-327,2003,19.2,43,28,26,15,2,24,45,53.3,21,28,8,20,22,65,45,5,ENG-Premier League,2024,defense
ESP,DF,26-263,1998,26.2,52,35,27,20,5,24,46,52.2,22,38,11,27,20,72,67,3,ENG-Premier League,2024,defense
ESP,FW,19-097,2006,0.8,1,1,0,1,0,1,1,100.0,0,0,0,0,0,1,0,0,ENG-Premier League,2024,defense
FRA,MF,19-083,2006,0.1,0,0,0,0,0,0,0,,0,0,0,0,0,0,0,0,ENG-Premier League,2024,defense
ECU,MF,23-160,2001,30.2,91,57,35,43,13,44,70,62.9,26,41,9,32,42,133,43,0,ENG-Premier League,2024,defense
UKR,FW,24-096,2001,1.7,2,2,2,0,0,0,0,,0,3,1,2,0,2,1,0,ENG-Premier League,2024,defense
SEN,FW,23-295,2001,20.7,17,10,4,5,8,2,7,28.6,5,12,2,10,2,19,15,0,ENG-Premier League,2024,defense
ENG,FW,23-032,2002,17.0,17,12,7,9,1,11,31,35.5,20,12,0,12,8,25,10,0,ENG-Premier League,2024,defense
POR,FW,25-033,2000,18.4,17,9,6,8,3,6,16,37.5,10,11,1,10,7,24,3,0,ENG-Premier League,2024,defense
ENG,"DF,MF",25-124,1999,8.5,8,8,5,3,0,3,9,33.3,6,11,4,7,11,19,17,3,ENG-Premier League,2024,defense
POR,"DF,MF",21-256,2003,2.0,9,6,6,3,0,4,12,33.3,8,3,1,2,1,10,2,0,ENG-Premier League,2024,defense
ESP,GK,27-144,1997,25.0,0,0,0,0,0,0,1,0.0,1,0,0,0,2,2,20,8,ENG-Premier League,2024,defense
BEL,MF,21-095,2004,6.0,17,10,5,9,3,7,14,50.0,7,6,0,6,11,28,5,0,ENG-Premier League,2024,defense
ENG,MF,17-173,2007,0.0,0,0,0,0,0,0,0,,0,0,0,0,0,0,0,0,ENG-Premier League,2024,defense
ENG,DF,27-199,1997,13.1,14,10,10,4,0,8,12,66.7,4,9,7,2,10,24,58,0,ENG-Premier League,2024,defense
ENG,DF,25-280,1999,5.3,4,1,1,3,0,3,3,100.0,0,3,1,2,7,11,22,1,ENG-Premier League,2024,defense
ENG,FW,19-066,2006,1.0,2,0,2,0,0,2,3,66.7,1,0,0,0,1,3,0,0,ENG-Premier League,2024,defense
FRA,DF,24-115,2000,13.0,13,12,6,7,0,6,14,42.9,8,14,9,5,14,27,55,2,ENG-Premier League,2024,defense
ENG,MF,20-313,2004,11.2,33,14,13,16,4,16,39,41.0,23,9,1,8,16,49,22,0,ENG-Premier League,2024,defense
ENG,MF,19-195,2005,0.1,2,1,0,2,0,0,0,,0,0,0,0,0,2,0,0,ENG-Premier League,2024,defense
ENG,DF,28-111,1996,1.2,4,4,2,2,0,0,2,0.0,2,3,1,2,1,5,11,0,ENG-Premier League,2024,defense
ENG,DF,18-270,2006,0.1,2,1,2,0,0,2,2,100.0,0,0,0,0,0,2,1,0,ENG-Premier League,2024,defense
MAR,DF,21-298,2003,1.0,5,2,2,2,1,2,3,66.7,1,0,0,0,2,7,0,0,ENG-Premier League,2024,defense
MLI,MF,25-093,2000,5.0,16,8,6,8,2,5,11,45.5,6,4,0,4,11,27,10,1,ENG-Premier League,2024,defense
USA,DF,25-014,2000,14.9,38,25,17,16,5,21,34,61.8,13,26,9,17,9,47,83,0,ENG-Premier League,2024,defense
JPN,MF,28-249,1996,12.3,40,23,17,20,3,12,34,35.3,22,16,3,13,15,55,10,0,ENG-Premier League,2024,defense
COL,DF,28-320,1996,27.9,97,64,47,31,19,42,74,56.8,32,28,2,26,31,128,82,1,ENG-Premier League,2024,defense
ENG,GK,28-030,1997,30.0,2,1,2,0,0,2,5,40.0,3,0,0,0,0,2,21,0,ENG-Premier League,2024,defense
ENG,"MF,FW",26-286,1998,23.3,36,22,13,14,9,17,35,48.6,18,24,0,24,10,46,9,3,ENG-Premier League,2024,defense
ENG,"FW,MF",25-316,1999,8.3,12,5,6,2,4,5,11,45.5,6,9,0,9,2,14,9,0,ENG-Premier League,2024,defense
SEN,MF,27-045,1998,23.4,19,10,8,8,3,7,22,31.8,15,21,7,14,7,26,31,0,ENG-Premier League,2024,defense
FRA,FW,27-287,1997,25.1,17,12,4,11,2,3,15,20.0,12,14,3,11,2,19,20,0,ENG-Premier League,2024,defense
COL,"MF,DF",30-168,1994,19.1,25,11,9,12,4,13,28,46.4,15,28,15,13,31,56,49,1,ENG-Premier League,2024,defense
GHA,"MF,DF",32-109,1992,1.1,2,0,1,0,1,0,3,0.0,3,6,0,6,0,2,2,0,ENG-Premier League,2024,defense
DEN,DF,28-315,1996,1.0,1,1,1,0,0,1,2,50.0,1,0,0,0,0,1,7,0,ENG-Premier League,2024,defense
ENG,DF,35-164,1989,0.0,0,0,0,0,0,0,0,,0,0,0,0,0,0,0,0,ENG-Premier League,2024,defense
GHA,"FW,MF",33-212,1991,0.2,1,0,0,0,1,0,0,,0,0,0,0,0,1,0,0,ENG-Premier League,2024,defense
NIR,MF,21-182,2003,3.7,11,8,6,4,1,7,13,53.8,6,3,0,3,0,11,10,0,ENG-Premier League,2024,defense
ENG,DF,24-272,2000,29.0,53,29,31,20,2,29,42,69.0,13,50,21,29,23,76,139,2,ENG-Premier League,2024,defense
BRA,"MF,DF",21-010,2004,0.2,0,0,0,0,0,0,0,,0,0,0,0,0,0,0,0,ENG-Premier League,2024,defense
FRA,DF,25-005,2000,26.9,62,37,46,15,1,29,42,69.0,13,37,12,25,45,107,159,1,ENG-Premier League,2024,defense
ENG,"DF,MF",34-006,1991,5.1,12,8,8,3,1,6,10,60.0,4,4,2,2,3,15,13,1,ENG-Premier League,2024,defense
FRA,"MF,FW",27-085,1998,1.3,1,0,0,1,0,0,2,0.0,2,1,0,1,0,1,1,0,ENG-Premier League,2024,defense
ENG,MF,19-333,2005,0.1,1,1,1,0,0,1,1,100.0,0,0,0,0,0,1,0,0,ENG-Premier League,2024,defense
ENG,DF,25-280,1999,11.8,20,16,7,12,1,12,23,52.2,11,19,9,10,19,39,57,3,ENG-Premier League,2024,defense
ENG,DF,25-222,1999,28.0,77,49,49,23,5,21,39,53.8,18,54,10,44,13,90,83,2,ENG-Premier League,2024,defense
ENG,MF,29-359,1995,18.3,61,33,17,31,13,27,58,46.6,31,27,12,15,16,77,19,1,ENG-Premier League,2024,defense
MLI,MF,32-100,1993,23.9,41,24,19,16,6,11,32,34.4,21,29,6,23,7,48,18,1,ENG-Premier League,2024,defense
ALB,FW,23-213,2001,2.3,2,1,1,1,0,0,0,,0,3,0,3,0,2,4,0,ENG-Premier League,2024,defense
ENG,"DF,FW",39-276,1985,17.6,50,28,22,21,7,31,49,63.3,18,10,3,7,22,72,58,1,ENG-Premier League,2024,defense
GNB,FW,27-070,1998,11.9,12,6,2,6,4,5,7,71.4,2,5,1,4,3,15,17,0,ENG-Premier League,2024,defense
ARG,"MF,FW",22-132,2002,4.6,11,5,5,3,3,3,8,37.5,5,4,1,3,3,14,5,0,ENG-Premier League,2024,defense
ENG,FW,28-026,1997,17.5,9,7,1,4,4,2,6,33.3,4,6,2,4,6,15,18,0,ENG-Premier League,2024,defense
ENG,"MF,FW",25-140,1999,12.7,10,6,5,3,2,7,16,43.8,9,7,0,7,5,15,1,1,ENG-Premier League,2024,defense
ENG,MF,18-082,2007,0.5,0,0,0,0,0,0,1,0.0,1,0,0,0,0,0,1,0,ENG-Premier League,2024,defense
SEN,MF,35-197,1989,27.2,115,69,55,45,15,51,82,62.2,31,41,8,33,37,152,26,1,ENG-Premier League,2024,defense
SEN,FW,25-036,2000,21.9,46,24,18,14,14,19,44,43.2,25,23,4,19,17,63,22,1,ENG-Premier League,2024,defense
ENG,FW,28-142,1996,18.4,27,19,12,8,7,14,35,40.0,21,15,2,13,7,34,31,2,ENG-Premier League,2024,defense
IRL,DF,23-331,2001,11.5,19,13,16,3,0,13,17,76.5,4,12,3,9,3,22,67,0,ENG-Premier League,2024,defense
ENG,"MF,DF",24-029,2001,10.7,25,15,14,9,2,12,27,44.4,15,13,3,10,14,39,28,0,ENG-Premier League,2024,defense
ENG,DF,32-143,1992,30.9,61,38,38,20,3,23,38,60.5,15,56,41,15,39,100,202,4,ENG-Premier League,2024,defense
ENG,DF,22-288,2002,22.1,32,18,25,7,0,17,24,70.8,7,26,18,8,23,55,160,3,ENG-Premier League,2024,defense
DEN,FW,25-041,2000,13.8,45,25,24,19,2,19,55,34.5,36,15,3,12,12,57,17,0,ENG-Premier League,2024,defense
ENG,GK,31-035,1994,31.0,1,0,1,0,0,1,2,50.0,1,0,0,0,1,2,28,1,ENG-Premier League,2024,defense
ENG,"FW,DF",28-171,1996,0.1,0,0,0,0,0,0,0,,0,0,0,0,0,0,0,0,ENG-Premier League,2024,defense
ENG,DF,32-090,1993,9.0,10,7,7,2,1,7,10,70.0,3,9,6,3,10,20,50,0,ENG-Premier League,2024,defense
SCO,"DF,FW",23-177,2001,2.3,4,1,2,2,0,2,6,33.3,4,2,0,2,0,4,4,0,ENG-Premier League,2024,defense
BEL,MF,27-024,1998,14.0,16,8,3,11,2,5,8,62.5,3,8,3,5,21,37,24,1,ENG-Premier League,2024,defense
ENG,DF,20-106,2004,1.0,5,5,3,2,0,4,4,100.0,0,1,0,1,1,6,3,0,ENG-Premier League,2024,defense
IRL,DF,36-182,1988,2.2,2,1,1,1,0,2,3,66.7,1,5,3,2,1,3,7,0,ENG-Premier League,2024,defense
ENG,MF,21-285,2003,6.2,26,12,12,9,5,13,20,65.0,7,16,4,12,14,40,11,1,ENG-Premier League,2024,defense
UKR,DF,25-317,1999,27.2,52,31,31,13,8,24,45,53.3,21,22,9,13,32,84,123,1,ENG-Premier League,2024,defense
POR,"FW,MF",20-322,2004,0.2,0,0,0,0,0,0,0,,0,0,0,0,0,0,0,0,ENG-Premier League,2024,defense
ESP,"FW,MF",29-076,1996,16.5,15,10,8,2,5,5,13,38.5,8,6,0,6,1,16,5,3,ENG-Premier League,2024,defense
NGA,"FW,MF",28-343,1996,27.4,36,20,13,18,5,17,27,63.0,10,22,1,21,10,46,27,0,ENG-Premier League,2024,defense
BRA,MF,29-100,1996,18.6,22,12,7,11,4,10,37,27.0,27,15,2,13,8,30,14,2,ENG-Premier League,2024,defense
USA,DF,27-246,1997,30.2,82,54,50,26,6,43,82,52.4,39,34,5,29,53,135,109,0,ENG-Premier League,2024,defense
GER,GK,33-038,1992,31.0,2,2,2,0,0,2,2,100.0,0,1,0,1,0,2,7,4,ENG-Premier League,2024,defense
NGA,DF,25-101,1999,28.2,47,29,29,18,0,19,26,73.1,7,36,17,19,16,63,89,7,ENG-Premier League,2024,defense
BRA,MF,30-017,1995,0.0,0,0,0,0,0,0,0,,0,0,0,0,0,0,0,0,ENG-Premier League,2024,defense
ENG,MF,24-257,2000,20.1,30,17,7,13,10,8,24,33.3,16,19,2,17,10,40,14,0,ENG-Premier League,2024,defense
ENG,MF,30-074,1995,1.0,6,3,3,2,1,1,3,33.3,2,1,0,1,1,7,3,0,ENG-Premier League,2024,defense
WAL,"FW,MF",28-020,1997,9.3,10,6,6,3,1,6,11,54.5,5,13,1,12,5,15,5,1,ENG-Premier League,2024,defense
FRA,DF,28-092,1997,14.9,26,12,18,8,0,13,18,72.2,5,10,7,3,9,35,72,2,ENG-Premier League,2024,defense
ENG,MF,22-138,2002,0.0,0,0,0,0,0,0,0,,0,0,0,0,0,0,0,0,ENG-Premier League,2024,defense
DEN,DF,28-315,1996,21.7,24,17,18,5,1,13,19,68.4,6,23,18,5,28,52,132,1,ENG-Premier League,2024,defense
ESP,DF,25-145,1999,2.9,2,2,2,0,0,2,5,40.0,3,3,3,0,2,4,21,0,ENG-Premier League,2024,defense
ENG,"MF,FW",18-098,2007,0.9,5,3,2,3,0,0,2,0.0,2,2,0,2,1,6,1,0,ENG-Premier League,2024,defense
NED,DF,29-184,1995,14.1,41,27,20,12,9,17,28,60.7,11,19,6,13,28,69,37,0,ENG-Premier League,2024,defense
ENG,FW,22-028,2003,0.2,0,0,0,0,0,0,0,,0,1,0,1,1,1,0,0,ENG-Premier League,2024,defense
MEX,FW,33-341,1991,21.4,27,17,6,14,7,6,17,35.3,11,18,5,13,9,36,16,3,ENG-Premier League,2024,defense
ENG,FW,25-122,1999,5.4,8,6,3,3,2,5,13,38.5,8,11,0,11,5,13,2,0,ENG-Premier League,2024,defense
BRA,FW,23-342,2001,10.1,10,5,3,5,2,4,4,100.0,0,9,2,7,5,15,12,0,ENG-Premier League,2024,defense
ENG,"FW,DF",24-328,2000,2.1,6,1,3,2,1,2,5,40.0,3,3,0,3,2,8,3,0,ENG-Premier League,2024,defense
NOR,MF,27-056,1998,20.3,48,28,22,22,4,25,35,71.4,10,24,8,16,19,67,30,1,ENG-Premier League,2024,defense
SRB,MF,28-241,1996,20.9,56,31,15,36,5,16,45,35.6,29,16,6,10,22,78,29,0,ENG-Premier League,2024,defense
BEL,DF,29-127,1995,16.9,45,28,27,15,3,26,44,59.1,18,13,4,9,20,65,77,0,ENG-Premier League,2024,defense
SCO,MF,34-081,1991,4.9,10,5,4,2,4,4,7,57.1,3,4,1,3,4,14,1,1,ENG-Premier League,2024,defense
BRA,"MF,FW",36-245,1988,1.7,1,1,0,1,0,1,3,33.3,2,0,0,0,1,2,1,0,ENG-Premier League,2024,defense
ENG,GK,28-244,1996,7.0,0,0,0,0,0,0,0,,0,0,0,0,0,0,6,0,ENG-Premier League,2024,defense
IRQ,FW,23-041,2002,1.5,1,0,0,0,1,0,2,0.0,2,0,0,0,0,1,2,0,ENG-Premier League,2024,defense
KVX,GK,26-155,1998,18.0,0,0,0,0,0,0,2,0.0,2,0,0,0,0,0,10,5,ENG-Premier League,2024,defense
COD,DF,27-148,1997,14.1,25,13,16,3,6,13,21,61.9,8,13,6,7,19,44,43,0,ENG-Premier League,2024,defense
ENG,DF,27-086,1998,1.2,0,0,0,0,0,0,0,,0,1,1,0,2,2,1,0,ENG-Premier League,2024,defense
ENG,"DF,FW",25-077,2000,12.6,32,21,20,9,3,17,38,44.7,21,18,5,13,12,44,46,1,ENG-Premier League,2024,defense
AUS,DF,29-172,1995,12.5,10,7,8,2,0,6,7,85.7,1,14,11,3,10,20,90,1,ENG-Premier League,2024,defense
IRL,FW,27-345,1997,2.6,7,3,1,2,4,2,4,50.0,2,1,0,1,1,8,3,0,ENG-Premier League,2024,defense
ENG,GK,29-153,1995,6.0,0,0,0,0,0,0,1,0.0,1,0,0,0,0,0,1,1,ENG-Premier League,2024,defense
ENG,"MF,FW",28-054,1997,6.9,12,5,4,6,2,6,13,46.2,7,8,1,7,3,15,2,0,ENG-Premier League,2024,defense
ENG,DF,32-038,1993,3.4,10,7,9,1,0,8,11,72.7,3,8,6,2,4,14,12,0,ENG-Premier League,2024,defense
IRL,DF,26-038,1999,27.7,40,25,26,11,3,17,27,63.0,10,53,43,10,30,70,172,4,ENG-Premier League,2024,defense
ENG,DF,27-223,1997,0.0,0,0,0,0,0,0,0,,0,0,0,0,0,0,0,0,ENG-Premier League,2024,defense
SCO,FW,26-055,1999,3.3,2,2,1,0,1,1,2,50.0,1,0,0,0,1,3,6,0,ENG-Premier League,2024,defense
ENG,DF,24-040,2001,4.2,5,3,3,2,0,3,6,50.0,3,5,4,1,4,9,14,3,ENG-Premier League,2024,defense
ENG,"FW,MF",24-139,2000,9.9,27,16,10,9,8,15,30,50.0,15,5,0,5,5,32,16,1,ENG-Premier League,2024,defense
IRL,MF,26-292,1998,6.0,15,7,4,9,2,9,17,52.9,8,5,2,3,4,19,16,0,ENG-Premier League,2024,defense
ENG,DF,24-211,2000,18.5,27,13,11,15,1,14,22,63.6,8,27,19,8,17,44,104,2,ENG-Premier League,2024,defense
ENG,"FW,DF",23-062,2002,5.2,14,7,6,6,2,8,15,53.3,7,10,1,9,10,24,9,1,ENG-Premier League,2024,defense
SWE,MF,25-244,1999,17.8,37,18,16,20,1,18,44,40.9,26,19,5,14,21,58,27,2,ENG-Premier League,2024,defense
PAR,"FW,MF",21-078,2004,4.8,5,3,2,1,2,2,3,66.7,1,2,0,2,1,6,1,0,ENG-Premier League,2024,defense
ENG,MF,29-130,1995,13.5,34,19,8,19,7,15,38,39.5,23,35,6,29,19,53,37,2,ENG-Premier League,2024,defense
ENG,DF,25-089,2000,27.5,45,26,32,9,4,29,46,63.0,17,22,7,15,23,68,68,3,ENG-Premier League,2024,defense
ENG,FW,22-062,2003,25.8,10,7,3,2,5,2,14,14.3,12,8,0,8,2,12,26,0,ENG-Premier League,2024,defense
ENG,DF,26-172,1998,11.2,9,6,5,4,0,2,5,40.0,3,17,11,6,18,27,60,0,ENG-Premier League,2024,defense
ENG,MF,29-046,1996,0.5,1,0,0,0,1,0,3,0.0,3,2,1,1,0,1,1,0,ENG-Premier League,2024,defense
AUS,MF,32-198,1992,2.0,8,5,6,1,1,4,7,57.1,3,4,2,2,2,10,2,0,ENG-Premier League,2024,defense
WAL,"MF,FW",27-006,1998,6.6,7,3,2,5,0,3,9,33.3,6,6,1,5,4,11,5,0,ENG-Premier League,2024,defense
ENG,"MF,FW",21-163,2003,24.7,30,11,14,9,7,13,45,28.9,32,24,1,23,10,40,13,1,ENG-Premier League,2024,defense
EGY,MF,33-213,1991,23.9,55,31,29,22,4,23,54,42.6,31,24,9,15,25,80,37,4,ENG-Premier League,2024,defense
IRL,"FW,MF",29-199,1995,10.9,15,9,4,9,2,6,23,26.1,17,10,2,8,6,21,14,0,ENG-Premier League,2024,defense
WAL,"FW,DF",30-139,1994,10.3,13,11,1,9,3,4,10,40.0,6,7,2,5,10,23,13,2,ENG-Premier League,2024,defense
GHA,FW,21-034,2004,6.4,21,15,13,2,6,11,19,57.9,8,7,0,7,4,25,12,0,ENG-Premier League,2024,defense
MAR,MF,20-336,2004,18.4,43,23,14,24,5,12,20,60.0,8,17,3,14,5,48,5,3,ENG-Premier League,2024,defense
JAM,"FW,MF",32-068,1993,7.1,8,3,3,5,0,3,13,23.1,10,6,1,5,0,8,8,0,ENG-Premier League,2024,defense
FRA,MF,26-043,1999,19.2,30,15,20,9,1,16,27,59.3,11,14,6,8,23,53,22,3,ENG-Premier League,2024,defense
ITA,DF,23-272,2001,11.5,24,13,8,14,2,10,17,58.8,7,22,12,10,14,38,73,2,ENG-Premier League,2024,defense
ENG,DF,32-045,1993,12.0,11,8,5,5,1,2,4,50.0,2,21,16,5,11,22,43,2,ENG-Premier League,2024,defense
WAL,GK,31-293,1993,1.5,0,0,0,0,0,0,0,,0,0,0,0,0,0,1,0,ENG-Premier League,2024,defense
ARG,"FW,MF",20-109,2004,15.5,48,27,15,19,14,20,63,31.7,43,32,6,26,10,58,12,0,ENG-Premier League,2024,defense
BAN,"MF,DF",27-192,1997,1.5,1,1,1,0,0,1,3,33.3,2,4,2,2,5,6,2,0,ENG-Premier League,2024,defense
ENG,MF,29-068,1996,17.1,24,11,12,10,2,13,30,43.3,17,19,7,12,9,33,20,0,ENG-Premier League,2024,defense
POL,GK,24-113,2000,6.0,2,1,2,0,0,1,2,50.0,1,0,0,0,0,2,5,0,ENG-Premier League,2024,defense
ENG,DF,27-047,1998,27.1,44,27,24,16,4,25,46,54.3,21,38,12,26,41,85,117,3,ENG-Premier League,2024,defense
ENG,FW,38-090,1987,26.2,18,13,6,7,5,4,11,36.4,7,8,4,4,3,21,20,0,ENG-Premier League,2024,defense
DEN,DF,32-251,1992,15.5,22,10,16,6,0,9,15,60.0,6,21,14,7,16,38,74,1,ENG-Premier League,2024,defense
,FW,,,0.2,0,0,0,0,0,0,0,,0,0,0,0,0,0,0,0,ENG-Premier League,2024,defense
GHA,"FW,MF",33-212,1991,14.6,24,13,7,12,5,6,19,31.6,13,14,0,14,12,36,16,0,ENG-Premier League,2024,defense
IRL,"FW,MF",23-140,2001,4.4,11,8,6,4,1,6,14,42.9,8,8,1,7,2,13,10,0,ENG-Premier League,2024,defense
ENG,DF,23-305,2001,6.0,18,14,16,1,1,15,22,68.2,7,9,4,5,7,25,24,1,ENG-Premier League,2024,defense
DEN,GK,24-274,2000,23.5,1,1,1,0,0,1,1,100.0,0,1,0,1,0,1,9,3,ENG-Premier League,2024,defense
FRA,FW,27-085,1998,0.3,1,1,1,0,0,0,0,,0,0,0,0,0,1,1,0,ENG-Premier League,2024,defense
ENG,MF,24-207,2000,9.2,14,4,4,9,1,6,11,54.5,5,14,3,11,8,22,10,1,ENG-Premier League,2024,defense
ZAM,"FW,MF",26-184,1998,6.5,14,7,3,7,4,7,17,41.2,10,6,1,5,1,15,8,0,ENG-Premier League,2024,defense
POR,DF,31-187,1993,2.1,5,2,1,1,3,2,7,28.6,5,4,1,3,1,6,4,0,ENG-Premier League,2024,defense
ENG,FW,26-315,1998,16.0,30,16,15,9,6,11,37,29.7,26,23,2,21,11,41,13,0,ENG-Premier League,2024,defense
DEN,DF,22-116,2002,26.4,85,50,54,26,5,47,87,54.0,40,37,14,23,40,125,72,3,ENG-Premier League,2024,defense
NGA,MF,28-116,1996,20.3,66,38,38,25,3,21,44,47.7,23,37,15,22,22,88,66,0,ENG-Premier League,2024,defense
ENG,FW,20-067,2005,0.0,0,0,0,0,0,0,0,,0,0,0,0,0,0,0,0,ENG-Premier League,2024,defense
BEL,DF,27-008,1998,25.3,38,23,25,11,2,22,41,53.7,19,42,30,12,25,63,146,3,ENG-Premier League,2024,defense
FRA,DF,25-326,1999,1.2,6,4,4,2,0,2,2,100.0,0,3,1,2,5,11,1,0,ENG-Premier League,2024,defense
ARG,MF,26-108,1998,25.5,82,50,22,48,12,46,87,52.9,41,54,5,49,19,101,25,1,ENG-Premier League,2024,defense
BRA,GK,32-191,1992,20.9,1,0,1,0,0,0,1,0.0,1,0,0,0,0,1,12,1,ENG-Premier League,2024,defense
SCO,DF,31-031,1994,24.3,38,22,24,10,4,30,47,63.8,17,9,4,5,20,58,49,2,ENG-Premier League,2024,defense
IRL,GK,26-139,1998,10.0,0,0,0,0,0,0,0,,0,0,0,0,0,0,1,2,ENG-Premier League,2024,defense
NED,FW,25-339,1999,16.3,24,12,5,10,9,11,21,52.4,10,17,2,15,8,32,15,1,ENG-Premier League,2024,defense
NIR,DF,21-276,2003,4.4,7,4,4,2,1,6,13,46.2,7,3,0,3,3,10,18,0,ENG-Premier League,2024,defense
ENG,"MF,DF",24-071,2001,15.0,31,16,4,20,7,12,20,60.0,8,15,7,8,5,36,8,2,ENG-Premier League,2024,defense
URU,FW,25-291,1999,11.2,18,15,10,3,5,5,15,33.3,10,6,0,6,3,21,12,0,ENG-Premier League,2024,defense
POR,FW,28-128,1996,10.9,11,7,0,7,4,7,19,36.8,12,9,0,9,6,17,6,0,ENG-Premier League,2024,defense
HUN,MF,24-168,2000,23.3,29,19,8,16,5,15,37,40.5,22,33,4,29,9,38,15,2,ENG-Premier League,2024,defense
ITA,FW,27-168,1997,0.4,0,0,0,0,0,0,2,0.0,2,1,0,1,0,0,0,0,ENG-Premier League,2024,defense
ENG,"MF,FW",22-007,2003,1.8,3,2,2,1,0,0,3,0.0,3,3,1,2,0,3,2,0,ENG-Premier League,2024,defense
FRA,DF,25-321,1999,22.8,34,23,24,9,1,22,32,68.8,10,26,15,11,11,45,104,2,ENG-Premier League,2024,defense
ENG,DF,22-072,2003,3.2,9,7,7,2,0,4,5,80.0,1,4,4,0,5,14,13,0,ENG-Premier League,2024,defense
ENG,MF,19-085,2006,0.1,0,0,0,0,0,0,1,0.0,1,0,0,0,0,0,0,0,ENG-Premier League,2024,defense
ENG,DF,27-323,1997,5.8,13,10,5,7,1,11,16,68.8,5,9,6,3,7,20,20,2,ENG-Premier League,2024,defense
GRE,DF,28-334,1996,5.7,23,14,11,9,3,12,15,80.0,3,5,2,3,7,30,16,0,ENG-Premier League,2024,defense
COL,FW,28-088,1997,21.9,28,18,8,14,6,11,31,35.5,20,14,0,14,6,34,7,1,ENG-Premier League,2024,defense
EGY,FW,32-300,1992,30.5,20,11,7,5,8,7,14,50.0,7,10,0,10,6,26,5,0,ENG-Premier League,2024,defense
NED,MF,22-330,2002,29.5,56,28,22,24,10,27,45,60.0,18,32,9,23,53,109,53,0,ENG-Premier League,2024,defense
ENG,DF,26-186,1998,23.8,67,47,41,17,9,46,99,46.5,53,25,8,17,30,97,51,4,ENG-Premier League,2024,defense
NED,DF,33-277,1991,31.0,34,16,16,16,2,11,20,55.0,9,22,12,10,50,84,159,3,ENG-Premier League,2024,defense
CZE,GK,23-262,2001,0.1,0,0,0,0,0,0,0,,0,0,0,0,0,0,0,0,ENG-Premier League,2024,defense
JPN,MF,32-061,1993,1.6,8,6,4,4,0,5,8,62.5,3,3,0,3,3,11,5,0,ENG-Premier League,2024,defense
UZB,DF,21-041,2004,5.6,5,4,4,1,0,2,3,66.7,1,5,4,1,3,8,29,1,ENG-Premier League,2024,defense
POR,"MF,FW",30-244,1994,23.7,47,30,15,24,8,22,46,47.8,24,26,6,20,18,65,21,3,ENG-Premier League,2024,defense
ENG,FW,20-168,2004,0.3,0,0,0,0,0,0,0,,0,0,0,0,0,0,0,0,ENG-Premier League,2024,defense
BRA,GK,31-237,1993,21.0,0,0,0,0,0,0,2,0.0,2,0,0,0,1,1,9,2,ENG-Premier League,2024,defense
NOR,FW,24-264,2000,27.6,9,5,3,3,3,2,6,33.3,4,11,1,10,5,14,23,0,ENG-Premier League,2024,defense
ENG,"FW,MF",29-213,1995,8.0,9,5,4,2,3,2,5,40.0,3,11,2,9,2,11,5,1,ENG-Premier League,2024,defense
ENG,DF,19-158,2005,1.1,1,0,1,0,0,0,1,0.0,1,1,1,0,0,1,2,0,ENG-Premier League,2024,defense
ENG,"MF,FW",22-175,2002,1.6,3,2,0,3,0,0,4,0.0,4,4,0,4,1,4,0,0,ENG-Premier League,2024,defense
BEL,"FW,MF",22-319,2002,14.1,27,19,9,12,6,7,13,53.8,6,10,1,9,4,31,2,0,ENG-Premier League,2024,defense
ENG,"DF,MF",30-318,1994,6.1,6,2,3,2,1,5,5,100.0,0,5,3,2,4,10,19,1,ENG-Premier League,2024,defense
CRO,DF,23-078,2002,29.4,49,33,24,15,10,19,34,55.9,15,35,17,18,31,80,101,8,ENG-Premier League,2024,defense
BEL,MF,33-287,1991,13.3,11,5,4,4,3,3,16,18.8,13,6,0,6,5,16,9,1,ENG-Premier League,2024,defense
ENG,DF,34-318,1990,10.8,17,10,7,7,3,14,26,53.8,12,13,4,9,3,20,13,1,ENG-Premier League,2024,defense
SUI,DF,29-266,1995,19.0,15,10,8,4,3,7,12,58.3,5,11,8,3,7,22,55,3,ENG-Premier League,2024,defense
CRO,MF,30-340,1994,19.7,58,34,20,31,7,27,55,49.1,28,18,0,18,18,76,20,1,ENG-Premier League,2024,defense
POR,"DF,MF",26-227,1998,13.6,26,17,11,9,6,12,26,46.2,14,12,3,9,12,38,25,0,ENG-Premier League,2024,defense
NED,DF,30-052,1995,7.5,9,7,7,2,0,4,6,66.7,2,7,2,5,3,12,22,1,ENG-Premier League,2024,defense
ENG,"DF,MF",20-021,2005,2.1,4,1,0,2,2,1,3,33.3,2,0,0,0,2,6,5,0,ENG-Premier League,2024,defense
ESP,MF,23-098,2002,5.3,9,3,4,4,1,2,5,40.0,3,9,0,9,3,12,14,0,ENG-Premier League,2024,defense
EGY,"FW,MF",26-063,1999,7.3,11,6,2,7,2,7,13,53.8,6,8,1,7,5,16,3,0,ENG-Premier League,2024,defense
NOR,FW,21-273,2003,0.1,0,0,0,0,0,0,0,,0,0,0,0,0,0,0,0,ENG-Premier League,2024,defense
ENG,"MF,FW",24-318,2000,18.7,12,5,5,4,3,7,17,41.2,10,12,1,11,9,21,7,1,ENG-Premier League,2024,defense
ENG,"DF,MF",20-141,2004,19.1,29,19,13,12,4,13,21,61.9,8,26,7,19,12,41,42,1,ENG-Premier League,2024,defense
ESP,MF,28-293,1996,0.7,2,1,1,1,0,0,0,,0,1,0,1,1,3,0,0,ENG-Premier League,2024,defense
POR,DF,27-332,1997,18.2,13,7,5,7,1,5,8,62.5,3,14,12,2,17,30,46,3,ENG-Premier League,2024,defense
GER,GK,32-156,1992,10.0,0,0,0,0,0,0,1,0.0,1,0,0,0,0,0,10,1,ENG-Premier League,2024,defense
BRA,"FW,MF",21-001,2004,18.3,21,15,4,10,7,8,17,47.1,9,13,2,11,6,27,7,1,ENG-Premier League,2024,defense
BRA,DF,19-089,2006,0.0,0,0,0,0,0,0,0,,0,0,0,0,0,0,1,0,ENG-Premier League,2024,defense
GER,MF,34-169,1990,18.9,22,13,4,13,5,10,23,43.5,13,11,0,11,12,34,19,0,ENG-Premier League,2024,defense
ARG,"MF,FW",20-284,2004,20.2,26,17,9,6,11,10,28,35.7,18,16,0,16,10,36,10,2,ENG-Premier League,2024,defense
CIV,"FW,MF",22-274,2002,17.7,33,26,6,19,8,15,26,57.7,11,10,0,10,11,44,16,0,ENG-Premier League,2024,defense
CMR,GK,29-009,1996,31.0,1,1,1,0,0,1,3,33.3,2,0,0,0,0,1,11,4,ENG-Premier League,2024,defense
BRA,"DF,MF",25-046,2000,1.6,6,3,4,2,0,2,5,40.0,3,2,0,2,2,8,0,0,ENG-Premier League,2024,defense
ENG,DF,18-201,2006,1.1,3,3,1,2,0,2,2,100.0,0,2,2,0,1,4,6,0,ENG-Premier League,2024,defense
POR,MF,30-215,1994,28.4,70,42,21,35,14,27,70,38.6,43,28,4,24,23,93,33,2,ENG-Premier League,2024,defense
BRA,MF,33-047,1992,14.1,74,43,43,22,9,39,64,60.9,25,33,10,23,12,86,46,3,ENG-Premier League,2024,defense
DEN,FW,17-133,2007,0.3,0,0,0,0,0,0,0,,0,0,0,0,0,0,1,0,ENG-Premier League,2024,defense
DEN,MF,33-056,1992,9.0,13,5,3,8,2,7,16,43.8,9,10,4,6,7,20,6,0,ENG-Premier League,2024,defense
POR,DF,26-024,1999,29.6,62,35,37,20,5,30,47,63.8,17,20,9,11,36,98,71,0,ENG-Premier League,2024,defense
ENG,DF,18-026,2007,0.2,2,0,2,0,0,0,1,0.0,1,0,0,0,1,3,1,0,ENG-Premier League,2024,defense
ENG,DF,32-037,1993,15.8,26,13,20,5,1,13,17,76.5,4,14,12,2,36,62,70,1,ENG-Premier League,2024,defense
NIR,DF,37-098,1988,3.2,7,5,4,3,0,2,4,50.0,2,2,1,1,4,11,13,0,ENG-Premier League,2024,defense
NED,"FW,MF",23-324,2001,15.0,14,8,3,8,3,5,10,50.0,5,15,4,11,6,20,8,0,ENG-Premier League,2024,defense
ENG,MF,19-357,2005,14.3,37,24,15,11,11,20,33,60.6,13,15,2,13,17,54,6,1,ENG-Premier League,2024,defense
FRA,DF,19-149,2005,9.7,21,10,14,6,1,8,14,57.1,6,5,3,2,16,37,29,0,ENG-Premier League,2024,defense
ARG,DF,27-083,1998,19.5,40,24,25,12,3,21,36,58.3,15,22,8,14,32,72,57,1,ENG-Premier League,2024,defense
ENG,DF,29-273,1995,0.8,2,2,1,1,0,1,1,100.0,0,1,0,1,1,3,1,0,ENG-Premier League,2024,defense
URU,MF,24-000,2001,16.0,65,40,26,31,8,22,54,40.7,32,24,3,21,23,88,14,1,ENG-Premier League,2024,defense
ENG,"FW,MF",27-162,1997,10.9,7,4,2,2,3,3,9,33.3,6,8,0,8,4,11,7,0,ENG-Premier League,2024,defense
ENG,"MF,FW",26-091,1999,3.1,7,2,3,4,0,6,8,75.0,2,5,1,4,2,9,0,0,ENG-Premier League,2024,defense
NED,DF,25-242,1999,23.2,30,22,17,12,1,23,32,71.9,9,29,21,8,33,63,92,0,ENG-Premier League,2024,defense
MAR,DF,27-148,1997,26.6,92,55,45,34,13,45,78,57.7,33,29,7,22,33,125,80,0,ENG-Premier League,2024,defense
DEN,DF,20-167,2004,4.5,12,7,7,5,0,9,10,90.0,1,8,0,8,1,13,11,1,ENG-Premier League,2024,defense
DEN,FW,22-066,2003,17.2,3,1,0,2,1,0,4,0.0,4,4,0,4,1,4,5,0,ENG-Premier League,2024,defense
SCO,MF,28-124,1996,0.2,0,0,0,0,0,0,1,0.0,1,0,0,0,0,0,1,0,ENG-Premier League,2024,defense
ENG,MF,21-098,2004,2.0,12,9,6,6,0,5,6,83.3,1,2,1,1,2,14,3,0,ENG-Premier League,2024,defense
NED,DF,25-237,1999,1.1,2,1,2,0,0,1,2,50.0,1,0,0,0,1,3,1,1,ENG-Premier League,2024,defense
SWE,DF,30-268,1994,3.1,4,0,4,0,0,1,2,50.0,1,2,1,1,4,8,24,1,ENG-Premier League,2024,defense
SWE,FW,25-202,1999,24.3,12,5,2,3,7,5,12,41.7,7,17,2,15,3,15,15,1,ENG-Premier League,2024,defense
ENG,FW,24-046,2001,23.4,28,17,9,16,3,11,32,34.4,21,24,2,22,6,34,9,2,ENG-Premier League,2024,defense
BRA,MF,27-146,1997,28.6,65,39,33,23,9,29,59,49.2,30,31,9,22,25,90,34,3,ENG-Premier League,2024,defense
ENG,FW,33-043,1992,2.3,2,2,0,1,1,0,2,0.0,2,2,0,2,1,3,1,0,ENG-Premier League,2024,defense
ENG,DF,32-337,1992,29.0,31,17,19,11,1,16,31,51.6,15,30,22,8,19,50,152,3,ENG-Premier League,2024,defense
SWE,DF,30-252,1994,2.8,2,1,0,1,1,1,2,50.0,1,5,4,1,2,4,10,0,ENG-Premier League,2024,defense
SUI,DF,33-112,1991,24.8,28,19,14,14,0,11,26,42.3,15,33,21,12,35,63,98,2,ENG-Premier League,2024,defense
ENG,FW,27-123,1997,12.0,13,8,3,4,6,3,6,50.0,3,6,1,5,6,19,9,1,ENG-Premier League,2024,defense
ENG,FW,30-046,1995,20.2,20,13,7,8,5,15,28,53.6,13,30,0,30,11,31,21,1,ENG-Premier League,2024,defense
ENG,"MF,FW",25-234,1999,9.4,21,12,12,6,3,17,26,65.4,9,19,3,16,5,26,7,0,ENG-Premier League,2024,defense
BRA,"MF,FW",28-240,1996,24.0,55,34,23,22,10,24,42,57.1,18,33,6,27,22,77,46,1,ENG-Premier League,2024,defense
ENG,DF,34-204,1990,9.7,24,16,10,10,4,14,26,53.8,12,5,1,4,11,35,34,0,ENG-Premier League,2024,defense
ENG,DF,20-215,2004,24.3,58,41,28,22,8,40,74,54.1,34,33,18,15,18,76,75,3,ENG-Premier League,2024,defense
ENG,MF,18-345,2006,2.4,9,7,4,5,0,5,10,50.0,5,5,1,4,2,11,5,2,ENG-Premier League,2024,defense
ENG,DF,26-187,1998,3.4,5,4,4,1,0,1,1,100.0,0,6,4,2,1,6,17,0,ENG-Premier League,2024,defense
SVK,GK,36-086,1989,10.0,0,0,0,0,0,0,0,,0,0,0,0,0,0,3,0,ENG-Premier League,2024,defense
ENG,DF,29-205,1995,0.1,0,0,0,0,0,0,1,0.0,1,0,0,0,1,1,1,0,ENG-Premier League,2024,defense
PAR,FW,31-060,1994,1.7,3,2,2,0,1,2,3,66.7,1,2,0,2,0,3,0,0,ENG-Premier League,2024,defense
ENG,GK,32-357,1992,20.0,0,0,0,0,0,0,0,,0,1,0,1,1,1,24,5,ENG-Premier League,2024,defense
ITA,MF,24-338,2000,21.2,42,28,17,22,3,20,40,50.0,20,25,10,15,26,68,27,1,ENG-Premier League,2024,defense
ENG,MF,27-163,1997,8.6,27,16,10,9,8,18,27,66.7,9,15,4,11,6,33,6,0,ENG-Premier League,2024,defense
NED,DF,25-089,2000,2.5,5,3,2,3,0,2,3,66.7,1,2,1,1,4,9,12,0,ENG-Premier League,2024,defense
ENG,DF,22-150,2002,23.6,45,30,31,11,3,26,44,59.1,18,28,9,19,20,65,87,1,ENG-Premier League,2024,defense
DEN,FW,21-250,2003,1.0,1,0,0,0,1,0,1,0.0,1,0,0,0,4,5,2,0,ENG-Premier League,2024,defense
SWE,FW,22-349,2002,21.9,17,12,7,8,2,4,15,26.7,11,9,1,8,5,22,25,0,ENG-Premier League,2024,defense
ENG,FW,24-155,2000,22.0,17,12,6,7,4,8,13,61.5,5,10,0,10,13,30,10,1,ENG-Premier League,2024,defense
NZL,FW,33-125,1991,26.0,4,4,1,1,2,1,8,12.5,7,11,7,4,4,8,18,1,ENG-Premier League,2024,defense
BRA,"MF,FW",23-347,2001,2.3,2,1,1,1,0,1,3,33.3,2,1,1,0,1,3,2,0,ENG-Premier League,2024,defense
ENG,MF,22-156,2002,23.7,72,48,43,23,6,40,89,44.9,49,39,8,31,24,96,51,3,ENG-Premier League,2024,defense
GER,"MF,DF",18-343,2006,0.3,2,2,2,0,0,2,6,33.3,4,0,0,0,1,3,0,0,ENG-Premier League,2024,defense
ENG,DF,29-235,1995,0.5,2,0,1,0,1,0,0,,0,0,0,0,1,3,7,0,ENG-Premier League,2024,defense
CIV,MF,27-130,1997,3.1,18,10,5,12,1,4,10,40.0,6,5,0,5,2,20,4,0,ENG-Premier League,2024,defense
ENG,MF,30-161,1994,4.4,4,1,1,3,0,2,2,100.0,0,3,2,1,5,9,8,0,ENG-Premier League,2024,defense
POR,"FW,MF",25-253,1999,8.6,22,11,11,9,2,4,24,16.7,20,9,1,8,12,34,15,0,ENG-Premier League,2024,defense
BEL,GK,33-044,1992,31.0,1,1,1,0,0,1,1,100.0,0,0,0,0,0,1,20,1,ENG-Premier League,2024,defense
BRA,DF,23-285,2001,8.4,21,13,18,2,1,13,20,65.0,7,11,4,7,9,30,66,2,ENG-Premier League,2024,defense
ENG,MF,25-074,2000,24.4,37,17,14,17,6,13,26,50.0,13,13,4,9,17,54,21,1,ENG-Premier League,2024,defense
BRA,DF,22-281,2002,29.5,44,32,30,11,3,23,39,59.0,16,63,41,22,29,73,196,2,ENG-Premier League,2024,defense
WAL,DF,23-363,2001,21.8,64,37,49,11,4,37,61,60.7,24,34,6,28,23,87,98,1,ENG-Premier League,2024,defense
ARG,"MF,FW",26-287,1998,16.6,69,36,32,27,10,27,58,46.6,31,30,10,20,25,94,38,1,ENG-Premier League,2024,defense
SRB,DF,27-181,1997,30.0,39,24,26,11,2,19,25,76.0,6,36,21,15,21,60,155,1,ENG-Premier League,2024,defense
NGA,DF,28-185,1996,28.5,53,40,39,13,1,34,58,58.6,24,32,12,20,30,83,95,3,ENG-Premier League,2024,defense
PAR,"FW,MF",25-223,1999,2.9,5,3,3,0,2,1,4,25.0,3,7,0,7,3,8,4,0,ENG-Premier League,2024,defense
ENG,MF,27-141,1997,19.2,39,21,22,13,4,16,35,45.7,19,32,8,24,24,63,55,1,ENG-Premier League,2024,defense
NGA,FW,27-242,1997,4.0,6,3,0,3,3,4,5,80.0,1,1,0,1,0,6,5,0,ENG-Premier League,2024,defense
CIV,DF,34-067,1991,1.7,6,1,5,1,0,4,4,100.0,0,4,2,2,3,9,12,0,ENG-Premier League,2024,defense
ESP,"DF,MF",31-307,1993,9.6,24,18,19,5,0,14,37,37.8,23,11,5,6,14,38,37,0,ENG-Premier League,2024,defense
ENG,GK,26-332,1998,23.0,0,0,0,0,0,0,2,0.0,2,0,0,0,2,2,8,2,ENG-Premier League,2024,defense
ENG,"FW,MF",28-060,1997,13.9,12,3,2,7,3,3,14,21.4,11,6,1,5,3,15,8,0,ENG-Premier League,2024,defense
ENG,MF,36-336,1988,4.0,8,5,4,4,0,2,12,16.7,10,4,1,3,5,13,5,0,ENG-Premier League,2024,defense
DEN,"FW,MF",23-323,2001,1.6,4,1,1,1,2,3,10,30.0,7,1,1,0,0,4,1,0,ENG-Premier League,2024,defense
ENG,GK,35-129,1989,5.0,0,0,0,0,0,0,0,,0,0,0,0,0,0,1,4,ENG-Premier League,2024,defense
GER,DF,23-121,2001,3.7,7,5,5,2,0,3,6,50.0,3,2,2,0,5,12,21,1,ENG-Premier League,2024,defense
CHI,FW,25-358,1999,5.0,3,2,0,2,1,1,9,11.1,8,2,1,1,0,3,4,0,ENG-Premier League,2024,defense
ENG,FW,23-264,2001,13.9,11,7,6,3,2,2,8,25.0,6,5,1,4,2,13,7,0,ENG-Premier League,2024,defense
ARG,MF,22-132,2002,0.1,0,0,0,0,0,0,0,,0,0,0,0,1,1,0,0,ENG-Premier League,2024,defense
ENG,DF,31-205,1993,3.0,7,5,4,3,0,5,6,83.3,1,5,3,2,3,10,22,1,ENG-Premier League,2024,defense
ENG,MF,26-081,1999,17.9,40,21,18,18,4,13,31,41.9,18,20,4,16,29,69,34,4,ENG-Premier League,2024,defense
ENG,DF,31-074,1994,9.9,16,10,13,3,0,6,16,37.5,10,8,6,2,9,25,35,2,ENG-Premier League,2024,defense
ENG,DF,27-182,1997,9.9,15,10,5,9,1,7,17,41.2,10,8,3,5,8,23,24,0,ENG-Premier League,2024,defense
POL,DF,28-364,1996,23.1,33,18,20,13,0,15,30,50.0,15,40,30,10,51,84,150,5,ENG-Premier League,2024,defense
NGA,"MF,DF",28-264,1996,21.2,44,30,15,23,6,17,34,50.0,17,24,9,15,20,64,29,3,ENG-Premier League,2024,defense
ENG,GK,30-055,1995,3.0,0,0,0,0,0,0,0,,0,0,0,0,0,0,3,3,ENG-Premier League,2024,defense
GHA,"FW,MF",23-055,2002,10.1,13,11,5,3,5,6,11,54.5,5,9,0,9,4,17,5,0,ENG-Premier League,2024,defense
ENG,DF,27-363,1997,28.4,42,27,22,14,6,16,33,48.5,17,25,14,11,16,58,75,1,ENG-Premier League,2024,defense
FRA,MF,21-016,2004,13.1,42,20,12,27,3,14,29,48.3,15,22,6,16,5,47,13,1,ENG-Premier League,2024,defense
POR,MF,20-275,2004,25.8,75,41,38,23,14,27,57,47.4,30,33,3,30,18,93,26,5,ENG-Premier League,2024,defense
CIV,FW,28-196,1996,0.8,5,5,1,4,0,0,4,0.0,4,0,0,0,0,5,2,0,ENG-Premier League,2024,defense
ENG,DF,22-315,2002,6.9,10,7,6,3,1,5,8,62.5,3,8,5,3,4,14,26,2,ENG-Premier League,2024,defense
NGA,FW,30-318,1994,9.7,7,2,1,5,1,3,7,42.9,4,6,1,5,1,8,12,1,ENG-Premier League,2024,defense
ENG,DF,22-014,2003,0.1,0,0,0,0,0,0,0,,0,1,1,0,0,0,0,0,ENG-Premier League,2024,defense
SCO,"FW,MF",28-274,1996,1.6,0,0,0,0,0,0,4,0.0,4,3,0,3,0,0,4,0,ENG-Premier League,2024,defense
SCO,"FW,DF",31-046,1994,3.4,6,2,2,4,0,4,6,66.7,2,1,1,0,1,7,9,0,ENG-Premier League,2024,defense
IRL,DF,28-301,1996,12.4,26,16,15,9,2,13,23,56.5,10,18,11,7,15,41,33,0,ENG-Premier League,2024,defense
ENG,"FW,DF",18-267,2006,0.3,1,0,0,1,0,1,1,100.0,0,0,0,0,0,1,0,0,ENG-Premier League,2024,defense
ENG,"DF,FW",22-073,2003,0.7,3,1,0,1,2,2,2,100.0,0,0,0,0,0,3,0,0,ENG-Premier League,2024,defense
ENG,DF,23-071,2002,25.6,27,19,13,11,3,19,29,65.5,10,55,34,21,28,55,110,6,ENG-Premier League,2024,defense
ENG,"FW,MF",19-030,2006,18.0,34,20,13,18,3,16,26,61.5,10,17,5,12,7,41,9,1,ENG-Premier League,2024,defense
BRA,"DF,MF",24-051,2001,2.3,12,4,8,3,1,7,11,63.6,4,3,1,2,3,15,12,0,ENG-Premier League,2024,defense
IRL,MF,25-049,2000,6.5,16,9,8,6,2,6,18,33.3,12,7,0,7,2,18,12,2,ENG-Premier League,2024,defense
JPN,"DF,MF",24-287,2000,16.2,29,16,14,14,1,18,30,60.0,12,17,7,10,10,39,46,3,ENG-Premier League,2024,defense
ENG,DF,19-356,2005,0.2,0,0,0,0,0,0,0,,0,0,0,0,0,0,0,0,ENG-Premier League,2024,defense
CZE,GK,22-029,2003,4.0,3,1,3,0,0,1,1,100.0,0,0,0,0,0,3,5,1,ENG-Premier League,2024,defense
ENG,"DF,MF",19-030,2006,14.0,12,6,3,6,3,6,16,37.5,10,19,10,9,8,20,39,2,ENG-Premier League,2024,defense
WAL,DF,31-352,1993,9.0,9,5,4,5,0,5,10,50.0,5,16,11,5,9,18,53,1,ENG-Premier League,2024,defense
ENG,GK,26-093,1999,1.0,0,0,0,0,0,0,0,,0,0,0,0,0,0,1,0,ENG-Premier League,2024,defense
WAL,FW,23-323,2001,20.9,37,24,8,20,9,15,29,51.7,14,21,3,18,4,41,11,0,ENG-Premier League,2024,defense
ARG,DF,26-349,1998,14.2,32,26,24,7,1,18,27,66.7,9,17,3,14,19,51,48,1,ENG-Premier League,2024,defense
ENG,"FW,MF",21-018,2004,0.4,1,0,0,1,0,0,0,,0,0,0,0,0,1,1,0,ENG-Premier League,2024,defense
SWE,"MF,FW",24-351,2000,23.9,39,22,14,11,14,16,46,34.8,30,25,3,22,11,50,9,1,ENG-Premier League,2024,defense
ITA,DF,22-134,2002,19.4,71,44,38,26,7,32,45,71.1,13,37,5,32,19,90,34,1,ENG-Premier League,2024,defense
ENG,DF,24-245,2000,13.8,35,26,20,10,5,18,23,78.3,5,21,8,13,16,51,48,1,ENG-Premier League,2024,defense
ENG,FW,27-209,1997,21.7,18,11,1,12,5,4,11,36.4,7,16,7,9,0,18,22,0,ENG-Premier League,2024,defense
ENG,GK,37-025,1988,7.0,0,0,0,0,0,0,1,0.0,1,0,0,0,0,0,7,3,ENG-Premier League,2024,defense
ITA,GK,28-186,1996,19.0,0,0,0,0,0,0,0,,0,0,0,0,1,1,12,2,ENG-Premier League,2024,defense
ENG,MF,28-139,1996,18.8,29,18,8,14,7,9,27,33.3,18,15,4,11,11,40,19,1,ENG-Premier League,2024,defense
AUT,DF,26-204,1998,3.9,5,4,2,3,0,4,6,66.7,2,4,4,0,2,7,22,1,ENG-Premier League,2024,defense
SWE,MF,19-068,2006,12.0,36,19,12,19,5,17,29,58.6,12,16,7,9,22,58,20,2,ENG-Premier League,2024,defense
FRA,FW,19-349,2005,3.5,2,1,0,1,1,1,6,16.7,5,2,0,2,0,2,1,1,ENG-Premier League,2024,defense
NED,DF,23-357,2001,10.1,10,6,5,4,1,8,14,57.1,6,9,6,3,9,19,34,1,ENG-Premier League,2024,defense
ENG,"FW,MF",17-243,2007,2.1,0,0,0,0,0,0,1,0.0,1,1,0,1,1,1,1,0,ENG-Premier League,2024,defense
SEN,MF,22-209,2002,16.2,41,29,16,21,4,10,21,47.6,11,21,7,14,22,63,17,1,ENG-Premier League,2024,defense
ESP,DF,25-210,1999,26.4,61,44,29,22,10,42,71,59.2,29,42,17,25,33,94,78,1,ENG-Premier League,2024,defense
ROU,DF,23-067,2002,13.9,10,6,8,2,0,6,12,50.0,6,22,16,6,15,25,49,4,ENG-Premier League,2024,defense
BRA,FW,27-336,1997,3.1,4,3,0,3,1,0,0,,0,1,1,0,0,4,8,0,ENG-Premier League,2024,defense
URU,MF,27-290,1997,15.5,35,17,16,17,2,18,34,52.9,16,23,8,15,33,68,31,1,ENG-Premier League,2024,defense
ESP,DF,28-116,1996,1.4,4,3,1,3,0,2,3,66.7,1,4,0,4,2,6,3,0,ENG-Premier League,2024,defense
KOR,FW,32-277,1992,22.3,17,9,3,8,6,5,23,21.7,18,10,0,10,5,22,16,1,ENG-Premier League,2024,defense
GER,"FW,MF",29-036,1996,5.7,6,4,3,3,0,3,13,23.1,10,10,1,9,1,7,7,0,ENG-Premier League,2024,defense
ENG,"FW,MF",19-356,2005,0.1,0,0,0,0,0,0,0,,0,0,0,0,0,0,0,0,ENG-Premier League,2024,defense
FRA,FW,20-134,2004,5.0,6,2,2,3,1,4,9,44.4,5,4,0,4,2,8,2,1,ENG-Premier League,2024,defense
MLI,MF,28-224,1996,12.8,41,27,16,22,3,16,30,53.3,14,7,4,3,14,55,31,4,ENG-Premier League,2024,defense
ENG,DF,35-117,1989,6.5,8,4,3,4,1,6,8,75.0,2,7,4,3,6,14,30,0,ENG-Premier League,2024,defense
ENG,DF,27-136,1997,29.0,60,42,29,26,5,18,25,72.0,7,30,8,22,52,112,107,0,ENG-Premier League,2024,defense
FRA,GK,32-043,1993,19.1,2,2,2,0,0,2,3,66.7,1,0,0,0,0,2,13,2,ENG-Premier League,2024,defense
SCO,MF,24-333,2000,1.8,7,4,3,3,1,1,5,20.0,4,5,1,4,1,8,5,0,ENG-Premier League,2024,defense
ESP,"MF,FW",28-099,1997,13.1,12,10,7,5,0,5,20,25.0,15,17,4,13,8,20,17,2,ENG-Premier League,2024,defense
NED,"FW,MF",23-163,2001,8.7,13,7,2,8,3,3,9,33.3,6,13,4,9,0,13,7,0,ENG-Premier League,2024,defense
ENG,"FW,MF",32-262,1992,3.2,4,2,2,2,0,1,3,33.3,2,5,0,5,1,5,4,0,ENG-Premier League,2024,defense
MEX,MF,27-169,1997,18.1,44,23,24,12,8,15,33,45.5,18,21,8,13,16,60,39,1,ENG-Premier League,2024,defense
ITA,DF,30-251,1994,20.6,53,28,32,17,4,21,39,53.8,18,30,7,23,18,71,51,0,ENG-Premier League,2024,defense
IRL,FW,20-174,2004,1.6,2,0,0,1,1,0,0,,0,2,1,1,1,3,1,0,ENG-Premier League,2024,defense
ARG,MF,30-364,1994,11.3,30,16,19,11,0,14,30,46.7,16,21,9,12,12,42,28,1,ENG-Premier League,2024,defense
ENG,MF,30-161,1994,6.5,11,8,6,2,3,3,10,30.0,7,6,3,3,5,16,9,0,ENG-Premier League,2024,defense
ENG,"FW,MF",28-112,1996,26.3,35,23,12,9,14,17,37,45.9,20,20,3,17,15,50,21,0,ENG-Premier League,2024,defense
FRA,DF,25-102,1999,13.6,31,19,21,10,0,19,22,86.4,3,19,10,9,19,50,61,3,ENG-Premier League,2024,defense
ENG,DF,20-165,2004,0.0,0,0,0,0,0,0,0,,0,0,0,0,0,0,1,0,ENG-Premier League,2024,defense
GRE,DF,27-121,1997,19.5,32,22,22,9,1,14,25,56.0,11,20,15,5,37,69,102,1,ENG-Premier League,2024,defense
ENG,MF,19-052,2006,0.5,0,0,0,0,0,0,0,,0,1,0,1,1,1,0,0,ENG-Premier League,2024,defense
BRA,"MF,FW",27-227,1997,22.1,59,34,22,28,9,22,45,48.9,23,24,3,21,16,75,27,3,ENG-Premier League,2024,defense
BRA,"MF,FW",19-061,2006,1.2,1,0,1,0,0,0,1,0.0,1,6,0,6,3,4,2,0,ENG-Premier League,2024,defense
ENG,DF,27-323,1997,30.2,27,15,12,12,3,16,20,80.0,4,48,32,16,34,61,161,4,ENG-Premier League,2024,defense
JAM,FW,35-014,1990,9.3,2,2,0,1,1,2,3,66.7,1,6,0,6,0,2,2,0,ENG-Premier League,2024,defense
GHA,"FW,MF",24-252,2000,23.1,31,19,7,15,9,9,25,36.0,16,21,1,20,4,35,6,2,ENG-Premier League,2024,defense
GER,FW,32-061,1993,5.0,2,2,0,1,1,2,3,66.7,1,1,0,1,0,2,8,0,ENG-Premier League,2024,defense
ENG,DF,19-120,2005,5.9,15,11,11,3,1,11,17,64.7,6,14,2,12,8,23,18,0,ENG-Premier League,2024,defense
CZE,MF,30-043,1995,23.9,36,18,15,18,3,17,34,50.0,17,33,16,17,14,50,72,1,ENG-Premier League,2024,defense
CZE,DF,32-232,1992,8.2,14,9,9,4,1,6,15,40.0,9,11,10,1,6,20,29,1,ENG-Premier League,2024,defense
POL,GK,39-358,1985,11.9,0,0,0,0,0,0,1,0.0,1,0,0,0,0,0,5,1,ENG-Premier League,2024,defense
ENG,DF,21-041,2004,0.0,0,0,0,0,0,0,0,,0,0,0,0,0,0,0,0,ENG-Premier League,2024,defense
BRA,MF,23-269,2001,21.2,63,41,27,31,5,28,51,54.9,23,38,8,30,26,89,26,1,ENG-Premier League,2024,defense
MLI,MF,23-234,2001,0.0,2,0,0,2,0,1,1,100.0,0,0,0,0,0,2,0,0,ENG-Premier League,2024,defense
POR,"MF,FW",21-023,2004,2.6,8,5,5,2,1,4,5,80.0,1,3,0,3,1,9,2,1,ENG-Premier League,2024,defense
POR,MF,25-065,2000,0.1,0,0,0,0,0,0,0,,0,0,0,0,0,0,0,0,ENG-Premier League,2024,defense
ENG,DF,34-340,1990,10.8,15,3,8,6,1,12,15,80.0,3,16,11,5,9,24,52,1,ENG-Premier League,2024,defense
POR,"MF,FW",29-172,1995,0.5,0,0,0,0,0,0,1,0.0,1,0,0,0,0,0,0,0,ENG-Premier League,2024,defense
CIV,DF,27-298,1997,8.7,18,12,12,6,0,8,13,61.5,5,10,8,2,8,26,56,0,ENG-Premier League,2024,defense
POR,"MF,FW",28-133,1996,8.6,14,4,2,5,7,3,15,20.0,12,9,0,9,5,19,3,0,ENG-Premier League,2024,defense
KOR,"MF,FW",29-075,1996,7.1,6,4,2,1,3,2,6,33.3,4,9,0,9,2,8,11,0,ENG-Premier League,2024,defense
FRA,"MF,FW",26-288,1998,16.0,30,16,13,14,3,10,15,66.7,5,17,3,14,10,40,13,1,ENG-Premier League,2024,defense
POR,GK,32-084,1993,24.0,2,2,2,0,0,2,2,100.0,0,0,0,0,0,2,14,1,ENG-Premier League,2024,defense
BRA,MF,24-058,2001,27.0,88,52,43,42,3,35,86,40.7,51,36,3,33,25,113,29,0,ENG-Premier League,2024,defense
NOR,FW,25-064,2000,24.9,8,5,2,3,3,4,23,17.4,19,17,4,13,4,12,25,0,ENG-Premier League,2024,defense
GAB,"MF,DF",31-222,1993,15.2,51,31,27,19,5,20,29,69.0,9,12,7,5,27,78,50,3,ENG-Premier League,2024,defense
ZIM,"MF,FW",28-293,1996,5.8,16,7,4,7,5,9,13,69.2,4,5,1,4,3,19,12,0,ENG-Premier League,2024,defense
BRA,"MF,FW",25-319,1999,23.8,32,18,16,13,3,11,34,32.4,23,17,1,16,16,48,22,0,ENG-Premier League,2024,defense
IRL,DF,33-085,1992,19.6,35,19,23,12,0,14,21,66.7,7,23,14,9,21,56,83,3,ENG-Premier League,2024,defense
BFA,DF,22-147,2002,0.2,0,0,0,0,0,0,0,,0,0,0,0,2,2,3,1,ENG-Premier League,2024,defense
POR,DF,31-146,1993,25.8,50,29,27,17,6,27,47,57.4,20,27,10,17,18,68,93,2,ENG-Premier League,2024,defense
ESP,"MF,FW",32-335,1992,6.8,13,7,4,8,1,8,12,66.7,4,6,0,6,4,17,5,1,ENG-Premier League,2024,defense
BRA,DF,18-284,2006,0.8,1,0,0,0,1,1,3,33.3,2,0,0,0,2,3,5,0,ENG-Premier League,2024,defense
ALG,DF,23-309,2001,28.3,77,47,47,24,6,39,63,61.9,24,38,6,32,21,98,62,1,ENG-Premier League,2024,defense
POR,"DF,FW",21-278,2003,6.6,19,12,10,9,0,9,17,52.9,8,8,1,7,5,24,17,1,ENG-Premier League,2024,defense
ENG,GK,32-017,1993,7.0,0,0,0,0,0,0,1,0.0,1,0,0,0,0,0,7,0,ENG-Premier League,2024,defense
URU,DF,26-153,1998,17.1,32,16,21,10,1,13,17,76.5,4,32,18,14,14,46,57,0,ENG-Premier League,2024,defense
ENG,MF,23-176,2001,5.4,11,6,6,3,2,6,15,40.0,9,11,5,6,5,16,11,1,ENG-Premier League,2024,defense
POR,DF,26-085,1999,22.0,47,34,31,14,2,25,31,80.6,6,24,14,10,19,66,117,5,ENG-Premier League,2024,defense
COL,DF,23-344,2001,4.9,11,7,9,2,0,9,14,64.3,5,13,10,3,10,21,14,0,ENG-Premier League,2024,defense
