league,season,team,player,nation,pos,age,born,90s,Touches,Touches,Touches,Touches,Touches,Touches,Touches,Take-Ons,Take-Ons,Take-Ons,Take-Ons,Take-Ons,Carries,Carries,Carries,Carries,Carries,Carries,Carries,Carries,Receiving,Receiving,stat_type
,,,,,,,,,Touches,Def Pen,Def 3rd,Mid 3rd,Att 3rd,Att Pen,Live,Att,Succ,Succ%,Tkld,Tkld%,Carries,TotDist,PrgDist,PrgC,1/3,CPA,Mis,Dis,Rec,PrgR,
ESP-La Liga,2022,Almería,Adri Embarba,ESP,"FW,MF",30,1992,16.4,865,14,125,324,435,42,864,116,47,40.5,56,48.3,508,3885,1831,62,47,14,49,31,517,115,possession
ESP-La Liga,2022,Almería,Alejandro Pozo Pozo,ESP,DF,23,1999,20.9,1323,55,441,576,319,30,1323,24,12,50.0,10,41.7,625,2824,1563,44,31,10,27,9,721,90,possession
ESP-La Liga,2022,Almería,Arnau Puigmal,ESP,"MF,FW",21,2001,8.5,393,7,76,161,160,27,393,30,10,33.3,17,56.7,228,1385,691,24,11,9,28,8,243,57,possession
ESP-La Liga,2022,Almería,Chumi,ESP,DF,23,1999,16.5,970,105,519,363,93,8,970,16,7,43.8,9,56.3,532,2429,1057,13,6,1,11,8,577,10,possession
ESP-La Liga,2022,Almería,Curro,ESP,MF,26,1996,0.5,34,0,3,18,13,1,34,0,0,,0,,15,63,36,1,3,0,1,0,22,1,possession
ESP-La Liga,2022,Almería,César de la Hoz,ESP,MF,30,1992,18.6,723,54,247,427,51,10,723,8,4,50.0,4,50.0,324,1233,543,3,5,0,12,4,391,6,possession
ESP-La Liga,2022,Almería,Diego Mariño,ESP,GK,32,1990,0.5,10,10,10,0,0,0,10,0,0,,0,,2,12,12,0,0,0,0,0,0,0,possession
ESP-La Liga,2022,Almería,Dyego Sousa,POR,FW,32,1989,5.9,256,16,34,110,114,35,256,13,5,38.5,7,53.8,131,611,214,10,8,4,28,11,190,39,possession
ESP-La Liga,2022,Almería,El Bilal Touré,MLI,FW,20,2001,14.0,407,26,46,196,172,53,407,17,6,35.3,9,52.9,201,1136,519,18,16,9,44,9,261,51,possession
ESP-La Liga,2022,Almería,Fernando,ESP,GK,32,1990,36.5,1409,1270,1403,6,0,0,1409,1,1,100.0,0,0.0,704,3797,2346,0,0,0,0,0,535,0,possession
ESP-La Liga,2022,Almería,Fernando Pacheco,ESP,GK,30,1992,1.0,34,30,34,0,0,0,34,0,0,,0,,20,109,89,0,0,0,0,0,13,0,possession
ESP-La Liga,2022,Almería,Francisco Portillo,ESP,"MF,FW",32,1990,8.0,519,11,95,268,162,13,519,17,9,52.9,7,41.2,327,1777,930,16,23,0,10,9,373,37,possession
ESP-La Liga,2022,Almería,Gonzalo Melero,ESP,MF,28,1994,20.6,943,44,204,526,221,35,942,36,17,47.2,18,50.0,573,2999,1408,31,28,4,37,19,672,37,possession
ESP-La Liga,2022,Almería,Houboulang Mendes,GNB,DF,24,1998,9.8,436,29,160,183,97,1,436,21,9,42.9,9,42.9,201,1270,704,18,10,1,16,10,227,30,possession
ESP-La Liga,2022,Almería,José Carlos Lazo,ESP,"MF,FW",26,1996,0.2,8,0,1,2,5,1,8,1,1,100.0,0,0.0,7,44,9,0,0,0,2,0,7,3,possession
ESP-La Liga,2022,Almería,Kaiky,BRA,DF,18,2004,6.5,294,61,184,108,3,1,294,3,2,66.7,1,33.3,167,886,513,7,2,0,5,0,180,2,possession
ESP-La Liga,2022,Almería,Largie Ramazani,BEL,"FW,MF",21,2001,15.6,486,11,77,180,241,51,485,68,32,47.1,32,47.1,316,2670,1328,59,32,24,39,24,333,94,possession
ESP-La Liga,2022,Almería,Lucas Robertone,ARG,MF,25,1997,31.6,1711,67,345,918,479,38,1711,68,27,39.7,30,44.1,928,4923,2510,47,48,7,44,19,1081,97,possession
ESP-La Liga,2022,Almería,Luis Javier Suárez,COL,FW,24,1997,16.6,578,14,55,308,225,60,578,44,19,43.2,21,47.7,331,1832,809,29,20,15,42,25,416,87,possession
ESP-La Liga,2022,Almería,Lázaro,BRA,"FW,MF",20,2002,8.0,321,4,27,138,162,38,321,28,15,53.6,13,46.4,208,1424,665,23,21,3,18,11,236,59,possession
ESP-La Liga,2022,Almería,Léo Baptistão,BRA,"FW,MF",29,1992,19.2,789,16,158,391,262,61,789,36,14,38.9,16,44.4,465,2611,1484,38,31,9,56,17,525,83,possession
ESP-La Liga,2022,Almería,Marko Milovanović,SRB,FW,18,2003,0.2,12,0,1,5,6,1,12,0,0,,0,,5,20,8,0,1,0,0,3,10,3,possession
ESP-La Liga,2022,Almería,Rodrigo Ely,BRA,DF,28,1993,35.1,1857,376,1164,646,54,30,1857,7,5,71.4,1,14.3,964,3809,1958,6,8,1,16,2,1084,4,possession
ESP-La Liga,2022,Almería,Samu Costa,POR,MF,21,2000,22.1,1395,96,478,774,153,16,1395,22,9,40.9,12,54.5,717,2783,1113,9,8,1,31,13,856,24,possession
ESP-La Liga,2022,Almería,Sergio Akieme,ESP,DF,24,1997,25.5,1283,78,434,563,307,35,1283,51,27,52.9,18,35.3,660,4200,2232,60,34,11,29,25,710,84,possession
ESP-La Liga,2022,Almería,Srđan Babić,SRB,DF,26,1996,33.3,1640,237,976,633,43,16,1640,8,4,50.0,4,50.0,891,4831,2792,21,13,1,10,3,1013,5,possession
ESP-La Liga,2022,Almería,Umar Sadiq,NGA,FW,25,1997,2.7,74,3,6,31,39,18,74,12,4,33.3,8,66.7,47,390,211,5,8,6,7,11,53,7,possession
ESP-La Liga,2022,Almería,Álex Centelles,ESP,DF,24,1997,12.5,686,55,269,244,180,7,686,14,6,42.9,7,50.0,341,1561,854,17,11,1,11,6,368,48,possession
ESP-La Liga,2022,Almería,Íñigo Eguaras,ESP,MF,30,1992,10.7,614,26,174,369,75,3,614,5,4,80.0,1,20.0,354,1476,706,8,8,0,7,4,433,7,possession
ESP-La Liga,2022,Athletic Club,Adu Ares,ESP,"FW,MF",20,2001,0.9,69,2,5,18,46,3,69,9,5,55.6,2,22.2,51,410,246,8,4,1,1,3,49,19,possession
ESP-La Liga,2022,Athletic Club,Aitor Paredes,ESP,DF,22,2000,9.5,600,53,277,296,30,10,600,1,0,0.0,1,100.0,343,1678,895,4,2,0,3,0,377,8,possession
ESP-La Liga,2022,Athletic Club,Ander Capa,ESP,DF,30,1992,1.2,110,2,24,50,37,2,110,3,2,66.7,1,33.3,53,406,193,5,9,1,3,2,56,7,possession
ESP-La Liga,2022,Athletic Club,Ander Herrera,ESP,MF,32,1989,7.7,540,18,99,302,141,17,540,10,5,50.0,4,40.0,316,1009,452,8,8,1,6,8,387,14,possession
ESP-La Liga,2022,Athletic Club,Asier Villalibre,ESP,FW,24,1997,1.1,27,1,1,7,19,7,27,0,0,,0,,14,48,14,0,0,0,0,2,22,9,possession
ESP-La Liga,2022,Athletic Club,Dani García,ESP,MF,32,1990,16.5,868,43,183,560,130,5,868,2,2,100.0,0,0.0,411,1289,514,6,6,0,6,4,497,8,possession
ESP-La Liga,2022,Athletic Club,Daniel Vivian,ESP,DF,23,1999,26.4,1720,143,804,857,71,26,1720,11,4,36.4,6,54.5,1029,5819,3835,25,12,0,21,14,1039,5,possession
ESP-La Liga,2022,Athletic Club,Gorka Guruzeta,ESP,FW,25,1996,15.8,587,13,48,274,267,74,587,20,10,50.0,10,50.0,296,1161,450,15,10,4,40,22,412,93,possession
ESP-La Liga,2022,Athletic Club,Iker Muniain,ESP,"MF,FW",29,1992,18.8,1256,5,86,612,575,40,1256,66,39,59.1,15,22.7,823,4049,1867,50,55,9,30,30,961,103,possession
ESP-La Liga,2022,Athletic Club,Iñaki Williams,GHA,FW,28,1994,31.5,1182,38,103,389,707,181,1180,105,47,44.8,48,45.7,756,5180,2721,127,53,57,73,42,915,341,possession
ESP-La Liga,2022,Athletic Club,Iñigo Lekue,ESP,DF,29,1993,14.7,951,45,265,450,249,13,951,22,11,50.0,9,40.9,521,2856,1643,42,25,6,17,3,506,59,possession
ESP-La Liga,2022,Athletic Club,Iñigo Martínez,ESP,DF,31,1991,14.9,914,117,451,430,38,15,914,0,0,,0,,495,3173,2165,11,10,0,4,2,529,4,possession
ESP-La Liga,2022,Athletic Club,Jon Morcillo,ESP,"FW,MF",23,1998,0.8,51,0,9,13,30,3,51,5,3,60.0,0,0.0,37,332,198,6,6,1,0,2,38,15,possession
ESP-La Liga,2022,Athletic Club,Julen Agirrezabala,ESP,GK,21,2000,7.5,253,203,249,4,0,0,253,0,0,,0,,150,804,551,0,0,0,0,0,105,0,possession
ESP-La Liga,2022,Athletic Club,Mikel Balenziaga,ESP,DF,34,1988,1.3,77,2,14,39,25,0,77,1,1,100.0,0,0.0,29,100,50,0,2,0,0,1,41,6,possession
ESP-La Liga,2022,Athletic Club,Mikel Vesga,ESP,MF,29,1993,28.6,1800,66,338,1118,355,32,1797,18,10,55.6,8,44.4,962,4175,1995,26,29,4,38,16,1152,31,possession
ESP-La Liga,2022,Athletic Club,Nico Williams,ESP,FW,20,2002,29.5,1382,11,132,376,898,148,1382,200,83,41.5,91,45.5,891,7039,3996,174,69,64,87,45,963,321,possession
ESP-La Liga,2022,Athletic Club,Oier Zarraga,ESP,MF,23,1999,9.5,447,7,60,229,168,12,447,7,5,71.4,2,28.6,271,1549,766,12,15,2,6,9,304,32,possession
ESP-La Liga,2022,Athletic Club,Oihan Sancet,ESP,MF,22,2000,28.1,1269,17,114,623,561,80,1267,83,46,55.4,25,30.1,847,5286,2806,91,71,17,82,61,981,156,possession
ESP-La Liga,2022,Athletic Club,Raúl García,ESP,"FW,MF",36,1986,10.7,446,9,32,192,224,68,446,12,6,50.0,5,41.7,230,940,453,12,15,2,13,8,321,62,possession
ESP-La Liga,2022,Athletic Club,Unai Simón,ESP,GK,25,1997,30.5,1007,810,1001,7,0,0,1007,0,0,,0,,598,3166,1823,0,0,0,1,0,480,0,possession
ESP-La Liga,2022,Athletic Club,Unai Vencedor Paris,ESP,MF,21,2000,2.1,149,5,28,93,29,4,149,2,1,50.0,1,50.0,76,343,179,2,2,1,4,4,94,3,possession
ESP-La Liga,2022,Athletic Club,Yeray Álvarez,ESP,DF,27,1995,25.9,1651,161,698,896,74,16,1651,11,6,54.5,1,9.1,898,6084,4073,32,17,1,8,1,915,8,possession
ESP-La Liga,2022,Athletic Club,Yuri Berchiche,ESP,DF,32,1990,26.7,1865,92,478,899,506,24,1865,30,12,40.0,15,50.0,966,4831,2537,59,45,3,22,14,1047,95,possession
ESP-La Liga,2022,Athletic Club,Álex Berenguer,ESP,FW,27,1995,25.5,1298,22,135,390,794,117,1298,85,37,43.5,44,51.8,716,4451,2024,73,54,35,63,39,848,249,possession
ESP-La Liga,2022,Athletic Club,Óscar de Marcos,ESP,DF,33,1989,31.3,2218,93,525,1042,671,34,2218,31,12,38.7,17,54.8,1119,4785,2851,76,68,8,26,19,1245,153,possession
ESP-La Liga,2022,Atlético Madrid,Antoine Griezmann,FRA,"FW,MF",31,1991,31.8,1971,45,247,933,818,153,1970,83,47,56.6,28,33.7,1103,5931,3089,99,66,25,41,35,1445,202,possession
ESP-La Liga,2022,Atlético Madrid,Antonio Gomis,ESP,GK,19,2003,0.1,3,3,3,0,0,0,3,0,0,,0,,1,19,7,0,0,0,0,0,0,0,possession
ESP-La Liga,2022,Atlético Madrid,Axel Witsel,BEL,"DF,MF",33,1989,25.1,1521,168,634,810,82,18,1521,7,6,85.7,1,14.3,949,4096,1965,6,9,0,8,3,1059,11,possession
ESP-La Liga,2022,Atlético Madrid,Carlos Martín,ESP,"FW,MF",20,2002,0.3,14,0,0,9,5,1,14,0,0,,0,,6,20,8,0,0,0,0,0,9,3,possession
ESP-La Liga,2022,Atlético Madrid,Felipe,BRA,DF,33,1989,2.2,149,9,56,90,5,2,149,2,1,50.0,1,50.0,102,581,332,2,0,0,0,0,98,1,possession
ESP-La Liga,2022,Atlético Madrid,Geoffrey Kondogbia,CTA,MF,29,1993,11.2,751,29,196,498,66,8,751,10,5,50.0,2,20.0,413,1449,637,6,7,1,6,10,511,5,possession
ESP-La Liga,2022,Atlético Madrid,Ivo Grbić,CRO,GK,26,1996,10.2,361,330,360,1,0,0,361,0,0,,0,,181,1016,681,0,0,0,0,0,123,0,possession
ESP-La Liga,2022,Atlético Madrid,Jan Oblak,SVN,GK,29,1993,27.7,861,783,857,4,0,0,861,1,1,100.0,0,0.0,416,2241,1218,0,1,1,0,0,345,0,possession
ESP-La Liga,2022,Atlético Madrid,José María Giménez,URU,DF,27,1995,26.9,1623,277,941,643,50,30,1623,10,6,60.0,4,40.0,861,3631,1867,9,5,0,9,1,1041,3,possession
ESP-La Liga,2022,Atlético Madrid,João Félix,POR,"FW,MF",22,1999,7.2,322,3,23,158,142,21,322,24,6,25.0,14,58.3,211,1078,554,17,16,2,20,12,260,42,possession
ESP-La Liga,2022,Atlético Madrid,Koke,ESP,MF,30,1992,28.3,2244,70,542,1337,376,21,2244,22,13,59.1,8,36.4,1246,4448,2069,15,25,0,21,18,1736,37,possession
ESP-La Liga,2022,Atlético Madrid,Marcos Llorente,ESP,"MF,DF",27,1995,18.9,997,35,216,378,415,64,997,27,12,44.4,13,48.1,558,3321,1942,64,45,15,23,11,661,139,possession
ESP-La Liga,2022,Atlético Madrid,Mario Hermoso,ESP,DF,27,1995,23.4,1718,139,718,840,171,21,1718,22,14,63.6,7,31.8,886,3555,1979,23,16,0,20,9,1145,17,possession
ESP-La Liga,2022,Atlético Madrid,Matheus Cunha,BRA,"FW,MF",23,1999,4.2,131,4,17,61,58,22,131,7,6,85.7,1,14.3,74,473,221,6,7,4,9,5,89,19,possession
ESP-La Liga,2022,Atlético Madrid,Matt Doherty,IRL,DF,30,1992,0.2,11,0,6,3,2,0,11,0,0,,0,,6,15,5,0,0,0,0,0,6,1,possession
ESP-La Liga,2022,Atlético Madrid,Memphis,NED,FW,28,1994,3.0,139,0,7,47,86,27,139,11,4,36.4,6,54.5,87,368,181,4,2,4,16,9,122,22,possession
ESP-La Liga,2022,Atlético Madrid,Nahuel Molina,ARG,DF,24,1998,31.9,2229,87,696,833,709,47,2229,51,21,41.2,24,47.1,1080,4861,2929,73,43,9,32,10,1386,249,possession
ESP-La Liga,2022,Atlético Madrid,Pablo Barrios,ESP,MF,19,2003,8.0,554,12,106,314,140,12,554,30,15,50.0,12,40.0,320,1795,690,16,10,3,15,10,405,27,possession
ESP-La Liga,2022,Atlético Madrid,Reinildo Mandava,MOZ,DF,28,1994,20.6,1297,102,501,658,143,15,1297,24,6,25.0,12,50.0,708,3214,1819,28,20,9,20,9,770,41,possession
ESP-La Liga,2022,Atlético Madrid,Rodrigo De Paul,ARG,MF,28,1994,21.4,1598,14,261,923,425,18,1598,32,16,50.0,11,34.4,1026,5240,2897,55,41,3,32,15,1280,68,possession
ESP-La Liga,2022,Atlético Madrid,Saúl Ñíguez,ESP,"MF,DF",27,1994,12.2,695,42,182,336,181,31,695,14,12,85.7,2,14.3,301,1438,621,12,10,4,22,6,447,47,possession
ESP-La Liga,2022,Atlético Madrid,Sergio Reguilón,ESP,DF,25,1996,3.4,178,7,44,72,66,10,178,6,3,50.0,1,16.7,101,758,444,16,12,5,5,3,115,30,possession
ESP-La Liga,2022,Atlético Madrid,Stefan Savić,MNE,DF,31,1991,21.6,1317,166,647,636,35,6,1317,5,4,80.0,0,0.0,777,3967,2536,20,5,1,2,3,892,6,possession
ESP-La Liga,2022,Atlético Madrid,Thomas Lemar,FRA,MF,26,1995,13.9,936,17,148,483,316,23,936,44,21,47.7,15,34.1,607,3165,1620,36,36,3,20,19,744,79,possession
ESP-La Liga,2022,Atlético Madrid,Yannick Carrasco,BEL,"DF,MF",28,1993,25.7,1404,32,230,456,745,160,1403,124,60,48.4,51,41.1,822,6278,3577,146,58,71,52,34,922,264,possession
ESP-La Liga,2022,Atlético Madrid,Álvaro Morata,ESP,FW,29,1992,21.1,655,29,68,297,299,105,655,41,20,48.8,16,39.0,387,2142,929,33,19,16,55,24,527,102,possession
ESP-La Liga,2022,Atlético Madrid,Ángel Correa,ARG,"FW,MF",27,1995,16.2,738,11,84,283,379,119,738,59,23,39.0,33,55.9,472,2244,971,44,20,24,58,31,568,142,possession
ESP-La Liga,2022,Barcelona,Aleix Garrido,ESP,FW,18,2004,0.1,7,0,4,0,3,1,7,1,0,0.0,1,100.0,4,30,18,0,0,0,0,0,3,0,possession
ESP-La Liga,2022,Barcelona,Alejandro Balde,ESP,DF,18,2003,27.5,1939,40,419,874,672,78,1939,97,50,51.5,36,37.1,1270,7245,4093,95,69,34,41,24,1347,234,possession
ESP-La Liga,2022,Barcelona,Andreas Christensen,DEN,DF,26,1996,19.6,1652,127,645,962,50,13,1652,2,0,0.0,2,100.0,1170,5841,3232,18,15,0,10,1,1257,5,possession
ESP-La Liga,2022,Barcelona,Ansu Fati,ESP,FW,19,2002,15.5,806,10,64,278,470,128,806,47,23,48.9,21,44.7,557,2983,1399,47,28,31,35,30,640,178,possession
ESP-La Liga,2022,Barcelona,Chadi Riad,MAR,MF,19,2003,0.0,1,0,1,0,0,0,1,0,0,,0,,1,8,0,0,0,0,0,0,1,0,possession
ESP-La Liga,2022,Barcelona,Eric García,ESP,"DF,MF",21,2001,15.7,1398,97,539,781,84,5,1398,4,2,50.0,2,50.0,918,4539,2686,24,22,0,10,2,1049,6,possession
ESP-La Liga,2022,Barcelona,Ferrán Torres,ESP,"FW,MF",22,2000,15.5,756,10,67,256,441,87,755,68,30,44.1,26,38.2,490,2752,1199,43,34,23,48,23,599,180,possession
ESP-La Liga,2022,Barcelona,Franck Kessié,CIV,MF,25,1996,11.0,575,25,110,336,133,25,575,18,9,50.0,6,33.3,349,1736,677,14,12,2,23,10,427,43,possession
ESP-La Liga,2022,Barcelona,Frenkie de Jong,NED,MF,25,1997,28.2,2526,45,391,1553,607,47,2526,60,35,58.3,20,33.3,1797,11014,6407,92,94,9,24,22,2036,83,possession
ESP-La Liga,2022,Barcelona,Gavi,ESP,"MF,FW",17,2004,28.1,1510,27,148,797,579,71,1510,63,27,42.9,26,41.3,1002,5346,2505,49,69,8,56,33,1134,153,possession
ESP-La Liga,2022,Barcelona,Gerard Piqué,ESP,DF,35,1987,4.3,424,38,126,290,9,5,424,1,1,100.0,0,0.0,284,1789,1197,3,2,0,2,1,320,1,possession
ESP-La Liga,2022,Barcelona,Héctor Bellerín,ESP,DF,27,1995,1.6,107,1,17,50,41,5,107,4,3,75.0,1,25.0,54,271,159,2,3,1,1,0,66,6,possession
ESP-La Liga,2022,Barcelona,Iñaki Peña,ESP,GK,23,1999,0.8,27,21,27,0,0,0,27,0,0,,0,,19,93,35,0,0,0,0,0,14,0,possession
ESP-La Liga,2022,Barcelona,Jordi Alba,ESP,DF,33,1989,15.8,1558,34,300,764,506,39,1558,8,4,50.0,4,50.0,957,3818,2082,42,27,6,7,7,1122,157,possession
ESP-La Liga,2022,Barcelona,Jules Koundé,FRA,DF,23,1998,27.0,2234,117,675,1215,362,45,2234,28,15,53.6,9,32.1,1476,7377,4586,58,52,5,23,18,1610,61,possession
ESP-La Liga,2022,Barcelona,Lamine Yamal,ESP,FW,15,2007,0.1,12,0,0,1,11,1,12,2,0,0.0,2,100.0,9,23,9,0,1,0,0,0,10,2,possession
ESP-La Liga,2022,Barcelona,Marc-André ter Stegen,GER,GK,30,1992,37.2,1457,1076,1436,22,0,0,1457,0,0,,0,,963,4886,3425,0,0,0,1,1,851,0,possession
ESP-La Liga,2022,Barcelona,Marcos Alonso,ESP,DF,31,1990,13.0,1114,98,402,624,94,11,1114,2,2,100.0,0,0.0,727,4516,2674,26,11,0,8,1,816,13,possession
ESP-La Liga,2022,Barcelona,Memphis,NED,FW,28,1994,1.3,84,0,5,25,55,13,84,7,3,42.9,3,42.9,50,233,91,2,2,3,7,4,69,19,possession
ESP-La Liga,2022,Barcelona,Ousmane Dembélé,FRA,FW,25,1997,15.7,1041,2,30,311,719,103,1041,114,52,45.6,50,43.9,755,6024,3328,124,75,56,27,18,841,209,possession
ESP-La Liga,2022,Barcelona,Pablo Torre,ESP,"FW,MF",19,2003,1.6,114,3,12,49,55,1,114,7,3,42.9,2,28.6,69,313,162,4,6,0,5,4,87,16,possession
ESP-La Liga,2022,Barcelona,Pedri,ESP,MF,19,2002,22.0,1653,13,161,954,557,59,1653,61,36,59.0,22,36.1,1203,6990,3387,67,81,14,32,31,1336,99,possession
ESP-La Liga,2022,Barcelona,Pierre-Emerick Aubameyang,GAB,FW,33,1989,0.1,4,0,1,2,1,1,4,0,0,,0,,2,8,1,0,0,0,0,0,2,0,possession
ESP-La Liga,2022,Barcelona,Raphinha,BRA,FW,25,1996,23.0,1598,17,84,548,980,131,1598,106,45,42.5,52,49.1,999,5614,2797,97,67,53,55,24,1147,339,possession
ESP-La Liga,2022,Barcelona,Robert Lewandowski,POL,FW,33,1988,31.6,1156,17,41,432,695,210,1155,59,30,50.8,26,44.1,778,3740,1348,51,38,25,94,50,997,248,possession
ESP-La Liga,2022,Barcelona,Ronald Araújo,URU,DF,23,1999,20.0,1437,109,487,882,77,29,1437,14,10,71.4,3,21.4,957,5938,3727,29,13,1,9,6,1022,11,possession
ESP-La Liga,2022,Barcelona,Sergi Roberto,ESP,"DF,MF",30,1992,14.5,1051,30,179,565,312,31,1051,13,5,38.5,4,30.8,657,2895,1780,48,32,7,9,3,781,72,possession
ESP-La Liga,2022,Barcelona,Sergio Busquets,ESP,MF,34,1988,26.0,2171,62,386,1427,373,14,2171,16,11,68.8,3,18.8,1278,5018,2593,26,32,1,19,12,1551,32,possession
ESP-La Liga,2022,Barcelona,Ángel Alarcón,ESP,"FW,MF",18,2004,0.3,12,1,2,2,8,1,12,1,0,0.0,0,0.0,7,32,19,0,0,0,0,1,9,2,possession
ESP-La Liga,2022,Betis,Abner,BRA,DF,22,2000,6.7,425,25,128,189,113,11,425,10,3,30.0,7,70.0,203,854,469,8,7,4,10,4,232,25,possession
ESP-La Liga,2022,Betis,Aitor Ruibal,ESP,"DF,FW",26,1996,16.2,1061,44,338,468,277,24,1061,67,35,52.2,31,46.3,559,2957,1830,39,27,8,24,13,597,70,possession
ESP-La Liga,2022,Betis,Andrés Guardado,MEX,MF,35,1986,15.3,1022,34,277,610,151,6,1022,10,5,50.0,4,40.0,590,2806,1360,14,16,0,18,6,659,13,possession
ESP-La Liga,2022,Betis,Ayoze Pérez,ESP,"FW,MF",29,1993,15.4,613,7,83,254,289,75,613,77,42,54.5,30,39.0,390,2600,1367,51,35,19,39,26,431,102,possession
ESP-La Liga,2022,Betis,Borja Iglesias,ESP,FW,29,1993,26.3,776,18,39,357,387,118,770,32,12,37.5,14,43.8,467,2132,691,20,14,20,81,38,638,147,possession
ESP-La Liga,2022,Betis,Claudio Bravo,CHI,GK,39,1983,12.0,414,333,412,3,0,0,414,0,0,,0,,208,1175,724,0,0,0,0,0,144,0,possession
ESP-La Liga,2022,Betis,Felix Garreta,ESP,DF,18,2004,1.0,47,7,25,22,0,0,47,0,0,,0,,30,98,47,0,0,0,0,0,30,0,possession
ESP-La Liga,2022,Betis,Fran Delgado,ESP,DF,21,2001,0.1,8,0,1,3,4,1,8,0,0,,0,,3,9,5,0,1,0,0,0,7,3,possession
ESP-La Liga,2022,Betis,Germán Pezzella,ARG,DF,31,1991,27.9,1606,186,883,691,44,19,1606,7,4,57.1,2,28.6,874,3664,1817,8,9,1,12,1,1012,3,possession
ESP-La Liga,2022,Betis,Guido Rodríguez,ARG,MF,28,1994,31.9,2064,118,607,1248,229,18,2064,35,22,62.9,8,22.9,1033,3909,1738,11,14,3,17,21,1301,18,possession
ESP-La Liga,2022,Betis,Joaquín,ESP,"MF,FW",41,1981,5.5,377,7,42,152,186,17,377,19,11,57.9,6,31.6,227,1286,714,23,16,6,13,6,275,37,possession
ESP-La Liga,2022,Betis,Juan Cruz,ESP,FW,22,2000,2.0,63,0,6,19,39,8,63,7,3,42.9,3,42.9,38,308,194,7,4,3,4,2,39,15,possession
ESP-La Liga,2022,Betis,Juan Miranda,ESP,DF,22,2000,16.4,1014,67,298,418,306,33,1014,18,9,50.0,7,38.9,478,2263,1187,26,22,0,17,8,560,87,possession
ESP-La Liga,2022,Betis,Juanmi,ESP,FW,29,1993,10.3,363,7,56,184,128,38,363,32,12,37.5,15,46.9,209,1144,454,10,16,4,23,13,251,37,possession
ESP-La Liga,2022,Betis,Loren Morón,ESP,FW,28,1993,0.2,11,1,2,5,4,0,11,0,0,,0,,4,8,0,0,0,0,2,0,6,0,possession
ESP-La Liga,2022,Betis,Luiz Felipe,ITA,DF,25,1997,19.6,1130,182,601,507,23,7,1130,9,5,55.6,4,44.4,586,2625,1212,1,1,0,9,0,664,0,possession
ESP-La Liga,2022,Betis,Luiz Henrique,BRA,FW,21,2001,20.1,880,17,160,369,375,60,880,125,56,44.8,50,40.0,565,4025,1666,61,41,24,58,59,596,137,possession
ESP-La Liga,2022,Betis,Martín Montoya,ESP,DF,31,1991,5.0,302,22,95,161,48,5,302,5,2,40.0,3,60.0,151,594,309,6,2,0,7,4,167,12,possession
ESP-La Liga,2022,Betis,Nabil Fekir,FRA,MF,29,1993,10.7,607,2,37,254,321,43,606,44,17,38.6,19,43.2,406,2332,1072,42,27,13,34,22,489,76,possession
ESP-La Liga,2022,Betis,Paul Akouokou,CIV,"MF,DF",24,1997,5.0,233,33,102,117,16,1,233,5,3,60.0,2,40.0,116,369,122,1,2,0,5,0,136,1,possession
ESP-La Liga,2022,Betis,Roberto González,ESP,"FW,MF",21,2001,0.6,35,0,0,21,14,1,35,2,0,0.0,1,50.0,17,95,31,1,1,1,1,0,25,1,possession
ESP-La Liga,2022,Betis,Rodri,ESP,"FW,MF",22,2000,17.8,1016,6,120,473,438,53,1016,71,29,40.8,31,43.7,739,4148,1862,57,36,19,35,20,826,104,possession
ESP-La Liga,2022,Betis,Rui Silva,POR,GK,28,1994,26.0,937,783,933,5,0,0,937,1,1,100.0,0,0.0,462,2369,1283,0,0,0,0,0,360,0,possession
ESP-La Liga,2022,Betis,Sergio Canales,ESP,"FW,MF",31,1991,26.7,1677,13,180,745,781,54,1676,54,28,51.9,19,35.2,1051,6475,3161,82,69,5,55,41,1275,150,possession
ESP-La Liga,2022,Betis,Víctor Ruiz,ESP,DF,33,1989,6.2,315,50,180,128,8,4,315,0,0,,0,,167,877,447,4,3,1,1,0,183,0,possession
ESP-La Liga,2022,Betis,William Carvalho,POR,MF,30,1992,27.1,1979,40,303,1323,370,37,1979,52,29,55.8,17,32.7,1276,5717,2667,46,43,7,23,27,1591,52,possession
ESP-La Liga,2022,Betis,Willian José,BRA,FW,30,1991,8.1,339,15,52,162,126,16,338,7,2,28.6,4,57.1,170,706,243,6,9,2,17,10,234,27,possession
ESP-La Liga,2022,Betis,Youssouf Sabaly,SEN,DF,29,1993,18.7,1179,83,388,521,284,16,1179,39,19,48.7,13,33.3,619,3101,1754,41,36,3,25,25,671,64,possession
ESP-La Liga,2022,Betis,Álex Moreno,ESP,DF,29,1993,15.0,883,59,291,365,237,36,883,40,14,35.0,21,52.5,401,2628,1496,49,36,12,28,6,465,76,possession
ESP-La Liga,2022,Betis,Édgar González,ESP,DF,25,1997,19.7,1106,171,637,448,28,17,1106,5,2,40.0,0,0.0,601,2393,1154,7,5,1,6,1,704,2,possession
ESP-La Liga,2022,Celta Vigo,Agustín Marchesín,ARG,GK,34,1988,19.0,677,550,673,6,0,0,677,0,0,,0,,392,1729,1123,0,0,0,0,0,325,0,possession
ESP-La Liga,2022,Celta Vigo,Augusto Solari,ARG,MF,30,1992,2.9,160,1,28,88,45,6,160,5,1,20.0,3,60.0,88,337,155,5,2,1,2,4,105,14,possession
ESP-La Liga,2022,Celta Vigo,Carles Pérez,ESP,"MF,FW",24,1998,23.8,1003,14,103,366,557,71,1003,110,44,40.0,52,47.3,675,5637,2923,93,77,41,56,28,721,185,possession
ESP-La Liga,2022,Celta Vigo,Carlos Dominguez,ESP,DF,21,2001,1.2,46,11,32,15,1,0,46,1,1,100.0,0,0.0,20,91,30,0,0,0,0,1,18,0,possession
ESP-La Liga,2022,Celta Vigo,Fernando Medrano,ESP,DF,22,2000,0.1,6,1,5,1,0,0,6,0,0,,0,,4,34,9,0,0,0,0,0,2,0,possession
ESP-La Liga,2022,Celta Vigo,Fran Beltrán,ESP,MF,23,1999,31.7,2062,62,454,1253,366,11,2062,22,16,72.7,6,27.3,1239,6158,2685,27,45,4,26,17,1354,33,possession
ESP-La Liga,2022,Celta Vigo,Franco Cervi,ARG,"MF,DF",28,1994,21.0,1143,16,219,496,437,50,1143,51,21,41.2,22,43.1,637,3430,1526,45,38,8,30,16,650,113,possession
ESP-La Liga,2022,Celta Vigo,Gabriel Veiga,ESP,MF,20,2002,25.5,1062,19,137,565,387,67,1062,75,39,52.0,34,45.3,656,4140,2381,68,43,15,64,22,694,88,possession
ESP-La Liga,2022,Celta Vigo,Gonçalo Paciência,POR,"FW,MF",27,1994,7.4,297,4,22,110,169,50,297,22,6,27.3,13,59.1,186,692,225,7,5,5,42,14,235,43,possession
ESP-La Liga,2022,Celta Vigo,Haris Seferović,SUI,FW,30,1992,9.9,284,8,23,140,124,30,284,16,8,50.0,7,43.8,159,641,290,12,8,9,15,7,200,44,possession
ESP-La Liga,2022,Celta Vigo,Hugo Mallo,ESP,DF,31,1991,24.0,1694,90,549,744,415,51,1694,17,5,29.4,9,52.9,853,3500,1784,27,22,2,19,7,999,108,possession
ESP-La Liga,2022,Celta Vigo,Hugo Sotelo,ESP,MF,18,2003,0.2,24,0,5,16,3,0,24,0,0,,0,,20,52,19,0,0,0,0,0,24,0,possession
ESP-La Liga,2022,Celta Vigo,Iago Aspas,ESP,FW,34,1987,31.9,1487,26,111,643,748,145,1484,56,22,39.3,25,44.6,1030,5114,2370,80,58,30,52,46,1199,239,possession
ESP-La Liga,2022,Celta Vigo,Iván Villar,ESP,GK,25,1997,19.0,630,553,626,5,0,0,630,0,0,,0,,318,1495,898,0,0,0,0,0,250,0,possession
ESP-La Liga,2022,Celta Vigo,Javi Galán,ESP,DF,27,1994,35.1,2506,87,712,1045,788,35,2506,154,72,46.8,61,39.6,1445,9172,5506,141,104,19,64,41,1492,244,possession
ESP-La Liga,2022,Celta Vigo,Joseph Aidoo,GHA,DF,26,1995,34.7,2082,301,1114,938,46,15,2082,13,8,61.5,2,15.4,1306,6192,3226,15,6,0,12,9,1321,2,possession
ESP-La Liga,2022,Celta Vigo,Jørgen Strand Larsen,NOR,FW,22,2000,18.9,576,29,56,277,248,84,576,31,14,45.2,15,48.4,348,1327,460,17,6,9,74,24,438,73,possession
ESP-La Liga,2022,Celta Vigo,Kevin Vázquez,ESP,"DF,MF",29,1993,4.9,269,16,101,117,51,2,269,2,2,100.0,0,0.0,125,533,296,5,2,0,1,4,145,14,possession
ESP-La Liga,2022,Celta Vigo,Luca de la Torre,USA,MF,24,1998,16.5,774,13,122,371,291,31,774,21,12,57.1,8,38.1,520,3249,1568,55,48,4,32,12,542,73,possession
ESP-La Liga,2022,Celta Vigo,Miguel Rodríguez,ESP,"MF,FW",19,2003,2.8,132,2,25,46,64,13,132,13,3,23.1,6,46.2,89,520,298,10,6,4,6,4,89,22,possession
ESP-La Liga,2022,Celta Vigo,Pablo Durán,ESP,"MF,DF",21,2001,0.4,29,3,8,10,11,0,29,3,1,33.3,2,66.7,14,54,5,0,0,0,0,0,16,3,possession
ESP-La Liga,2022,Celta Vigo,Renato Tapia,PER,"MF,DF",27,1995,16.1,993,65,318,564,120,9,993,19,11,57.9,7,36.8,582,2624,1231,12,14,1,11,14,648,8,possession
ESP-La Liga,2022,Celta Vigo,Unai Núñez,ESP,DF,25,1997,35.0,2366,268,1197,1100,83,22,2366,13,11,84.6,2,15.4,1504,8027,4468,31,25,1,17,2,1587,5,possession
ESP-La Liga,2022,Celta Vigo,Williot Swedberg,SWE,MF,18,2004,0.6,27,2,5,12,11,1,27,2,1,50.0,1,50.0,16,91,66,1,2,0,1,0,15,5,possession
ESP-La Liga,2022,Celta Vigo,Óscar Mingueza,ESP,DF,23,1999,14.3,1032,50,351,490,209,17,1032,28,14,50.0,7,25.0,596,3238,1751,24,19,2,18,11,649,40,possession
ESP-La Liga,2022,Celta Vigo,Óscar Rodríguez Arnaiz,ESP,MF,24,1998,19.7,1247,23,198,681,379,24,1247,26,11,42.3,13,50.0,724,3192,1330,29,28,6,24,15,873,37,possession
ESP-La Liga,2022,Cádiz,Alberto Perea,ESP,MF,31,1990,0.5,20,0,7,6,7,0,20,6,2,33.3,3,50.0,5,36,7,0,0,0,0,1,13,2,possession
ESP-La Liga,2022,Cádiz,Alfonso Espino,URU,DF,30,1992,34.7,1994,126,672,871,480,33,1994,52,25,48.1,23,44.2,820,3796,2147,53,34,7,52,23,860,129,possession
ESP-La Liga,2022,Cádiz,Anthony Lozano,HON,FW,29,1993,16.0,495,20,61,246,199,47,495,44,17,38.6,22,50.0,313,1693,658,19,15,7,62,37,397,58,possession
ESP-La Liga,2022,Cádiz,Antonio Blanco,ESP,MF,22,2000,1.8,82,4,20,46,16,0,82,1,0,0.0,1,100.0,40,166,57,1,1,0,2,3,53,2,possession
ESP-La Liga,2022,Cádiz,Awer Mabil,AUS,"MF,FW",26,1995,1.8,77,2,11,31,36,2,77,4,2,50.0,2,50.0,47,235,132,5,2,0,7,1,57,14,possession
ESP-La Liga,2022,Cádiz,Brian Ocampo,URU,"MF,FW",23,1999,12.4,493,12,91,192,228,19,493,45,19,42.2,18,40.0,330,2359,1302,40,29,10,30,28,349,81,possession
ESP-La Liga,2022,Cádiz,Cala,ESP,DF,32,1989,1.5,59,13,37,21,1,1,59,0,0,,0,,19,59,8,0,0,0,0,1,22,0,possession
ESP-La Liga,2022,Cádiz,Carlos García,ESP,DF,22,2000,0.3,28,2,12,15,1,1,28,1,1,100.0,0,0.0,15,50,27,0,0,0,0,0,17,0,possession
ESP-La Liga,2022,Cádiz,Chris Ramos,ESP,FW,25,1997,7.9,276,21,41,95,141,56,276,22,8,36.4,11,50.0,110,481,191,9,3,4,24,3,175,35,possession
ESP-La Liga,2022,Cádiz,David Gil,ESP,GK,28,1994,4.0,144,123,144,0,0,0,144,0,0,,0,,68,453,235,0,0,0,0,0,36,0,possession
ESP-La Liga,2022,Cádiz,Fali,ESP,"DF,MF",28,1993,19.0,766,109,380,351,39,15,766,5,2,40.0,2,40.0,392,2170,1337,9,3,0,8,1,408,10,possession
ESP-La Liga,2022,Cádiz,Fede San Emeterio,ESP,MF,25,1997,20.5,834,64,251,498,91,8,834,5,2,40.0,2,40.0,392,1506,605,1,7,1,11,8,436,11,possession
ESP-La Liga,2022,Cádiz,Francisco Mwepu,ZAM,FW,22,2000,0.2,5,0,0,5,0,0,5,0,0,,0,,4,25,5,0,0,0,0,0,4,2,possession
ESP-La Liga,2022,Cádiz,Gonzalo Escalante,ARG,MF,29,1993,12.5,585,45,161,316,115,24,585,10,7,70.0,2,20.0,251,1085,523,3,7,0,14,8,289,12,possession
ESP-La Liga,2022,Cádiz,Isaac Carcelen,ESP,DF,29,1993,24.4,1212,119,438,550,239,12,1212,21,14,66.7,6,28.6,494,2387,1410,33,18,3,18,18,550,62,possession
ESP-La Liga,2022,Cádiz,Iván Alejo,ESP,"MF,FW",27,1995,14.6,590,23,131,185,283,22,590,47,12,25.5,25,53.2,356,2612,1275,52,32,2,38,23,378,103,possession
ESP-La Liga,2022,Cádiz,Jeremías Ledesma,ARG,GK,29,1993,34.0,1220,1001,1208,9,3,3,1220,4,4,100.0,0,0.0,602,3956,2788,0,1,0,1,0,372,0,possession
ESP-La Liga,2022,Cádiz,Jorge Meré,ESP,DF,25,1997,6.7,283,45,148,127,11,6,283,0,0,,0,,142,474,182,1,0,0,3,1,146,0,possession
ESP-La Liga,2022,Cádiz,Joseba Zaldúa,ESP,DF,30,1992,7.1,356,36,128,139,90,4,356,10,3,30.0,5,50.0,134,790,450,13,13,2,7,3,166,20,possession
ESP-La Liga,2022,Cádiz,José Antonio,ESP,"MF,DF",18,2004,0.5,15,0,2,4,9,0,15,4,1,25.0,1,25.0,13,45,36,2,2,0,2,1,11,2,possession
ESP-La Liga,2022,Cádiz,José Mari,ESP,MF,34,1987,4.4,260,15,82,153,29,2,260,6,3,50.0,3,50.0,129,694,321,5,1,0,6,7,146,4,possession
ESP-La Liga,2022,Cádiz,Lucas Pérez,ESP,FW,33,1988,7.0,286,3,25,121,140,16,286,10,4,40.0,6,60.0,151,741,331,8,6,3,11,8,184,24,possession
ESP-La Liga,2022,Cádiz,Luis Hernández,ESP,DF,33,1989,35.0,1788,218,833,731,230,14,1788,4,3,75.0,0,0.0,783,3449,2033,10,5,0,5,2,894,8,possession
ESP-La Liga,2022,Cádiz,Mamadou Mbaye,SEN,DF,24,1998,8.4,393,68,232,150,15,11,393,5,5,100.0,0,0.0,176,777,299,2,2,0,6,1,204,1,possession
ESP-La Liga,2022,Cádiz,Mamady Diarra,MLI,"MF,DF",22,2000,0.7,21,0,6,9,6,3,21,3,1,33.3,2,66.7,14,84,55,3,0,1,1,1,9,0,possession
ESP-La Liga,2022,Cádiz,Raúl Parra,ESP,DF,22,1999,3.4,142,16,58,67,17,0,142,1,0,0.0,1,100.0,52,199,104,0,2,0,4,0,59,4,possession
ESP-La Liga,2022,Cádiz,Roger Martí,ESP,FW,31,1991,7.1,212,8,23,106,86,21,212,7,5,71.4,1,14.3,120,422,118,7,5,3,29,8,136,34,possession
ESP-La Liga,2022,Cádiz,Rubén Alcaraz,ESP,MF,31,1991,22.7,1286,64,309,768,224,22,1283,24,12,50.0,10,41.7,715,3713,1587,30,27,3,34,31,775,20,possession
ESP-La Liga,2022,Cádiz,Rubén Sobrino,ESP,"MF,FW",30,1992,27.4,952,37,209,401,359,75,952,75,29,38.7,36,48.0,542,3550,1609,45,41,12,56,42,579,81,possession
ESP-La Liga,2022,Cádiz,Santiago Arzamendia,PAR,"DF,MF",24,1998,5.4,290,23,90,135,70,5,290,6,2,33.3,4,66.7,140,668,349,8,9,2,8,4,142,22,possession
ESP-La Liga,2022,Cádiz,Sergi Guardiola,ESP,FW,31,1991,12.9,413,8,34,174,208,41,413,24,12,50.0,10,41.7,241,1015,344,12,10,5,27,24,303,55,possession
ESP-La Liga,2022,Cádiz,Theo Bongonda,COD,"MF,FW",26,1995,21.5,766,17,118,282,387,55,765,98,40,40.8,42,42.9,480,3985,2088,74,47,20,57,26,497,105,possession
ESP-La Liga,2022,Cádiz,Tomás Alarcón,CHI,MF,23,1999,2.5,113,3,20,68,25,1,113,0,0,,0,,62,267,81,2,0,0,3,4,74,6,possession
ESP-La Liga,2022,Cádiz,Víctor Chust,ESP,DF,22,2000,10.7,533,71,291,237,13,6,533,3,1,33.3,2,66.7,246,1462,718,4,2,1,2,1,305,2,possession
ESP-La Liga,2022,Cádiz,Youba Diarra,MLI,MF,24,1998,1.1,66,10,27,41,1,0,66,0,0,,0,,33,126,72,1,0,0,2,4,33,1,possession
ESP-La Liga,2022,Cádiz,Álex Fernández,ESP,"MF,FW",29,1992,17.5,850,38,174,482,198,25,849,11,5,45.5,4,36.4,482,2226,983,19,21,3,18,24,583,26,possession
ESP-La Liga,2022,Cádiz,Álvaro Giménez,ESP,FW,31,1991,0.2,5,0,0,2,3,0,5,1,0,0.0,1,100.0,3,6,0,0,0,0,1,0,3,2,possession
ESP-La Liga,2022,Cádiz,Álvaro Negredo,ESP,FW,36,1985,8.4,246,10,23,135,91,29,246,10,5,50.0,4,40.0,115,443,156,4,5,0,18,7,174,22,possession
ESP-La Liga,2022,Elche,Alejandro Alfaro,ESP,MF,20,2002,0.2,2,0,0,1,1,0,2,1,0,0.0,1,100.0,1,6,0,0,1,0,0,0,2,0,possession
ESP-La Liga,2022,Elche,Axel Werner,ARG,GK,26,1996,2.0,74,57,72,2,0,0,74,1,1,100.0,0,0.0,38,194,125,0,0,0,0,0,37,0,possession
ESP-La Liga,2022,Elche,Carlos Clerc,ESP,"DF,MF",30,1992,29.3,1714,131,596,761,370,25,1714,56,26,46.4,23,41.1,884,4694,2204,51,40,2,28,10,950,91,possession
ESP-La Liga,2022,Elche,Carmona,ESP,"MF,DF",20,2002,6.5,265,20,83,93,92,14,265,20,9,45.0,8,40.0,143,814,338,8,10,6,12,4,116,27,possession
ESP-La Liga,2022,Elche,Diego González,ESP,DF,27,1995,10.6,487,79,321,151,17,8,487,3,1,33.3,2,66.7,240,1266,689,1,0,0,2,3,265,2,possession
ESP-La Liga,2022,Elche,Domingos Quina,POR,MF,22,1999,3.1,191,6,39,104,53,4,191,10,5,50.0,3,30.0,139,1085,460,12,8,3,7,10,124,7,possession
ESP-La Liga,2022,Elche,Enzo Roco,CHI,DF,29,1992,18.4,891,113,486,376,37,15,891,5,3,60.0,2,40.0,474,2360,1228,6,6,0,7,0,494,2,possession
ESP-La Liga,2022,Elche,Ezequiel Ponce,ARG,"FW,MF",25,1997,12.5,421,18,42,232,151,47,421,16,5,31.3,9,56.3,259,1019,318,10,4,5,30,29,324,51,possession
ESP-La Liga,2022,Elche,Federico Fernández,ARG,DF,33,1989,1.0,30,11,24,5,1,0,30,0,0,,0,,5,11,6,0,0,0,1,0,2,0,possession
ESP-La Liga,2022,Elche,Fidel,ESP,"MF,FW",32,1989,19.0,1078,18,178,556,364,43,1077,76,32,42.1,35,46.1,746,3978,2228,53,37,7,41,24,822,90,possession
ESP-La Liga,2022,Elche,Gerard Gumbau,ESP,MF,27,1994,30.4,1709,60,336,955,433,28,1709,20,7,35.0,9,45.0,916,3944,1874,18,21,2,27,12,1050,52,possession
ESP-La Liga,2022,Elche,Gonzalo Verdú,ESP,DF,33,1988,7.8,418,62,238,167,16,12,418,0,0,,0,,223,1075,488,0,1,0,3,0,251,0,possession
ESP-La Liga,2022,Elche,Helibelton Palacios,COL,DF,29,1993,21.3,1030,82,427,497,122,9,1030,28,14,50.0,10,35.7,507,2531,1514,25,17,0,10,7,516,25,possession
ESP-La Liga,2022,Elche,Javier Pastore,ARG,MF,33,1989,0.1,10,0,0,3,7,2,10,0,0,,0,,9,91,27,2,1,0,1,1,9,2,possession
ESP-La Liga,2022,Elche,Johan Mojica,COL,"DF,MF",29,1992,3.0,209,12,65,76,70,4,209,9,4,44.4,4,44.4,125,649,356,14,11,2,5,4,112,11,possession
ESP-La Liga,2022,Elche,John Donald,ESP,"MF,DF",21,2000,12.1,542,49,236,273,33,7,542,7,5,71.4,2,28.6,313,1467,609,3,2,0,14,3,318,2,possession
ESP-La Liga,2022,Elche,Josan,ESP,"DF,MF",32,1989,12.0,653,20,211,276,178,16,653,36,21,58.3,10,27.8,407,2599,1399,37,19,8,25,21,406,61,possession
ESP-La Liga,2022,Elche,Lautaro Blanco,ARG,"DF,MF",23,1999,9.7,494,12,127,163,209,6,494,23,10,43.5,13,56.5,261,1869,890,41,20,1,12,3,281,76,possession
ESP-La Liga,2022,Elche,Lisandro Magallán,ARG,DF,28,1993,10.0,480,77,302,163,20,11,480,1,1,100.0,0,0.0,249,1337,533,2,1,0,3,0,250,0,possession
ESP-La Liga,2022,Elche,Lucas Boyé,ARG,FW,26,1996,27.4,1121,50,107,585,456,116,1120,130,78,60.0,48,36.9,720,3507,1434,58,33,25,139,85,810,160,possession
ESP-La Liga,2022,Elche,Nicolás Ezequiel Fernández,ARG,"MF,DF",22,2000,5.7,314,7,61,123,134,13,314,12,3,25.0,7,58.3,195,1221,690,21,10,4,10,11,195,53,possession
ESP-La Liga,2022,Elche,Omar Mascarell,EQG,"MF,DF",29,1993,27.2,1539,112,519,882,150,5,1539,33,21,63.6,10,30.3,839,5302,2337,27,21,1,14,11,929,6,possession
ESP-La Liga,2022,Elche,Pape Cheikh Diop,SEN,MF,24,1997,0.4,20,2,7,13,0,0,20,1,0,0.0,1,100.0,13,67,26,0,0,0,0,1,14,0,possession
ESP-La Liga,2022,Elche,Pedro Bigas,ESP,DF,31,1990,22.4,1302,174,681,569,63,19,1302,8,5,62.5,3,37.5,722,3899,2273,19,13,0,13,4,766,3,possession
ESP-La Liga,2022,Elche,Pere Milla,ESP,"FW,MF",29,1992,20.5,822,28,148,445,245,59,819,44,17,38.6,23,52.3,482,2068,963,23,27,5,47,22,558,83,possession
ESP-La Liga,2022,Elche,Pol Lirola,ESP,DF,24,1997,7.0,396,18,126,159,117,8,396,19,7,36.8,10,52.6,213,1264,727,21,18,1,8,5,210,35,possession
ESP-La Liga,2022,Elche,Randy Nteka,ANG,"FW,MF",24,1997,8.1,290,18,43,140,110,32,290,24,12,50.0,11,45.8,175,837,346,13,6,6,21,17,190,43,possession
ESP-La Liga,2022,Elche,Raúl Guti,ESP,MF,25,1996,12.4,521,12,120,283,123,18,521,13,5,38.5,8,61.5,307,1210,445,4,13,2,14,18,358,17,possession
ESP-La Liga,2022,Elche,Roger Martí,ESP,FW,31,1991,7.3,226,8,27,107,93,19,226,7,3,42.9,4,57.1,135,618,215,8,6,6,25,10,153,50,possession
ESP-La Liga,2022,Elche,Tete Morente,ESP,"MF,DF",25,1996,23.0,1068,40,190,379,509,60,1068,74,32,43.2,40,54.1,640,3751,1773,60,39,15,40,21,703,193,possession
ESP-La Liga,2022,Elche,Álex Collado,ESP,MF,23,1999,8.0,442,10,58,202,189,19,442,31,15,48.4,15,48.4,294,2052,943,24,23,6,16,9,334,43,possession
ESP-La Liga,2022,Elche,Édgar Badía,ESP,GK,30,1992,36.0,1189,1110,1188,2,0,0,1189,0,0,,0,,599,3229,1937,0,0,0,2,0,401,0,possession
ESP-La Liga,2022,Espanyol,Adri Embarba,ESP,FW,30,1992,0.4,15,2,2,8,6,1,15,5,3,60.0,1,20.0,7,49,36,1,1,0,2,0,6,2,possession
ESP-La Liga,2022,Espanyol,Adrià Pedrosa,ESP,"DF,MF",24,1998,2.5,115,7,30,38,49,5,115,9,1,11.1,8,88.9,76,542,220,7,6,3,6,1,66,21,possession
ESP-La Liga,2022,Espanyol,Aleix Vidal,ESP,"MF,FW",32,1989,11.4,489,19,99,205,188,15,489,19,7,36.8,11,57.9,238,1219,457,16,5,3,15,7,250,53,possession
ESP-La Liga,2022,Espanyol,Benjamin Lecomte,FRA,GK,31,1991,10.0,298,228,290,8,0,0,298,0,0,,0,,124,746,506,0,0,0,0,0,87,0,possession
ESP-La Liga,2022,Espanyol,Brian Oliván,ESP,DF,28,1994,26.7,1327,86,391,541,402,36,1327,11,4,36.4,6,54.5,611,2881,1518,48,19,9,23,6,682,139,possession
ESP-La Liga,2022,Espanyol,César Montes,MEX,DF,25,1997,17.7,989,154,511,422,66,29,989,5,2,40.0,3,60.0,499,2365,1487,13,5,0,5,3,551,4,possession
ESP-La Liga,2022,Espanyol,Dani Gómez,ESP,"MF,FW",24,1998,1.0,32,0,4,12,17,4,32,3,1,33.3,2,66.7,20,124,22,1,2,0,3,2,21,9,possession
ESP-La Liga,2022,Espanyol,Denis Suárez,ESP,"MF,FW",28,1994,10.5,541,9,79,302,167,12,541,28,19,67.9,9,32.1,311,2014,945,26,20,2,13,11,363,34,possession
ESP-La Liga,2022,Espanyol,Edu Expósito,ESP,MF,25,1996,12.9,689,28,124,329,242,20,689,23,11,47.8,7,30.4,358,1755,901,19,15,2,25,13,428,59,possession
ESP-La Liga,2022,Espanyol,Fernando Calero,ESP,"DF,MF",26,1995,17.9,944,83,377,499,77,14,944,3,1,33.3,2,66.7,454,1933,951,9,8,1,12,6,518,4,possession
ESP-La Liga,2022,Espanyol,Fernando Pacheco,ESP,GK,30,1992,16.0,598,504,591,7,0,0,598,0,0,,0,,317,1818,1179,0,0,0,0,0,233,0,possession
ESP-La Liga,2022,Espanyol,Javi Puado,ESP,"FW,MF",24,1998,26.0,847,23,135,320,417,91,847,56,23,41.1,26,46.4,528,3563,1490,60,37,21,69,30,577,117,possession
ESP-La Liga,2022,Espanyol,Joan García,ESP,GK,21,2001,1.0,31,23,30,1,0,0,31,0,0,,0,,20,85,41,0,0,0,0,0,16,0,possession
ESP-La Liga,2022,Espanyol,Joselu,ESP,FW,32,1990,33.2,1111,44,90,501,523,152,1106,42,18,42.9,22,52.4,520,1850,616,23,21,16,84,43,833,147,possession
ESP-La Liga,2022,Espanyol,José Carlos Lazo,ESP,"MF,FW",26,1996,1.8,70,6,24,14,32,4,70,5,1,20.0,4,80.0,34,215,103,2,5,0,3,4,33,10,possession
ESP-La Liga,2022,Espanyol,José Gragera,ESP,"MF,DF",21,2000,5.1,272,20,117,137,19,6,272,0,0,,0,,122,475,168,0,1,0,1,1,150,3,possession
ESP-La Liga,2022,Espanyol,Keidi Bare,ALB,MF,24,1997,5.6,336,15,67,207,62,5,336,6,2,33.3,3,50.0,181,1012,439,6,13,1,6,3,214,11,possession
ESP-La Liga,2022,Espanyol,Leandro Cabrera,URU,DF,31,1991,29.7,1642,198,723,802,125,40,1642,9,6,66.7,2,22.2,763,3158,1406,13,9,1,9,5,893,8,possession
ESP-La Liga,2022,Espanyol,Luca Koleosho,ITA,"FW,DF",17,2004,0.7,40,0,2,13,26,5,40,8,4,50.0,4,50.0,27,178,88,4,0,3,6,0,27,15,possession
ESP-La Liga,2022,Espanyol,Martin Braithwaite,DEN,"FW,MF",31,1991,27.3,696,10,55,287,362,75,696,53,17,32.1,26,49.1,410,2073,983,32,29,11,52,19,514,126,possession
ESP-La Liga,2022,Espanyol,Nabil Touaizi,MAR,MF,21,2001,0.0,2,0,0,0,2,1,2,0,0,,0,,1,12,3,0,0,0,0,0,1,1,possession
ESP-La Liga,2022,Espanyol,Nico Ribaudo,ESP,"MF,FW",21,2001,13.9,625,3,42,307,288,39,625,53,20,37.7,26,49.1,389,2368,1173,40,39,10,35,24,434,92,possession
ESP-La Liga,2022,Espanyol,Omar El Hilali,MAR,"DF,MF",18,2003,1.0,55,6,30,15,10,1,55,1,0,0.0,1,100.0,19,44,5,0,0,0,4,0,20,5,possession
ESP-La Liga,2022,Espanyol,Pol Lozano,ESP,MF,22,1999,0.2,12,2,7,4,1,0,12,0,0,,0,,7,29,0,0,0,0,1,0,6,0,possession
ESP-La Liga,2022,Espanyol,Roger Martínez,ESP,DF,18,2004,0.1,6,0,0,1,5,1,6,0,0,,0,,3,10,4,0,0,0,0,0,4,0,possession
ESP-La Liga,2022,Espanyol,Ronaël Pierre-Gabriel,FRA,DF,24,1998,2.6,154,14,61,46,50,6,154,9,4,44.4,4,44.4,69,433,211,7,3,2,5,2,68,16,possession
ESP-La Liga,2022,Espanyol,Rubén,ESP,"DF,MF",21,2001,9.9,473,24,130,195,160,21,473,24,12,50.0,10,41.7,224,1612,838,34,15,10,17,9,230,57,possession
ESP-La Liga,2022,Espanyol,Sergi Darder,ESP,MF,28,1993,36.9,1980,43,276,1145,605,39,1980,135,68,50.4,54,40.0,1214,8752,4719,111,95,9,43,26,1273,75,possession
ESP-La Liga,2022,Espanyol,Sergi Gómez,ESP,DF,30,1992,26.0,1379,188,736,620,33,19,1379,0,0,,0,,719,3044,1464,2,2,0,5,0,827,1,possession
ESP-La Liga,2022,Espanyol,Simo,ESP,DF,17,2005,1.6,79,14,32,46,2,0,79,0,0,,0,,46,241,143,2,0,0,0,2,47,1,possession
ESP-La Liga,2022,Espanyol,Vinicius Souza,BRA,MF,23,1999,27.0,1242,79,337,746,164,20,1242,19,10,52.6,7,36.8,543,2552,972,13,11,2,30,13,614,14,possession
ESP-La Liga,2022,Espanyol,Álvaro Fernández,ESP,GK,24,1998,11.0,382,296,375,7,0,0,382,0,0,,0,,174,1053,714,0,0,0,0,1,124,0,possession
ESP-La Liga,2022,Espanyol,Óscar Gil,ESP,DF,25,1997,28.4,1334,88,406,570,371,27,1334,49,23,46.9,22,44.9,576,2930,1283,39,24,5,52,14,602,111,possession
ESP-La Liga,2022,Getafe,Alejandro Revuelta Montero,ESP,DF,22,2000,0.0,1,0,1,0,0,0,1,0,0,,0,,0,0,0,0,0,0,0,0,0,0,possession
ESP-La Liga,2022,Getafe,Borja Mayoral,ESP,FW,25,1997,30.7,1040,15,106,495,449,118,1038,70,27,38.6,35,50.0,639,3327,1531,58,35,25,63,54,763,166,possession
ESP-La Liga,2022,Getafe,Carles Aleñá,ESP,"MF,FW",24,1998,23.5,1024,17,149,579,312,28,1024,43,24,55.8,13,30.2,608,2796,1235,24,23,2,47,24,728,78,possession
ESP-La Liga,2022,Getafe,Damián Suárez,URU,"DF,MF",34,1988,21.6,1169,42,299,580,306,15,1169,34,13,38.2,21,61.8,462,1781,959,21,23,5,23,6,542,72,possession
ESP-La Liga,2022,Getafe,David Soria,ESP,GK,29,1993,38.0,1224,1011,1216,11,0,0,1224,0,0,,0,,541,3493,2322,0,0,0,0,0,291,0,possession
ESP-La Liga,2022,Getafe,Djené,TOG,DF,30,1991,31.6,1418,117,599,716,120,11,1418,28,18,64.3,3,10.7,754,3584,1725,11,17,0,22,15,745,20,possession
ESP-La Liga,2022,Getafe,Domingos Duarte,POR,DF,27,1995,29.5,1246,178,677,538,35,22,1246,6,5,83.3,1,16.7,583,2704,1231,6,2,0,6,3,621,0,possession
ESP-La Liga,2022,Getafe,Enes Ünal,TUR,FW,25,1997,33.0,1117,43,91,506,535,138,1111,43,21,48.8,19,44.2,619,2238,902,29,26,15,88,50,894,148,possession
ESP-La Liga,2022,Getafe,Fabrizio Angileri,ARG,DF,28,1994,6.5,324,17,88,157,80,3,324,11,4,36.4,6,54.5,123,554,220,4,7,0,4,4,145,14,possession
ESP-La Liga,2022,Getafe,Gastón Álvarez,URU,DF,22,2000,16.7,732,42,218,376,144,8,732,19,8,42.1,9,47.4,254,933,437,11,8,0,13,3,318,27,possession
ESP-La Liga,2022,Getafe,Gonzalo Villar,ESP,MF,24,1998,5.1,312,8,48,209,62,5,312,20,13,65.0,4,20.0,176,1206,608,13,10,2,9,6,184,9,possession
ESP-La Liga,2022,Getafe,Iglesias,ESP,"DF,MF",24,1998,23.8,1259,78,381,545,349,23,1259,30,13,43.3,13,43.3,508,2781,1363,39,34,6,30,10,529,100,possession
ESP-La Liga,2022,Getafe,Jaime Mata,ESP,"FW,MF",33,1988,4.9,190,8,29,73,90,20,190,5,2,40.0,3,60.0,102,369,104,2,6,0,16,7,131,33,possession
ESP-La Liga,2022,Getafe,Jaime Seoane,ESP,"MF,FW",25,1997,3.6,155,4,26,82,47,2,155,5,2,40.0,3,60.0,84,434,208,6,3,1,4,6,94,7,possession
ESP-La Liga,2022,Getafe,Jordan Amavi,FRA,DF,28,1994,2.2,119,8,33,65,23,1,119,1,0,0.0,1,100.0,42,255,121,4,5,1,2,0,44,5,possession
ESP-La Liga,2022,Getafe,Juanmi Latasa,ESP,FW,21,2001,5.0,240,8,16,115,110,27,240,7,2,28.6,4,57.1,107,323,52,0,2,0,24,9,178,33,possession
ESP-La Liga,2022,Getafe,Luis Milla,ESP,MF,27,1994,20.6,1132,43,238,704,202,5,1132,15,12,80.0,2,13.3,572,2604,1203,15,11,1,20,12,629,7,possession
ESP-La Liga,2022,Getafe,Mauro Arambarri,URU,MF,26,1995,11.0,514,30,118,304,102,3,514,4,4,100.0,0,0.0,234,1162,503,8,10,0,13,4,248,7,possession
ESP-La Liga,2022,Getafe,Moises Parra Gutierrez,ESP,FW,20,2002,0.1,6,0,1,2,3,0,6,0,0,,0,,1,2,1,0,0,0,0,0,1,0,possession
ESP-La Liga,2022,Getafe,Munir El Haddadi,MAR,"MF,FW",26,1995,12.8,614,8,66,253,299,48,614,34,12,35.3,16,47.1,344,1529,562,20,13,7,45,25,391,84,possession
ESP-La Liga,2022,Getafe,Nemanja Maksimović,SRB,MF,27,1995,22.8,795,44,189,437,175,35,795,9,3,33.3,6,66.7,300,1251,545,13,12,4,17,7,346,29,possession
ESP-La Liga,2022,Getafe,Omar Alderete,PAR,DF,25,1996,22.7,1114,118,458,591,81,25,1114,22,17,77.3,5,22.7,529,2843,1937,28,15,2,15,8,533,8,possession
ESP-La Liga,2022,Getafe,Portu,ESP,"MF,DF",30,1992,19.7,914,17,179,378,366,35,914,43,13,30.2,22,51.2,471,2660,1405,42,26,4,29,8,532,130,possession
ESP-La Liga,2022,Getafe,Stefan Mitrović,SRB,DF,32,1990,18.7,663,110,396,260,11,8,663,1,0,0.0,1,100.0,312,1443,616,1,0,0,2,0,331,1,possession
ESP-La Liga,2022,Getafe,Ángel Algobia,ESP,MF,23,1999,12.6,626,14,147,390,92,9,626,6,4,66.7,2,33.3,330,1542,716,10,4,3,12,7,387,11,possession
ESP-La Liga,2022,Girona,Aleix García,ESP,MF,25,1997,26.0,1867,68,386,1003,490,23,1867,26,13,50.0,9,34.6,1041,4868,2266,41,35,7,19,12,1302,76,possession
ESP-La Liga,2022,Girona,Alexander Callens,PER,DF,30,1992,1.3,111,11,53,53,5,0,111,0,0,,0,,76,361,213,5,3,0,2,1,72,1,possession
ESP-La Liga,2022,Girona,Arnau Martinez,ESP,DF,19,2003,30.4,1902,98,631,861,427,53,1902,48,24,50.0,19,39.6,967,5242,3015,64,31,9,36,17,1116,98,possession
ESP-La Liga,2022,Girona,Bernardo Espinosa,COL,DF,33,1989,13.6,1047,164,530,496,29,17,1047,4,3,75.0,1,25.0,636,3354,1885,8,3,1,4,4,720,3,possession
ESP-La Liga,2022,Girona,Borja García,ESP,"MF,FW",31,1990,7.5,348,8,70,186,92,10,348,14,6,42.9,5,35.7,227,1030,394,7,9,0,6,11,253,32,possession
ESP-La Liga,2022,Girona,Cristhian Stuani,URU,FW,35,1986,12.1,281,5,28,133,121,56,275,4,0,0.0,3,75.0,137,406,145,2,1,1,23,6,193,26,possession
ESP-La Liga,2022,Girona,David López,ESP,DF,32,1989,18.4,1379,207,795,553,37,16,1379,6,6,100.0,0,0.0,823,4281,2574,18,5,0,8,1,959,4,possession
ESP-La Liga,2022,Girona,Iván Martín,ESP,MF,23,1999,17.6,822,23,132,425,274,36,822,48,26,54.2,18,37.5,540,3377,1213,30,19,6,32,37,631,82,possession
ESP-La Liga,2022,Girona,Javi Hernández,ESP,DF,24,1998,12.4,870,54,289,432,157,13,870,16,11,68.8,5,31.3,501,2907,1841,41,24,1,7,8,555,25,possession
ESP-La Liga,2022,Girona,Joel Roca,ESP,"MF,FW",17,2005,0.9,69,2,12,24,34,5,69,14,5,35.7,8,57.1,46,248,102,3,2,2,4,2,47,14,possession
ESP-La Liga,2022,Girona,Juan Carlos,ESP,GK,34,1988,10.0,356,324,355,1,0,0,356,0,0,,0,,212,903,476,0,0,0,0,0,188,0,possession
ESP-La Liga,2022,Girona,Juanpe,ESP,DF,31,1991,15.8,992,169,573,395,31,16,992,1,1,100.0,0,0.0,595,3035,1700,8,2,0,0,2,693,3,possession
ESP-La Liga,2022,Girona,Manu Vallejo,ESP,"FW,MF",25,1997,2.3,110,1,12,45,54,8,110,4,1,25.0,3,75.0,67,341,209,7,4,2,3,4,85,25,possession
ESP-La Liga,2022,Girona,Miguel Gutiérrez,ESP,DF,21,2001,26.6,1628,66,466,697,482,39,1628,75,35,46.7,32,42.7,959,5765,2803,81,43,17,36,25,1037,148,possession
ESP-La Liga,2022,Girona,Oriol Romeu,ESP,MF,30,1991,32.8,1952,109,589,1119,259,28,1952,24,20,83.3,1,4.2,1148,4448,2067,15,29,1,26,28,1318,16,possession
ESP-La Liga,2022,Girona,Oscar Ureña,DOM,MF,19,2003,1.1,41,0,7,14,22,4,41,5,4,80.0,0,0.0,28,150,45,1,0,1,4,4,29,10,possession
ESP-La Liga,2022,Girona,Paulo Gazzaniga,ARG,GK,30,1992,28.0,1140,981,1133,7,0,0,1140,1,1,100.0,0,0.0,667,3263,1663,0,0,0,3,2,504,0,possession
ESP-La Liga,2022,Girona,Ramón Terrats,ESP,MF,21,2000,2.4,129,8,38,70,23,2,129,5,2,40.0,3,60.0,73,414,191,4,4,0,2,5,87,4,possession
ESP-La Liga,2022,Girona,Reinier,BRA,"MF,FW",20,2002,7.2,329,6,46,157,128,20,329,17,9,52.9,8,47.1,210,1139,490,13,18,1,19,19,258,27,possession
ESP-La Liga,2022,Girona,Ricard Artero,ESP,"MF,FW",19,2003,1.5,68,2,14,36,20,6,68,4,3,75.0,0,0.0,45,217,106,4,4,0,4,3,54,9,possession
ESP-La Liga,2022,Girona,Rodrigo Riquelme,ESP,"MF,FW",22,2000,24.2,1021,14,136,379,528,89,1021,143,57,39.9,71,49.7,717,6218,3354,116,97,42,62,30,764,171,possession
ESP-La Liga,2022,Girona,Samuel Sáiz,ESP,MF,31,1991,2.7,192,0,21,98,75,7,190,10,4,40.0,6,60.0,131,713,244,5,5,2,10,4,154,18,possession
ESP-La Liga,2022,Girona,Santiago Bueno,URU,DF,23,1998,33.4,2098,194,1016,1038,54,17,2098,4,2,50.0,0,0.0,1305,7395,4721,30,13,0,6,1,1447,4,possession
ESP-La Liga,2022,Girona,Toni Villa,ESP,"MF,FW",27,1995,9.9,486,3,60,167,271,44,486,71,24,33.8,43,60.6,323,2281,1208,37,28,20,20,22,347,91,possession
ESP-La Liga,2022,Girona,Valentín Castellanos,ARG,FW,23,1998,28.9,672,28,65,278,343,123,671,43,14,32.6,21,48.8,361,1903,923,30,27,11,46,22,478,128,possession
ESP-La Liga,2022,Girona,Valery Fernández,ESP,"MF,DF",22,1999,10.7,461,20,86,179,199,28,461,27,13,48.1,10,37.0,274,1617,637,18,7,9,18,10,305,84,possession
ESP-La Liga,2022,Girona,Viktor Tsyhankov,UKR,MF,24,1997,16.5,737,17,110,311,331,49,737,31,17,54.8,10,32.3,463,3132,1672,63,39,19,16,15,525,120,possession
ESP-La Liga,2022,Girona,Yan Couto,BRA,"DF,MF",20,2002,12.9,734,20,184,295,266,20,734,60,28,46.7,27,45.0,447,3355,1826,56,31,12,26,13,482,89,possession
ESP-La Liga,2022,Girona,Yangel Herrera,VEN,"MF,FW",24,1998,10.7,556,17,82,301,180,32,556,23,12,52.2,8,34.8,346,1611,686,18,14,3,25,22,417,56,possession
ESP-La Liga,2022,Mallorca,Abdón Prats,ESP,"FW,MF",29,1992,4.6,141,4,10,78,54,16,141,9,3,33.3,5,55.6,72,273,56,1,1,3,8,14,100,15,possession
ESP-La Liga,2022,Mallorca,Amath,SEN,"MF,FW",26,1996,13.6,464,12,70,171,229,40,464,34,14,41.2,15,44.1,261,1666,840,33,23,12,41,22,283,69,possession
ESP-La Liga,2022,Mallorca,Antonio Raillo,ESP,DF,30,1991,30.7,1413,247,798,579,53,34,1413,3,2,66.7,1,33.3,706,4410,2519,8,4,0,9,3,713,5,possession
ESP-La Liga,2022,Mallorca,Antonio Sánchez,ESP,"MF,DF",25,1997,12.0,602,18,150,279,187,16,602,26,12,46.2,14,53.8,349,2184,850,22,19,2,25,19,342,56,possession
ESP-La Liga,2022,Mallorca,Braian Cufré,ARG,DF,25,1996,2.4,110,5,28,54,28,2,110,3,2,66.7,0,0.0,57,238,142,3,2,0,2,1,59,9,possession
ESP-La Liga,2022,Mallorca,Clément Grenier,FRA,MF,31,1991,8.0,432,11,62,240,131,4,432,7,3,42.9,2,28.6,216,807,314,4,5,1,17,7,277,26,possession
ESP-La Liga,2022,Mallorca,Copete,ESP,DF,22,1999,24.5,1166,155,575,538,67,17,1166,21,19,90.5,2,9.5,591,2474,1444,14,13,1,10,6,633,3,possession
ESP-La Liga,2022,Mallorca,Dani Rodríguez,ESP,MF,34,1988,23.3,950,27,186,481,299,42,950,55,28,50.9,24,43.6,559,3428,1525,43,29,8,47,37,604,64,possession
ESP-La Liga,2022,Mallorca,Dennis Hadzikadunic,BIH,DF,24,1998,6.8,242,31,109,117,16,6,242,0,0,,0,,107,615,283,1,3,0,2,0,121,0,possession
ESP-La Liga,2022,Mallorca,Dominik Greif,SVK,GK,25,1997,1.0,40,37,40,0,0,0,40,0,0,,0,,16,125,50,0,0,0,0,0,12,0,possession
ESP-La Liga,2022,Mallorca,Franco Russo,ARG,DF,27,1994,1.6,78,12,47,28,3,0,78,0,0,,0,,43,163,63,0,0,0,0,1,41,0,possession
ESP-La Liga,2022,Mallorca,Giovanni González,URU,DF,27,1994,10.3,506,32,170,228,111,14,506,16,8,50.0,6,37.5,234,1003,494,10,7,3,7,2,275,39,possession
ESP-La Liga,2022,Mallorca,Iddrisu Baba,GHA,"MF,DF",26,1996,18.9,773,61,253,476,60,8,773,19,11,57.9,5,26.3,413,1926,498,3,5,0,28,15,398,8,possession
ESP-La Liga,2022,Mallorca,Iñigo Ruiz de Galarreta,ESP,MF,28,1993,27.2,1446,32,330,885,247,5,1446,39,19,48.7,13,33.3,786,3212,1294,20,13,0,16,15,911,21,possession
ESP-La Liga,2022,Mallorca,Jaume Costa,ESP,DF,34,1988,28.9,1364,62,360,603,415,37,1364,25,10,40.0,12,48.0,689,3495,1980,60,38,10,23,8,810,123,possession
ESP-La Liga,2022,Mallorca,Javier Llabrés,ESP,FW,19,2002,0.2,5,1,2,2,1,0,5,0,0,,0,,3,3,2,0,0,0,0,0,3,0,possession
ESP-La Liga,2022,Mallorca,Josep Antoni Gayá,ESP,"DF,MF",22,2000,1.1,19,10,15,3,1,0,19,0,0,,0,,6,32,2,0,0,0,1,1,4,0,possession
ESP-La Liga,2022,Mallorca,Lago Junior,CIV,"FW,MF",31,1990,0.6,27,0,4,9,15,1,27,1,1,100.0,0,0.0,18,75,34,2,2,0,3,1,20,5,possession
ESP-La Liga,2022,Mallorca,Lee Kang-in,KOR,"MF,FW",21,2001,31.4,1426,15,169,693,598,42,1426,134,90,67.2,34,25.4,831,5655,2936,107,58,14,69,43,897,139,possession
ESP-La Liga,2022,Mallorca,Leo Román,ESP,GK,22,2000,1.0,45,42,45,0,0,0,45,0,0,,0,,21,105,67,0,0,0,0,0,16,0,possession
ESP-La Liga,2022,Mallorca,Ludwig Augustinsson,SWE,DF,28,1994,1.5,80,6,28,32,20,2,80,0,0,,0,,39,132,62,0,1,0,0,0,39,6,possession
ESP-La Liga,2022,Mallorca,Manu Morlanes,ESP,MF,23,1999,7.8,303,15,84,163,60,4,303,14,9,64.3,3,21.4,160,913,405,10,8,1,6,3,168,6,possession
ESP-La Liga,2022,Mallorca,Martin Valjent,SVK,DF,26,1995,29.5,1405,206,759,594,62,5,1405,5,0,0.0,2,40.0,719,3539,1751,15,16,2,6,1,767,3,possession
ESP-La Liga,2022,Mallorca,Matija Nastasić,SRB,DF,29,1993,10.1,392,59,219,162,13,6,392,0,0,,0,,202,833,432,4,2,0,2,0,221,1,possession
ESP-La Liga,2022,Mallorca,Pablo Maffeo,ESP,DF,25,1997,33.1,1599,104,462,660,499,56,1599,85,35,41.2,35,41.2,804,4817,2118,67,52,14,62,36,860,134,possession
ESP-La Liga,2022,Mallorca,Predrag Rajković,SRB,GK,26,1995,36.0,1284,1022,1266,18,0,0,1284,6,5,83.3,1,16.7,656,4514,2818,0,0,0,2,0,458,0,possession
ESP-La Liga,2022,Mallorca,Rodrigo Battaglia,ARG,MF,31,1991,7.6,310,28,114,170,27,6,310,3,0,0.0,1,33.3,136,665,268,3,4,0,5,6,164,3,possession
ESP-La Liga,2022,Mallorca,Rubén Quintanilla,ESP,DF,20,2002,0.0,3,0,1,2,0,0,3,0,0,,0,,1,10,0,0,0,0,0,0,2,0,possession
ESP-La Liga,2022,Mallorca,Tino Kadewere,ZIM,"FW,MF",26,1996,6.0,224,3,22,114,94,28,224,14,8,57.1,4,28.6,122,710,333,14,5,9,15,11,163,29,possession
ESP-La Liga,2022,Mallorca,Vedat Muriqi,KVX,FW,28,1994,32.6,1194,90,160,592,450,112,1189,31,12,38.7,15,48.4,601,2558,863,28,28,10,80,46,896,152,possession
ESP-La Liga,2022,Mallorca,Ángel Rodríguez,ESP,"FW,MF",35,1987,4.4,128,4,15,61,52,21,128,6,2,33.3,4,66.7,91,402,121,4,3,4,12,4,99,19,possession
ESP-La Liga,2022,Osasuna,Abde Ezzalzouli,MAR,"FW,MF",20,2001,16.7,813,4,73,287,473,66,813,117,59,50.4,42,35.9,555,4651,2531,93,60,45,64,38,606,136,possession
ESP-La Liga,2022,Osasuna,Aimar Oroz,ESP,"MF,FW",20,2001,22.4,1051,7,112,507,448,55,1050,62,31,50.0,22,35.5,652,3119,1359,35,34,8,42,51,769,144,possession
ESP-La Liga,2022,Osasuna,Aitor Fernández,ESP,GK,31,1991,21.0,846,701,835,11,0,0,846,0,0,,0,,443,2217,1515,0,0,0,1,0,335,0,possession
ESP-La Liga,2022,Osasuna,Ante Budimir,CRO,FW,31,1991,20.0,563,18,36,254,281,118,563,34,16,47.1,14,41.2,259,1199,449,23,16,10,62,27,398,98,possession
ESP-La Liga,2022,Osasuna,Aridane Hernández,ESP,DF,33,1989,19.9,1081,157,567,496,26,11,1081,7,6,85.7,0,0.0,593,2801,1407,6,5,1,6,3,614,0,possession
ESP-La Liga,2022,Osasuna,Darko Brašanac,SRB,MF,30,1992,11.6,489,12,79,245,171,28,489,10,4,40.0,3,30.0,246,1254,668,18,14,0,20,10,292,36,possession
ESP-La Liga,2022,Osasuna,David García,ESP,DF,28,1994,29.8,1742,198,830,862,53,22,1742,4,4,100.0,0,0.0,908,4507,2507,16,8,1,8,2,1019,4,possession
ESP-La Liga,2022,Osasuna,Diego Moreno,ESP,DF,21,2001,7.1,389,35,134,176,81,7,389,11,3,27.3,8,72.7,177,867,393,9,5,2,8,3,184,19,possession
ESP-La Liga,2022,Osasuna,Ezequiel Ávila,ARG,"FW,MF",28,1994,19.0,739,18,83,275,383,61,736,34,17,50.0,14,41.2,422,1922,710,23,18,6,39,18,509,96,possession
ESP-La Liga,2022,Osasuna,Iker Benito,ESP,"FW,MF",19,2002,2.0,66,4,19,24,26,3,66,9,3,33.3,5,55.6,34,371,245,9,6,2,3,2,35,15,possession
ESP-La Liga,2022,Osasuna,Iker Muñoz,ESP,MF,19,2002,2.8,134,9,43,78,13,0,134,2,1,50.0,0,0.0,63,331,166,0,2,0,1,2,83,4,possession
ESP-La Liga,2022,Osasuna,Jon Moncayola,ESP,"MF,DF",24,1998,27.2,1698,59,387,949,379,14,1698,8,4,50.0,3,37.5,869,3900,2099,34,29,1,26,11,1060,50,possession
ESP-La Liga,2022,Osasuna,Jorge Herrando,ESP,DF,21,2001,0.3,9,4,7,2,0,0,9,0,0,,0,,1,2,0,0,0,0,0,0,3,0,possession
ESP-La Liga,2022,Osasuna,Juan Cruz Armada,ESP,DF,30,1992,22.9,1163,103,404,562,206,4,1163,15,6,40.0,5,33.3,543,2683,1400,15,15,1,17,4,620,55,possession
ESP-La Liga,2022,Osasuna,Kike Barja,ESP,"FW,MF",25,1997,14.6,674,6,65,199,413,55,674,89,39,43.8,44,49.4,459,3154,1499,61,28,18,44,25,498,185,possession
ESP-La Liga,2022,Osasuna,Kiké,ESP,FW,32,1989,11.3,422,15,28,180,217,68,421,20,12,60.0,6,30.0,257,1117,393,16,15,6,58,17,335,58,possession
ESP-La Liga,2022,Osasuna,Lucas Torró,ESP,MF,28,1994,27.5,1459,91,365,873,233,32,1459,21,11,52.4,7,33.3,631,2565,962,12,16,1,31,14,770,17,possession
ESP-La Liga,2022,Osasuna,Manu Sánchez,ESP,DF,21,2000,23.6,1385,64,330,619,451,43,1385,41,16,39.0,23,56.1,689,3461,1930,42,27,3,27,14,782,105,possession
ESP-La Liga,2022,Osasuna,Moi Gómez,ESP,"MF,FW",28,1994,27.3,1712,23,237,1013,489,23,1712,40,27,67.5,11,27.5,1149,6450,2740,37,48,7,33,18,1247,67,possession
ESP-La Liga,2022,Osasuna,Nacho Vidal,ESP,DF,27,1995,13.9,776,58,233,313,234,16,776,27,13,48.1,12,44.4,311,1420,620,20,10,4,18,13,363,52,possession
ESP-La Liga,2022,Osasuna,Pablo Ibáñez,ESP,MF,23,1998,11.8,528,31,116,297,120,28,528,15,8,53.3,6,40.0,284,1498,706,15,10,3,16,14,333,42,possession
ESP-La Liga,2022,Osasuna,Roberto Torres,ESP,"FW,MF",33,1989,0.1,14,0,1,6,8,0,14,2,1,50.0,1,50.0,12,107,78,2,3,0,0,1,12,1,possession
ESP-La Liga,2022,Osasuna,Rubén García,ESP,"FW,MF",29,1993,12.9,711,18,100,277,339,26,711,16,6,37.5,9,56.3,385,1773,657,16,13,3,27,10,465,92,possession
ESP-La Liga,2022,Osasuna,Rubén Peña,ESP,"DF,MF",31,1991,14.2,814,48,212,360,255,21,814,32,19,59.4,10,31.3,407,2387,1166,32,28,6,32,14,410,59,possession
ESP-La Liga,2022,Osasuna,Sergio Herrera,ESP,GK,29,1993,17.0,653,515,645,8,0,0,653,2,2,100.0,0,0.0,336,1990,1230,0,0,0,2,0,266,0,possession
ESP-La Liga,2022,Osasuna,Unai García,ESP,DF,30,1992,19.0,957,89,456,479,32,8,957,8,5,62.5,2,25.0,515,2518,1458,11,6,0,5,5,572,3,possession
ESP-La Liga,2022,Rayo Vallecano,Abdul Mumin,GHA,DF,24,1998,10.2,493,59,248,231,19,8,493,9,5,55.6,4,44.4,268,1328,646,5,6,0,4,5,270,1,possession
ESP-La Liga,2022,Rayo Vallecano,Andrés Martín,ESP,"FW,MF",23,1999,2.3,102,3,22,32,48,5,102,6,3,50.0,2,33.3,53,188,95,3,3,1,7,2,62,22,possession
ESP-La Liga,2022,Rayo Vallecano,Bebé,CPV,FW,32,1990,0.7,52,0,1,19,36,0,52,8,3,37.5,4,50.0,37,344,154,5,8,0,6,3,34,10,possession
ESP-La Liga,2022,Rayo Vallecano,Catena,ESP,DF,27,1994,34.5,2120,282,1160,930,41,24,2120,2,2,100.0,0,0.0,1220,5620,2913,8,5,0,11,6,1348,2,possession
ESP-La Liga,2022,Rayo Vallecano,Diego López,ESP,GK,40,1981,1.1,29,23,29,0,0,0,29,0,0,,0,,14,92,64,0,0,0,0,0,12,0,possession
ESP-La Liga,2022,Rayo Vallecano,Diego Méndez,ESP,MF,18,2003,0.0,3,0,2,1,0,0,3,0,0,,0,,1,0,0,0,0,0,0,0,2,0,possession
ESP-La Liga,2022,Rayo Vallecano,Esteban Saveljich,MNE,FW,31,1991,0.0,0,0,0,0,0,0,0,0,0,,0,,0,0,0,0,0,0,0,0,0,0,possession
ESP-La Liga,2022,Rayo Vallecano,Florian Lejeune,FRA,DF,31,1991,28.5,1666,187,804,789,86,21,1666,7,4,57.1,2,28.6,956,4325,2516,8,9,0,6,1,1052,3,possession
ESP-La Liga,2022,Rayo Vallecano,Fran Garcia,ESP,DF,22,1999,37.9,2441,102,645,1109,728,26,2441,68,31,45.6,30,44.1,1351,9732,6294,183,142,12,47,11,1418,167,possession
ESP-La Liga,2022,Rayo Vallecano,Isaac Palazón Camacho,ESP,"FW,MF",27,1994,32.9,1830,40,196,726,936,65,1827,112,50,44.6,51,45.5,1111,5863,2134,49,65,9,78,65,1235,181,possession
ESP-La Liga,2022,Rayo Vallecano,Iván Balliu,ALB,DF,30,1992,35.9,2116,88,503,925,695,26,2116,31,11,35.5,12,38.7,1021,5129,2879,75,51,4,22,9,1150,147,possession
ESP-La Liga,2022,Rayo Vallecano,José Pozo,ESP,"MF,FW",26,1996,1.0,66,1,6,30,33,3,66,6,2,33.3,4,66.7,48,318,130,5,2,1,5,3,51,7,possession
ESP-La Liga,2022,Rayo Vallecano,Mario Hernández,ESP,DF,23,1999,1.1,48,2,9,27,12,1,48,1,0,0.0,1,100.0,29,140,92,4,0,1,0,2,27,0,possession
ESP-La Liga,2022,Rayo Vallecano,Mario Suárez,ESP,"MF,DF",35,1987,0.1,4,0,1,3,0,0,4,0,0,,0,,2,28,21,0,0,0,0,0,2,0,possession
ESP-La Liga,2022,Rayo Vallecano,Pablo Muñoz,ESP,MF,18,2003,0.1,6,0,1,2,3,0,6,1,0,0.0,1,100.0,6,17,0,0,0,0,2,1,6,1,possession
ESP-La Liga,2022,Rayo Vallecano,Pathé Ciss,SEN,"MF,DF",28,1994,14.2,891,57,243,543,114,19,891,11,5,45.5,5,45.5,480,2279,1032,10,16,1,14,13,518,5,possession
ESP-La Liga,2022,Rayo Vallecano,Pep Chavarría,ESP,"FW,MF",24,1998,4.1,229,8,37,75,120,8,229,16,7,43.8,8,50.0,113,658,365,13,6,1,7,4,122,25,possession
ESP-La Liga,2022,Rayo Vallecano,Radamel Falcao,COL,"FW,MF",36,1986,6.8,271,12,21,106,146,38,270,16,2,12.5,13,81.3,150,549,122,2,5,2,29,9,204,53,possession
ESP-La Liga,2022,Rayo Vallecano,Randy Nteka,ANG,"FW,MF",24,1997,1.3,95,2,14,48,34,6,95,7,1,14.3,4,57.1,62,317,158,3,0,2,2,5,66,7,possession
ESP-La Liga,2022,Rayo Vallecano,Raúl de Tomás,ESP,FW,27,1994,8.9,275,12,21,106,152,43,273,29,17,58.6,8,27.6,205,917,332,13,7,5,29,19,231,51,possession
ESP-La Liga,2022,Rayo Vallecano,Salvi,ESP,"FW,MF",31,1991,5.4,254,4,31,81,145,18,254,9,3,33.3,6,66.7,139,920,459,27,14,3,9,6,162,51,possession
ESP-La Liga,2022,Rayo Vallecano,Santi Comesaña,ESP,MF,25,1996,27.2,1544,34,229,927,405,58,1544,58,35,60.3,18,31.0,830,4235,2292,40,43,8,38,34,1010,58,possession
ESP-La Liga,2022,Rayo Vallecano,Sergio Camello,ESP,FW,21,2001,26.7,782,29,51,337,406,101,782,46,18,39.1,24,52.2,483,2631,1053,40,36,17,71,35,561,122,possession
ESP-La Liga,2022,Rayo Vallecano,Stole Dimitrievski,MKD,GK,28,1993,36.9,1194,993,1185,9,0,0,1194,0,0,,0,,619,3767,2427,0,0,0,0,0,426,1,possession
ESP-La Liga,2022,Rayo Vallecano,Unai López,ESP,MF,26,1995,13.9,1076,9,142,633,311,22,1076,27,12,44.4,14,51.9,635,2797,1067,17,18,5,27,19,757,43,possession
ESP-La Liga,2022,Rayo Vallecano,Álvaro García,ESP,"FW,MF",29,1992,31.9,1347,30,208,346,809,118,1347,52,21,40.4,25,48.1,785,4400,2237,116,28,45,52,17,834,293,possession
ESP-La Liga,2022,Rayo Vallecano,Óscar Trejo,ARG,"MF,FW",34,1988,23.8,1338,17,120,694,550,72,1336,118,57,48.3,43,36.4,836,4598,2004,56,59,13,66,92,995,110,possession
ESP-La Liga,2022,Rayo Vallecano,Óscar Valentín,ESP,MF,27,1994,28.4,1501,67,337,977,200,17,1501,20,7,35.0,11,55.0,762,4184,2021,21,24,1,22,13,829,17,possession
ESP-La Liga,2022,Real Madrid,Andriy Lunin,UKR,GK,23,1999,7.0,234,186,232,2,0,0,234,0,0,,0,,144,645,257,0,0,0,0,0,142,0,possession
ESP-La Liga,2022,Real Madrid,Antonio Rüdiger,GER,DF,29,1993,26.8,1814,194,907,840,79,25,1814,4,3,75.0,1,25.0,1216,5991,3731,21,11,0,8,2,1339,10,possession
ESP-La Liga,2022,Real Madrid,Aurélien Tchouaméni,FRA,MF,22,2000,23.5,1990,94,470,1234,298,29,1990,39,28,71.8,8,20.5,1291,6841,3344,41,43,4,24,12,1533,23,possession
ESP-La Liga,2022,Real Madrid,Casemiro,BRA,MF,30,1992,0.1,11,1,3,8,0,0,11,0,0,,0,,7,20,6,0,0,0,1,0,7,0,possession
ESP-La Liga,2022,Real Madrid,Dani Carvajal,ESP,DF,30,1992,19.8,1512,85,412,580,526,39,1512,17,9,52.9,5,29.4,864,3105,1547,22,30,3,23,7,1049,147,possession
ESP-La Liga,2022,Real Madrid,Dani Ceballos,ESP,MF,25,1996,17.4,1690,29,258,986,465,34,1690,66,40,60.6,22,33.3,1243,6885,3318,60,52,7,19,26,1366,60,possession
ESP-La Liga,2022,Real Madrid,David Alaba,AUT,DF,30,1992,20.4,1293,137,531,530,240,22,1293,4,3,75.0,1,25.0,779,3566,2070,16,24,2,7,5,938,60,possession
ESP-La Liga,2022,Real Madrid,Eden Hazard,BEL,FW,31,1991,2.2,128,0,5,44,82,13,127,6,2,33.3,2,33.3,95,516,268,6,8,1,9,2,112,25,possession
ESP-La Liga,2022,Real Madrid,Eduardo Camavinga,FRA,"MF,DF",19,2002,22.3,1770,51,372,942,485,39,1770,71,38,53.5,25,35.2,1162,6589,3684,69,77,12,39,28,1326,99,possession
ESP-La Liga,2022,Real Madrid,Federico Valverde,URU,"MF,FW",24,1998,27.8,1870,35,229,857,800,54,1870,44,31,70.5,10,22.7,1190,6633,3349,70,68,8,21,7,1485,135,possession
ESP-La Liga,2022,Real Madrid,Ferland Mendy,FRA,DF,27,1995,15.0,971,42,265,426,287,8,971,29,19,65.5,8,27.6,591,3059,1427,23,25,2,20,17,697,73,possession
ESP-La Liga,2022,Real Madrid,Jesús Vallejo,ESP,DF,25,1997,0.2,14,4,9,3,2,2,14,0,0,,0,,10,27,13,0,0,0,0,0,11,0,possession
ESP-La Liga,2022,Real Madrid,Karim Benzema,FRA,FW,34,1987,22.6,1284,7,56,457,776,175,1276,44,20,45.5,22,50.0,797,3737,1900,72,43,31,32,28,1092,157,possession
ESP-La Liga,2022,Real Madrid,Lucas Vázquez,ESP,DF,31,1991,12.7,1059,25,263,422,377,46,1059,25,14,56.0,5,20.0,672,3060,1598,31,13,16,20,7,771,145,possession
ESP-La Liga,2022,Real Madrid,Luka Modrić,CRO,MF,36,1985,19.4,1681,19,213,885,592,47,1680,47,19,40.4,21,44.7,1132,5681,2532,50,49,14,31,19,1361,87,possession
ESP-La Liga,2022,Real Madrid,Marco Asensio,ESP,"FW,MF",26,1996,16.0,951,11,66,375,517,71,950,33,23,69.7,7,21.2,609,3688,1856,56,39,11,19,13,725,108,possession
ESP-La Liga,2022,Real Madrid,Mariano,DOM,FW,28,1993,1.7,52,0,3,21,29,8,52,1,0,0.0,1,100.0,31,186,94,3,2,0,2,3,42,12,possession
ESP-La Liga,2022,Real Madrid,Nacho,ESP,DF,32,1990,18.2,1327,95,503,629,205,19,1327,17,11,64.7,4,23.5,762,3224,1899,18,10,4,15,9,937,34,possession
ESP-La Liga,2022,Real Madrid,Rodrygo,BRA,"FW,MF",21,2001,26.4,1399,3,56,537,822,204,1398,169,81,47.9,68,40.2,1035,6613,3658,146,81,79,64,30,1198,268,possession
ESP-La Liga,2022,Real Madrid,Sergio Arribas,ESP,"MF,FW",20,2001,0.2,13,1,1,6,6,1,13,0,0,,0,,4,26,17,0,0,0,0,0,8,0,possession
ESP-La Liga,2022,Real Madrid,Thibaut Courtois,BEL,GK,30,1992,31.0,1209,1020,1205,5,0,0,1209,2,2,100.0,0,0.0,824,4223,2619,0,0,0,2,0,704,0,possession
ESP-La Liga,2022,Real Madrid,Toni Kroos,GER,MF,32,1990,23.9,2633,58,531,1618,506,18,2633,26,9,34.6,10,38.5,1796,8015,4384,51,41,3,10,12,2106,38,possession
ESP-La Liga,2022,Real Madrid,Vinicius Júnior,BRA,FW,22,2000,31.4,1708,3,95,444,1190,260,1708,306,112,36.6,153,50.0,1357,10776,5663,221,98,140,103,61,1460,495,possession
ESP-La Liga,2022,Real Madrid,Álvaro Odriozola,ESP,DF,26,1995,0.4,32,0,7,15,10,2,32,2,0,0.0,0,0.0,20,142,74,4,0,0,0,0,25,5,possession
ESP-La Liga,2022,Real Madrid,Álvaro Rodríguez,URU,FW,18,2004,0.9,23,1,2,9,12,4,23,0,0,,0,,17,47,6,0,0,0,5,3,17,3,possession
ESP-La Liga,2022,Real Madrid,Éder Militão,BRA,DF,24,1998,30.0,2216,314,1088,984,157,31,2216,19,11,57.9,6,31.6,1378,7011,3877,28,20,1,16,6,1505,16,possession
ESP-La Liga,2022,Real Sociedad,Aihen Muñoz,ESP,DF,24,1997,19.5,1226,39,340,531,366,9,1226,40,19,47.5,18,45.0,624,3038,1395,37,32,2,25,18,704,87,possession
ESP-La Liga,2022,Real Sociedad,Alex Sola,ESP,DF,23,1999,3.9,252,12,73,99,84,6,252,16,7,43.8,5,31.3,116,739,298,8,3,1,2,6,131,19,possession
ESP-La Liga,2022,Real Sociedad,Alexander Isak,SWE,FW,22,1999,1.7,46,3,5,19,22,11,46,5,2,40.0,3,60.0,29,214,72,3,2,2,3,2,33,11,possession
ESP-La Liga,2022,Real Sociedad,Alexander Sørloth,NOR,FW,26,1995,26.5,807,29,64,331,431,107,807,75,29,38.7,42,56.0,458,2843,1264,41,30,19,84,61,591,132,possession
ESP-La Liga,2022,Real Sociedad,Ander Barrenetxea,ESP,"FW,DF",20,2001,9.8,544,14,110,213,232,41,544,63,34,54.0,25,39.7,328,2099,994,36,15,17,36,18,348,72,possession
ESP-La Liga,2022,Real Sociedad,Ander Guevara,ESP,MF,25,1997,2.5,200,2,28,127,49,0,200,4,3,75.0,1,25.0,122,577,311,4,4,0,1,1,147,3,possession
ESP-La Liga,2022,Real Sociedad,Ander Martin,ESP,"MF,FW",21,2000,0.5,29,2,7,7,15,0,29,1,1,100.0,0,0.0,10,54,23,1,1,0,0,0,14,0,possession
ESP-La Liga,2022,Real Sociedad,Andoni Gorosabel,ESP,DF,25,1996,19.0,1205,35,288,589,335,17,1205,19,9,47.4,6,31.6,599,2830,1483,42,30,1,14,8,705,75,possession
ESP-La Liga,2022,Real Sociedad,Aritz Elustondo,ESP,DF,28,1994,16.1,952,68,360,488,107,14,952,8,5,62.5,3,37.5,470,2264,1160,21,12,1,13,7,547,19,possession
ESP-La Liga,2022,Real Sociedad,Asier Illarramendi,ESP,MF,32,1990,12.0,790,33,160,477,156,12,790,7,7,100.0,0,0.0,426,1917,799,10,18,1,15,8,516,24,possession
ESP-La Liga,2022,Real Sociedad,Beñat Turrientes,ESP,"MF,FW",20,2002,1.2,61,3,17,29,15,0,61,3,1,33.3,1,33.3,30,113,51,0,0,0,4,2,34,4,possession
ESP-La Liga,2022,Real Sociedad,Brais Méndez,ESP,MF,25,1997,26.7,1608,25,170,776,675,60,1608,53,15,28.3,34,64.2,886,3755,1653,41,44,5,49,29,1093,138,possession
ESP-La Liga,2022,Real Sociedad,Carlos Fernández,ESP,FW,26,1996,7.0,231,5,25,92,120,42,231,20,13,65.0,5,25.0,141,798,284,9,8,4,19,12,181,54,possession
ESP-La Liga,2022,Real Sociedad,David Silva,ESP,MF,36,1986,21.5,1378,24,136,700,560,78,1378,47,19,40.4,19,40.4,881,4932,2318,70,68,19,37,24,1045,121,possession
ESP-La Liga,2022,Real Sociedad,Diego Rico,ESP,DF,29,1993,18.3,1186,68,385,514,296,8,1186,27,13,48.1,9,33.3,535,2659,1275,32,26,1,24,10,627,72,possession
ESP-La Liga,2022,Real Sociedad,Igor Zubeldia,ESP,DF,25,1997,28.2,1772,180,820,912,48,10,1772,8,8,100.0,0,0.0,1080,6177,3803,14,3,1,6,1,1148,4,possession
ESP-La Liga,2022,Real Sociedad,Jon Karrikaburu,ESP,FW,19,2002,1.0,38,0,0,18,20,3,38,0,0,,0,,22,127,38,2,1,1,4,3,28,2,possession
ESP-La Liga,2022,Real Sociedad,Jon Magunazelaia,ESP,"MF,FW",22,2000,0.7,28,1,9,4,15,2,28,1,1,100.0,0,0.0,18,111,70,2,1,0,3,0,15,3,possession
ESP-La Liga,2022,Real Sociedad,Jon Pacheco,ESP,DF,21,2001,13.3,994,98,423,561,13,3,994,3,2,66.7,1,33.3,641,3442,2104,18,4,0,4,2,703,0,possession
ESP-La Liga,2022,Real Sociedad,Martín Zubimendi,ESP,MF,23,1999,34.5,2090,108,509,1350,259,18,2090,24,9,37.5,10,41.7,1265,6896,3678,43,39,3,23,17,1443,29,possession
ESP-La Liga,2022,Real Sociedad,Mikel Merino,ESP,MF,26,1996,27.7,1861,86,356,1024,496,79,1860,42,22,52.4,16,38.1,1020,3933,1763,30,42,4,48,37,1263,107,possession
ESP-La Liga,2022,Real Sociedad,Mikel Oyarzabal,ESP,"FW,MF",25,1997,13.5,532,15,71,186,278,54,529,26,7,26.9,15,57.7,317,1377,673,27,15,12,27,19,386,122,possession
ESP-La Liga,2022,Real Sociedad,Mohamed Ali Cho,FRA,"FW,MF",18,2004,6.5,281,4,33,106,151,29,281,39,16,41.0,18,46.2,192,1299,704,30,6,14,29,9,204,63,possession
ESP-La Liga,2022,Real Sociedad,Olasagasti,ESP,"MF,DF",21,2000,0.7,61,1,13,41,8,1,61,0,0,,0,,30,130,82,2,1,0,2,0,37,3,possession
ESP-La Liga,2022,Real Sociedad,Pablo Marín,ESP,"MF,FW",19,2003,4.0,215,4,38,89,89,10,215,9,5,55.6,3,33.3,132,629,302,9,8,3,8,5,155,24,possession
ESP-La Liga,2022,Real Sociedad,Roberto Navarro,ESP,"MF,FW",20,2002,3.9,212,2,25,76,118,20,212,18,7,38.9,9,50.0,128,886,389,17,15,9,21,16,131,28,possession
ESP-La Liga,2022,Real Sociedad,Robin Le Normand,ESP,DF,25,1996,31.1,1976,242,946,988,53,21,1976,2,2,100.0,0,0.0,1200,6631,3761,26,11,0,8,9,1272,2,possession
ESP-La Liga,2022,Real Sociedad,Takefusa Kubo,JPN,"FW,MF",21,2001,27.1,1240,6,94,431,736,141,1240,117,49,41.9,50,42.7,841,5895,3281,117,60,66,90,42,929,239,possession
ESP-La Liga,2022,Real Sociedad,Umar Sadiq,NGA,FW,25,1997,0.9,26,1,2,9,15,2,26,3,2,66.7,0,0.0,16,62,9,0,0,1,6,2,21,6,possession
ESP-La Liga,2022,Real Sociedad,Álex Remiro,ESP,GK,27,1995,38.0,1390,1173,1383,7,0,0,1390,0,0,,0,,805,4485,2701,0,0,0,2,0,650,0,possession
ESP-La Liga,2022,Sevilla,Adnan Januzaj,BEL,FW,27,1995,0.5,30,0,2,12,16,1,30,8,4,50.0,3,37.5,19,171,32,0,1,0,1,1,22,6,possession
ESP-La Liga,2022,Sevilla,Alex Telles,BRA,DF,29,1992,15.9,880,57,287,348,252,11,880,28,14,50.0,13,46.4,400,1946,936,21,11,4,11,1,461,80,possession
ESP-La Liga,2022,Sevilla,Bryan Gil,ESP,"FW,DF",21,2001,10.2,515,10,81,188,254,25,515,45,19,42.2,17,37.8,339,1802,743,28,21,4,31,18,337,75,possession
ESP-La Liga,2022,Sevilla,Carlos Álvarez,ESP,MF,18,2003,0.1,6,0,0,3,3,0,6,0,0,,0,,2,18,1,0,0,0,1,0,5,1,possession
ESP-La Liga,2022,Sevilla,Carmona,ESP,DF,20,2002,5.9,400,33,147,196,60,6,400,6,2,33.3,3,50.0,227,935,526,9,11,2,11,2,249,8,possession
ESP-La Liga,2022,Sevilla,Diego Iturralde,ESP,DF,19,2003,0.5,16,2,9,7,1,0,16,0,0,,0,,8,24,9,0,0,0,0,0,8,1,possession
ESP-La Liga,2022,Sevilla,Fernando,BRA,"MF,DF",35,1987,17.5,1025,83,369,532,131,5,1025,5,3,60.0,1,20.0,584,2441,1049,6,17,0,13,12,656,13,possession
ESP-La Liga,2022,Sevilla,Gonzalo Montiel,ARG,DF,25,1997,16.9,1023,54,291,433,310,33,1023,23,10,43.5,12,52.2,532,2769,1584,34,28,5,23,9,576,87,possession
ESP-La Liga,2022,Sevilla,Isco,ESP,"MF,FW",30,1992,8.9,509,9,70,275,172,20,509,29,11,37.9,9,31.0,339,2050,818,16,23,1,21,22,387,36,possession
ESP-La Liga,2022,Sevilla,Ivan Rakitić,CRO,MF,34,1988,19.9,1435,28,212,780,451,33,1433,11,4,36.4,4,36.4,853,3736,2003,42,35,2,24,13,1003,84,possession
ESP-La Liga,2022,Sevilla,Iván Romero,ESP,MF,21,2001,0.1,5,0,0,3,2,0,5,0,0,,0,,4,19,1,0,0,0,1,1,4,0,possession
ESP-La Liga,2022,Sevilla,Jesús Corona,MEX,FW,29,1993,1.2,58,1,10,22,27,7,58,7,3,42.9,4,57.1,44,219,109,3,3,1,5,2,47,9,possession
ESP-La Liga,2022,Sevilla,Jesús Navas,ESP,"DF,FW",36,1985,22.0,1506,59,359,537,621,29,1506,22,11,50.0,6,27.3,867,4515,2101,46,33,9,17,10,976,207,possession
ESP-La Liga,2022,Sevilla,Joan Jordán,ESP,MF,28,1994,17.7,1221,30,248,734,243,8,1221,10,5,50.0,4,40.0,690,2675,1112,9,19,0,16,5,903,22,possession
ESP-La Liga,2022,Sevilla,Karim Rekik,NED,DF,27,1994,13.1,799,56,323,429,52,11,799,6,3,50.0,3,50.0,524,2405,1309,13,10,1,7,5,569,7,possession
ESP-La Liga,2022,Sevilla,Kasper Dolberg,DEN,FW,24,1997,2.2,46,5,7,23,17,5,46,3,1,33.3,0,0.0,28,202,75,2,2,0,3,2,31,9,possession
ESP-La Liga,2022,Sevilla,Kike Salas,ESP,DF,20,2002,4.1,255,39,133,112,10,3,255,0,0,,0,,149,530,227,3,1,0,2,1,177,0,possession
ESP-La Liga,2022,Sevilla,Loïc Bade,FRA,DF,22,2000,16.1,1030,117,572,431,34,10,1030,9,6,66.7,2,22.2,609,2716,1276,7,5,0,6,2,648,2,possession
ESP-La Liga,2022,Sevilla,Lucas Ocampos,ARG,"FW,MF",28,1994,12.9,632,13,64,265,314,64,629,61,25,41.0,34,55.7,421,2416,1095,33,27,16,40,17,461,113,possession
ESP-La Liga,2022,Sevilla,Manu Bueno,ESP,MF,18,2004,1.7,86,3,25,52,10,0,86,3,1,33.3,2,66.7,48,261,69,0,2,0,1,0,49,1,possession
ESP-La Liga,2022,Sevilla,Marcos Acuña,ARG,DF,30,1991,21.2,1523,69,406,670,467,26,1523,54,26,48.1,23,42.6,823,4070,2178,49,43,5,29,20,903,94,possession
ESP-La Liga,2022,Sevilla,Marcão,BRA,DF,26,1996,4.2,255,26,120,130,5,0,255,1,1,100.0,0,0.0,150,824,422,1,0,0,8,0,186,0,possession
ESP-La Liga,2022,Sevilla,Marko Dmitrović,SRB,GK,30,1992,14.1,540,455,539,1,0,0,540,0,0,,0,,268,1454,792,0,1,0,1,0,209,0,possession
ESP-La Liga,2022,Sevilla,Nemanja Gudelj,SRB,"DF,MF",30,1991,30.9,1911,206,837,910,169,18,1911,5,3,60.0,2,40.0,1103,5878,3393,29,37,0,14,2,1278,6,possession
ESP-La Liga,2022,Sevilla,Pape Gueye,SEN,MF,23,1999,13.0,699,24,144,422,141,21,699,23,14,60.9,6,26.1,403,1927,818,9,13,2,19,11,438,27,possession
ESP-La Liga,2022,Sevilla,Papu Gómez,ARG,"FW,MF",34,1988,11.8,637,8,69,313,264,27,637,36,15,41.7,14,38.9,470,2985,1354,34,36,6,21,13,513,67,possession
ESP-La Liga,2022,Sevilla,Pedro Ortiz,ESP,MF,21,2000,0.0,2,0,1,1,0,0,2,0,0,,0,,2,1,0,0,0,0,1,0,1,0,possession
ESP-La Liga,2022,Sevilla,Rafa Mir,ESP,FW,25,1997,14.4,396,12,36,170,192,71,396,14,0,0.0,13,92.9,188,859,332,12,5,8,24,12,277,54,possession
ESP-La Liga,2022,Sevilla,Suso,ESP,"MF,FW",28,1993,11.8,675,6,59,235,392,23,675,42,25,59.5,13,31.0,461,2714,1238,27,27,7,17,19,521,96,possession
ESP-La Liga,2022,Sevilla,Tanguy Nianzou,FRA,DF,20,2002,15.2,894,73,368,498,35,11,894,12,10,83.3,2,16.7,547,2428,1383,4,6,0,4,3,627,0,possession
ESP-La Liga,2022,Sevilla,Thomas Delaney,DEN,MF,30,1991,3.4,188,8,52,108,28,7,188,0,0,,0,,113,361,110,1,0,1,4,3,138,3,possession
ESP-La Liga,2022,Sevilla,Yassine Bounou,MAR,GK,31,1991,23.9,1011,766,995,17,0,0,1011,1,1,100.0,0,0.0,596,2682,1374,0,0,0,4,0,566,0,possession
ESP-La Liga,2022,Sevilla,Youssef En-Nesyri,MAR,FW,25,1997,18.5,439,19,44,186,211,103,439,23,4,17.4,16,69.6,190,927,369,16,5,14,46,9,286,71,possession
ESP-La Liga,2022,Sevilla,Érik Lamela,ARG,"FW,MF",30,1992,20.5,1038,3,105,397,550,108,1038,75,33,44.0,34,45.3,657,4074,1907,66,51,28,55,50,751,162,possession
ESP-La Liga,2022,Sevilla,Óliver Torres,ESP,"MF,FW",27,1994,23.7,1314,10,156,629,550,55,1314,42,15,35.7,17,40.5,886,4102,1805,38,47,6,34,47,980,156,possession
ESP-La Liga,2022,Valencia,Alberto Marí,ESP,"FW,MF",21,2001,1.0,30,0,3,12,15,7,30,4,1,25.0,3,75.0,21,71,27,1,0,1,2,1,26,6,possession
ESP-La Liga,2022,Valencia,Carlos Soler,ESP,MF,25,1997,2.7,143,2,13,62,68,4,142,2,1,50.0,0,0.0,83,508,223,3,4,0,2,1,98,7,possession
ESP-La Liga,2022,Valencia,Cenk Özkacar,TUR,DF,21,2000,15.2,908,85,409,462,45,16,908,10,10,100.0,0,0.0,522,3193,2132,23,18,0,8,4,549,2,possession
ESP-La Liga,2022,Valencia,Cristhian Mosquera,ESP,DF,18,2004,1.6,81,11,46,26,9,2,81,0,0,,0,,38,180,61,0,1,0,2,0,38,1,possession
ESP-La Liga,2022,Valencia,Diego López,ESP,"FW,MF",20,2002,5.0,215,4,37,78,104,27,215,19,9,47.4,8,42.1,135,1113,598,21,9,5,13,6,146,46,possession
ESP-La Liga,2022,Valencia,Dimitri Foulquier,FRA,DF,29,1993,19.3,1116,59,306,491,332,20,1116,42,19,45.2,22,52.4,557,3479,2048,51,34,7,33,9,591,84,possession
ESP-La Liga,2022,Valencia,Domingos André Ribeiro Almeida,POR,MF,22,2000,28.2,1686,33,244,820,652,24,1686,90,46,51.1,31,34.4,1049,6244,3196,74,71,3,42,49,1114,71,possession
ESP-La Liga,2022,Valencia,Edinson Cavani,URU,FW,35,1987,16.1,476,13,54,217,208,54,473,10,4,40.0,5,50.0,230,904,316,8,7,3,30,9,356,53,possession
ESP-La Liga,2022,Valencia,Eray Cömert,SUI,DF,24,1998,18.6,1129,162,598,510,33,10,1129,2,2,100.0,0,0.0,680,3720,2119,6,9,1,1,0,691,1,possession
ESP-La Liga,2022,Valencia,Francisco Perez,ESP,"FW,MF",19,2002,1.6,100,1,15,36,50,3,100,9,5,55.6,3,33.3,76,633,209,7,5,3,5,8,75,15,possession
ESP-La Liga,2022,Valencia,Gabriel Paulista,BRA,DF,31,1990,16.7,959,162,475,446,42,20,959,0,0,,0,,454,2724,1916,12,10,0,5,1,516,1,possession
ESP-La Liga,2022,Valencia,Giorgi Mamardashvili,GEO,GK,21,2000,38.0,1180,973,1153,30,0,0,1180,0,0,,0,,604,3176,1830,0,0,0,2,1,470,0,possession
ESP-La Liga,2022,Valencia,Hugo Duro,ESP,FW,22,1999,15.4,431,11,29,187,217,73,430,13,2,15.4,8,61.5,229,704,357,9,6,6,31,19,319,67,possession
ESP-La Liga,2022,Valencia,Hugo Guillamón,ESP,MF,22,2000,18.1,1168,60,270,651,257,6,1167,5,1,20.0,3,60.0,603,2516,1107,11,15,0,9,15,781,20,possession
ESP-La Liga,2022,Valencia,Ilaix Moriba,GUI,MF,19,2003,11.2,654,18,123,339,197,15,654,30,12,40.0,10,33.3,383,1895,883,16,13,2,21,13,445,30,possession
ESP-La Liga,2022,Valencia,Javier Guerra,ESP,MF,19,2003,6.7,340,12,57,186,103,15,340,28,14,50.0,13,46.4,211,1406,717,17,10,5,8,20,218,16,possession
ESP-La Liga,2022,Valencia,Jesus Vazquez,ESP,"DF,MF",19,2003,3.4,231,7,58,94,80,7,231,16,6,37.5,9,56.3,131,667,291,4,9,1,9,4,125,17,possession
ESP-La Liga,2022,Valencia,José Luis Gayà,ESP,DF,27,1995,30.1,1986,77,570,734,703,49,1985,36,25,69.4,11,30.6,1006,5028,2991,74,69,8,19,12,1132,200,possession
ESP-La Liga,2022,Valencia,Justin Kluivert,NED,"FW,MF",23,1999,16.1,583,7,48,153,401,65,582,63,30,47.6,30,47.6,358,3045,1553,58,33,22,39,22,392,126,possession
ESP-La Liga,2022,Valencia,Marcos André,BRA,"FW,MF",25,1996,5.0,125,1,8,50,69,23,125,17,9,52.9,4,23.5,78,353,124,2,3,0,21,5,94,20,possession
ESP-La Liga,2022,Valencia,Maxi Gómez,URU,FW,25,1996,1.2,27,2,2,9,16,8,27,2,0,0.0,2,100.0,19,93,64,1,0,3,3,1,21,1,possession
ESP-La Liga,2022,Valencia,Mouctar Diakhaby,GUI,DF,25,1996,27.2,1452,188,711,659,90,52,1452,10,5,50.0,4,40.0,823,4136,2149,19,14,1,14,3,868,11,possession
ESP-La Liga,2022,Valencia,Nicolás González,ESP,MF,20,2002,15.6,921,30,164,555,209,19,921,39,28,71.8,6,15.4,528,2629,1277,21,26,1,12,15,606,17,possession
ESP-La Liga,2022,Valencia,Samu Castillejo,ESP,"FW,MF",27,1995,15.1,840,2,81,345,422,49,840,65,23,35.4,33,50.8,561,3278,1701,54,41,11,43,28,604,115,possession
ESP-La Liga,2022,Valencia,Samuel Lino,BRA,"FW,MF",22,1999,32.1,1611,15,178,582,881,162,1611,121,53,43.8,50,41.3,1073,7128,4026,144,100,60,85,57,1165,260,possession
ESP-La Liga,2022,Valencia,Thierry Correia,POR,DF,23,1999,22.3,1615,77,491,687,456,23,1615,34,13,38.2,15,44.1,862,4437,2539,60,46,9,36,11,954,122,possession
ESP-La Liga,2022,Valencia,Toni Lato,ESP,"DF,MF",24,1997,10.2,583,22,149,247,191,18,583,10,7,70.0,2,20.0,280,1402,794,18,15,2,8,2,346,47,possession
ESP-La Liga,2022,Valencia,Yunus Musah,USA,MF,19,2002,23.4,1030,27,154,487,405,51,1030,70,27,38.6,35,50.0,646,4812,2417,72,62,11,52,22,729,101,possession
ESP-La Liga,2022,Valladolid,Anuar,MAR,"MF,FW",27,1995,2.3,70,8,20,30,20,8,70,4,2,50.0,0,0.0,37,261,127,6,2,3,7,4,41,4,possession
ESP-La Liga,2022,Valladolid,Babatunde Akinsola,NGA,FW,19,2003,0.1,4,0,1,2,1,0,4,0,0,,0,,4,29,14,1,1,0,2,1,5,3,possession
ESP-La Liga,2022,Valladolid,Cyle Larin,CAN,FW,27,1995,16.3,472,21,48,189,242,89,470,26,10,38.5,15,57.7,304,1538,607,25,15,11,65,36,370,72,possession
ESP-La Liga,2022,Valladolid,Darwin Machís,VEN,FW,29,1993,6.7,295,7,41,110,148,32,295,30,11,36.7,16,53.3,199,1326,588,29,17,11,21,6,204,53,possession
ESP-La Liga,2022,Valladolid,David Torres,ESP,DF,19,2003,4.3,254,19,105,137,14,1,254,1,1,100.0,0,0.0,152,599,338,2,3,0,4,0,176,2,possession
ESP-La Liga,2022,Valladolid,Gonzalo Plata,ECU,FW,21,2000,25.6,1203,13,183,462,578,102,1203,172,66,38.4,86,50.0,703,5277,2466,97,64,45,68,39,763,213,possession
ESP-La Liga,2022,Valladolid,Iván Fresneda,ESP,DF,17,2004,19.4,1163,87,390,497,284,16,1163,42,15,35.7,19,45.2,563,3218,1672,48,26,7,22,18,625,101,possession
ESP-La Liga,2022,Valladolid,Iván Sánchez,ESP,"MF,FW",29,1992,12.8,616,9,99,292,241,26,616,63,36,57.1,16,25.4,449,3611,1974,58,31,12,21,15,472,61,possession
ESP-La Liga,2022,Valladolid,Javi Sánchez,ESP,DF,25,1997,26.6,1444,219,838,577,41,15,1444,7,7,100.0,0,0.0,800,4466,2820,21,9,1,7,4,906,5,possession
ESP-La Liga,2022,Valladolid,Jawad El Yamiq,MAR,DF,30,1992,17.9,1163,177,613,519,45,19,1163,14,10,71.4,3,21.4,606,3424,1777,21,9,3,14,5,660,3,possession
ESP-La Liga,2022,Valladolid,Joaquín Fernández,ESP,DF,26,1996,24.0,1228,167,672,517,41,17,1228,2,1,50.0,1,50.0,672,3137,1642,6,7,1,9,1,759,3,possession
ESP-La Liga,2022,Valladolid,Jordi Masip,ESP,GK,33,1989,27.9,1025,947,1025,0,0,0,1025,0,0,,0,,539,2791,1785,0,0,0,0,0,427,0,possession
ESP-La Liga,2022,Valladolid,Juanjo Narváez,COL,"MF,FW",27,1995,1.6,51,1,9,17,25,6,51,3,1,33.3,1,33.3,29,110,27,0,2,0,2,5,38,9,possession
ESP-La Liga,2022,Valladolid,Kenedy,BRA,"FW,DF",26,1996,3.1,131,0,18,59,58,13,131,13,4,30.8,9,69.2,85,367,142,4,1,3,14,7,94,21,possession
ESP-La Liga,2022,Valladolid,Kike Pérez,ESP,MF,25,1997,25.6,1546,52,337,836,413,45,1546,69,30,43.5,28,40.6,911,5542,2827,54,46,8,49,34,1028,82,possession
ESP-La Liga,2022,Valladolid,Lucas Olaza,URU,DF,28,1994,16.6,929,55,263,404,268,11,929,11,4,36.4,7,63.6,413,1428,707,12,15,1,14,7,480,90,possession
ESP-La Liga,2022,Valladolid,Lucas Oliveira Rosa,BRA,DF,22,2000,10.3,572,25,168,218,191,10,572,21,9,42.9,10,47.6,263,1627,761,24,17,7,13,7,270,61,possession
ESP-La Liga,2022,Valladolid,Luis Pérez,ESP,DF,27,1995,13.5,724,38,206,330,196,4,724,20,8,40.0,10,50.0,375,1920,933,24,16,1,16,5,397,84,possession
ESP-La Liga,2022,Valladolid,Manuel Pozo,ESP,FW,20,2001,0.2,14,0,2,8,4,0,14,3,1,33.3,2,66.7,10,42,17,0,0,0,0,1,7,1,possession
ESP-La Liga,2022,Valladolid,Martin Hongla,CMR,"DF,MF",24,1998,14.5,745,84,333,371,46,1,745,11,9,81.8,2,18.2,455,2458,1302,6,7,1,14,1,463,5,possession
ESP-La Liga,2022,Valladolid,Mickael Malsa,MTQ,MF,26,1995,0.8,31,4,12,18,1,0,31,1,1,100.0,0,0.0,17,77,9,0,0,0,2,2,15,0,possession
ESP-La Liga,2022,Valladolid,Monchu,ESP,MF,22,1999,22.6,1276,48,319,693,270,24,1276,20,10,50.0,7,35.0,636,2794,1252,17,18,3,34,15,749,25,possession
ESP-La Liga,2022,Valladolid,Roberto Arroyo,ESP,MF,18,2003,0.2,7,0,1,3,3,1,7,1,1,100.0,0,0.0,8,38,25,1,0,1,1,2,8,4,possession
ESP-La Liga,2022,Valladolid,Roque Mesa,ESP,MF,33,1989,18.0,1134,62,286,683,181,9,1134,31,15,48.4,14,45.2,748,4717,2201,29,23,3,21,21,772,24,possession
ESP-La Liga,2022,Valladolid,Selim Amallah,MAR,"MF,FW",25,1996,3.0,138,2,21,77,44,11,138,25,11,44.0,12,48.0,80,507,254,11,7,3,6,10,84,9,possession
ESP-La Liga,2022,Valladolid,Sergi Guardiola,ESP,FW,31,1991,5.6,191,7,27,91,74,17,191,7,0,0.0,6,85.7,99,373,144,7,6,2,18,4,125,20,possession
ESP-La Liga,2022,Valladolid,Sergio Asenjo,ESP,GK,33,1989,10.0,384,327,384,0,0,0,384,0,0,,0,,198,910,556,0,0,0,2,0,153,0,possession
ESP-La Liga,2022,Valladolid,Sergio Escudero,ESP,DF,32,1989,16.0,937,61,320,371,255,16,937,17,7,41.2,9,52.9,363,1672,814,17,16,3,13,8,435,37,possession
ESP-La Liga,2022,Valladolid,Sergio León,ESP,FW,33,1989,14.8,345,5,26,159,170,49,343,30,10,33.3,17,56.7,210,1122,563,21,16,6,45,17,242,75,possession
ESP-La Liga,2022,Valladolid,Shon Weissman,ISR,FW,26,1996,8.3,160,6,19,86,57,25,160,5,2,40.0,2,40.0,76,283,104,7,2,3,22,7,91,15,possession
ESP-La Liga,2022,Valladolid,Sékou Gassama,SEN,FW,27,1995,0.4,12,1,1,4,7,4,12,0,0,,0,,7,25,16,1,0,1,1,0,8,1,possession
ESP-La Liga,2022,Valladolid,Toni Villa,ESP,MF,27,1995,1.0,45,0,7,17,22,1,45,5,1,20.0,3,60.0,27,126,56,2,2,0,1,1,27,5,possession
ESP-La Liga,2022,Valladolid,Zouhair Feddal,MAR,DF,33,1989,4.2,249,48,162,85,3,2,249,0,0,,0,,124,595,278,0,0,0,0,1,147,0,possession
ESP-La Liga,2022,Valladolid,Álvaro Aceves,ESP,GK,19,2003,0.1,8,6,8,0,0,0,8,0,0,,0,,8,42,34,0,0,0,0,0,2,0,possession
ESP-La Liga,2022,Valladolid,Álvaro Aguado,ESP,MF,26,1996,21.0,1292,36,255,742,315,18,1292,31,13,41.9,9,29.0,833,5476,2508,29,43,3,24,9,908,50,possession
ESP-La Liga,2022,Valladolid,Óscar Plano,ESP,"FW,MF",31,1991,22.6,890,29,151,423,325,46,890,33,13,39.4,14,42.4,496,2410,979,30,30,4,37,23,570,95,possession
ESP-La Liga,2022,Villarreal,Alberto Del Moral,ESP,MF,22,2000,0.1,1,0,0,1,0,0,1,0,0,,0,,1,2,1,0,0,0,0,0,1,0,possession
ESP-La Liga,2022,Villarreal,Alberto Moreno,ESP,DF,30,1992,14.4,872,27,247,298,331,28,872,16,6,37.5,8,50.0,490,2569,1333,41,32,7,17,6,549,97,possession
ESP-La Liga,2022,Villarreal,Alex Baena,ESP,"MF,FW",21,2001,21.6,1103,28,152,512,454,66,1103,62,27,43.5,25,40.3,752,3962,1847,50,42,14,41,34,873,110,possession
ESP-La Liga,2022,Villarreal,Alfonso Pedraza,ESP,DF,26,1996,18.1,1049,44,287,353,423,47,1049,59,21,35.6,32,54.2,555,4093,2265,68,46,14,30,14,607,145,possession
ESP-La Liga,2022,Villarreal,Arnaut Danjuma,NED,FW,25,1997,5.3,135,2,11,39,86,23,134,8,3,37.5,4,50.0,88,490,260,12,3,8,11,6,103,35,possession
ESP-La Liga,2022,Villarreal,Aïssa Mandi,ALG,DF,30,1991,16.2,1051,143,573,429,51,6,1051,3,1,33.3,1,33.3,614,2874,1516,7,7,0,3,2,726,9,possession
ESP-La Liga,2022,Villarreal,Daniel Parejo,ESP,MF,33,1989,36.5,2855,106,633,1565,683,14,2851,41,29,70.7,9,22.0,1600,6448,2988,26,47,0,31,35,1977,32,possession
ESP-La Liga,2022,Villarreal,Diego Collado,ESP,FW,21,2001,0.1,8,0,0,2,6,1,8,0,0,,0,,3,9,4,0,0,0,0,0,6,3,possession
ESP-La Liga,2022,Villarreal,Fernando Niño,ESP,"MF,FW",21,2000,0.2,9,0,0,3,6,1,9,1,0,0.0,1,100.0,8,28,1,0,0,0,2,0,9,4,possession
ESP-La Liga,2022,Villarreal,Filip Jørgensen,DEN,GK,20,2002,2.0,56,49,56,0,0,0,56,0,0,,0,,35,131,79,0,0,0,0,0,30,0,possession
ESP-La Liga,2022,Villarreal,Francis Coquelin,FRA,MF,31,1991,8.3,391,17,63,224,107,18,391,6,2,33.3,2,33.3,200,885,399,11,11,1,18,14,286,27,possession
ESP-La Liga,2022,Villarreal,Gerard Moreno,ESP,FW,30,1992,13.7,634,16,57,282,309,67,632,56,29,51.8,20,35.7,401,1986,828,21,20,11,32,19,508,108,possession
ESP-La Liga,2022,Villarreal,Gerónimo Rulli,ARG,GK,30,1992,14.0,579,476,577,3,0,0,579,0,0,,0,,335,1591,1061,0,0,0,0,0,283,0,possession
ESP-La Liga,2022,Villarreal,Giovani Lo Celso,ARG,"MF,FW",26,1996,12.5,854,10,113,367,388,42,854,47,22,46.8,15,31.9,555,3286,1600,35,28,10,31,23,651,70,possession
ESP-La Liga,2022,Villarreal,Haissem Hassan,FRA,"FW,MF",20,2002,0.6,25,1,6,10,11,1,25,4,2,50.0,1,25.0,21,224,60,3,1,1,2,0,21,3,possession
ESP-La Liga,2022,Villarreal,Johan Mojica,COL,DF,29,1992,7.1,458,17,137,174,151,9,458,14,6,42.9,6,42.9,286,1820,884,27,15,5,10,5,276,38,possession
ESP-La Liga,2022,Villarreal,Jorge Cuenca,ESP,DF,22,1999,5.6,461,65,232,219,10,5,461,0,0,,0,,280,1455,1030,7,1,0,2,0,308,1,possession
ESP-La Liga,2022,Villarreal,José Luis Morales,ESP,"FW,MF",35,1987,13.5,402,2,35,142,233,79,402,51,18,35.3,27,52.9,233,1565,769,40,22,26,24,11,283,92,possession
ESP-La Liga,2022,Villarreal,Juan Foyth,ARG,DF,24,1998,21.8,1545,109,516,783,264,21,1545,48,27,56.3,18,37.5,778,4537,2657,47,36,1,21,15,895,18,possession
ESP-La Liga,2022,Villarreal,Kiko Femenía,ESP,DF,31,1991,12.6,877,41,299,377,211,8,877,13,6,46.2,4,30.8,508,2763,1461,36,27,1,8,9,570,47,possession
ESP-La Liga,2022,Villarreal,Mamadou Fall,SEN,DF,19,2002,0.3,22,2,8,10,4,0,22,1,0,0.0,1,100.0,10,39,16,0,0,0,1,0,8,0,possession
ESP-La Liga,2022,Villarreal,Manu Morlanes,ESP,MF,23,1999,1.8,60,5,15,34,11,0,60,0,0,,0,,31,127,49,1,1,0,0,1,36,1,possession
ESP-La Liga,2022,Villarreal,Manu Trigueros,ESP,MF,30,1991,9.2,599,14,76,354,173,7,599,5,2,40.0,3,60.0,368,1430,637,12,10,0,7,9,487,22,possession
ESP-La Liga,2022,Villarreal,Nicolas Jackson,SEN,FW,21,2001,17.8,524,9,35,210,290,93,524,37,23,62.2,11,29.7,347,2501,1231,49,26,19,55,39,376,117,possession
ESP-La Liga,2022,Villarreal,Pascu,ESP,"DF,FW",19,2003,0.1,12,0,0,7,5,2,12,2,0,0.0,2,100.0,8,51,31,1,1,0,1,0,8,2,possession
ESP-La Liga,2022,Villarreal,Pau Torres,ESP,DF,25,1997,33.9,2495,361,1186,1174,154,32,2495,35,26,74.3,7,20.0,1573,10882,7623,76,48,0,22,4,1708,12,possession
ESP-La Liga,2022,Villarreal,Pepe Reina,ESP,GK,39,1982,22.0,900,744,892,8,0,0,900,1,1,100.0,0,0.0,541,2919,1834,0,0,0,0,0,455,0,possession
ESP-La Liga,2022,Villarreal,Ramón Terrats,ESP,MF,21,2000,9.1,528,18,95,284,151,16,528,29,15,51.7,13,44.8,330,1561,826,21,12,2,23,11,399,32,possession
ESP-La Liga,2022,Villarreal,Raúl Albiol,ESP,DF,36,1985,23.5,1687,223,856,796,44,9,1687,7,4,57.1,3,42.9,1047,6910,4616,12,10,0,11,5,1152,3,possession
ESP-La Liga,2022,Villarreal,Samuel Chukwueze,NGA,"FW,MF",23,1999,26.0,1241,15,131,437,696,143,1241,178,86,48.3,76,42.7,876,6197,3639,133,63,71,66,29,974,261,possession
ESP-La Liga,2022,Villarreal,Yeremi Pino,ESP,"FW,MF",19,2002,27.2,1173,37,172,392,627,149,1173,94,48,51.1,34,36.2,736,3905,1877,65,34,38,57,39,850,256,possession
ESP-La Liga,2022,Villarreal,Étienne Capoue,FRA,MF,34,1988,21.7,1212,40,199,726,302,24,1212,62,31,50.0,22,35.5,783,4143,2031,45,27,10,26,13,948,72,possession
