league,season,team,player,nation,pos,age,born,Playing Time,Playing Time,Playing Time,Playing Time,Performance,Performance,Performance,Performance,Performance,Performance,Performance,Performance,Expected,Expected,Expected,Expected,Progression,Progression,Progression,Per 90 Minutes,Per 90 Minutes,Per 90 Minutes,Per 90 Minutes,Per 90 Minutes,Per 90 Minutes,Per 90 Minutes,Per 90 Minutes,Per 90 Minutes,Per 90 Minutes,stat_type
,,,,,,,,MP,Starts,Min,90s,Gls,Ast,G+A,G-PK,PK,PKatt,CrdY,CrdR,xG,npxG,xAG,npxG+xAG,PrgC,PrgP,PrgR,Gls,Ast,G+A,G-PK,G+A-PK,xG,xAG,xG+xAG,npxG,npxG+xAG,
ENG-Premier League,2021,Arsenal,Ainsley Maitland-Niles,ENG,"MF,DF",22,1997,11,5,490,5.4,0,0,0,0,0,0,0,0,0.1,0.1,0.1,0.2,12,24,21,0.0,0.0,0.0,0.0,0.0,0.01,0.02,0.04,0.01,0.04,standard
ENG-Premier League,2021,Arsenal,Alexandre Lacazette,FRA,FW,29,1991,31,22,1923,21.4,13,2,15,10,3,3,3,0,11.7,9.3,2.2,11.5,15,55,112,0.61,0.09,0.7,0.47,0.56,0.55,0.1,0.65,0.43,0.54,standard
ENG-Premier League,2021,Arsenal,Bernd Leno,GER,GK,28,1992,35,35,3131,34.8,0,0,0,0,0,0,0,1,0.0,0.0,0.0,0.0,0,2,0,0.0,0.0,0.0,0.0,0.0,0.0,0.0,0.0,0.0,0.0,standard
ENG-Premier League,2021,Arsenal,Bukayo Saka,ENG,"FW,MF",18,2001,32,30,2553,28.4,5,3,8,5,0,0,1,0,6.9,6.9,4.4,11.3,85,101,269,0.18,0.11,0.28,0.18,0.28,0.24,0.16,0.4,0.24,0.4,standard
ENG-Premier League,2021,Arsenal,Calum Chambers,ENG,DF,25,1995,10,8,753,8.4,0,2,2,0,0,0,0,0,0.4,0.4,1.1,1.5,16,40,49,0.0,0.24,0.24,0.0,0.24,0.05,0.13,0.18,0.05,0.18,standard
ENG-Premier League,2021,Arsenal,Cédric Soares,POR,DF,28,1991,10,8,746,8.3,0,1,1,0,0,0,1,0,0.3,0.3,0.9,1.2,21,46,40,0.0,0.12,0.12,0.0,0.12,0.03,0.11,0.15,0.03,0.15,standard
ENG-Premier League,2021,Arsenal,Dani Ceballos,ESP,MF,23,1996,25,17,1615,17.9,0,3,3,0,0,0,4,0,0.6,0.6,2.6,3.3,54,150,52,0.0,0.17,0.17,0.0,0.17,0.04,0.15,0.18,0.04,0.18,standard
ENG-Premier League,2021,Arsenal,David Luiz,BRA,DF,33,1987,20,17,1396,15.5,1,0,1,1,0,0,1,1,0.9,0.9,0.5,1.4,22,68,3,0.06,0.0,0.06,0.06,0.06,0.06,0.03,0.09,0.06,0.09,standard
ENG-Premier League,2021,Arsenal,Eddie Nketiah,ENG,FW,21,1999,17,4,423,4.7,2,1,3,2,0,0,0,0,1.8,1.8,0.6,2.4,6,6,29,0.43,0.21,0.64,0.43,0.64,0.38,0.14,0.51,0.38,0.51,standard
ENG-Premier League,2021,Arsenal,Emile Smith Rowe,ENG,"MF,FW",20,2000,20,18,1440,16.0,2,4,6,2,0,0,0,0,1.8,1.8,3.4,5.1,51,68,113,0.12,0.25,0.37,0.12,0.37,0.11,0.21,0.32,0.11,0.32,standard
ENG-Premier League,2021,Arsenal,Gabriel Magalhães,BRA,DF,22,1997,23,22,1996,22.2,2,0,2,2,0,0,4,1,1.3,1.3,0.1,1.4,18,80,8,0.09,0.0,0.09,0.09,0.09,0.06,0.0,0.06,0.06,0.06,standard
ENG-Premier League,2021,Arsenal,Gabriel Martinelli,BRA,FW,19,2001,14,7,589,6.5,2,1,3,2,0,0,0,0,3.3,3.3,1.8,5.1,23,8,62,0.31,0.15,0.46,0.31,0.46,0.5,0.27,0.78,0.5,0.78,standard
ENG-Premier League,2021,Arsenal,Granit Xhaka,SUI,"MF,DF",27,1992,31,29,2522,28.0,1,2,3,1,0,0,7,1,0.9,0.9,1.5,2.3,41,276,31,0.04,0.07,0.11,0.04,0.11,0.03,0.05,0.08,0.03,0.08,standard
ENG-Premier League,2021,Arsenal,Héctor Bellerín,ESP,"DF,MF",25,1995,25,24,2089,23.2,1,2,3,1,0,0,8,0,0.8,0.8,2.4,3.2,46,108,142,0.04,0.09,0.13,0.04,0.13,0.03,0.1,0.14,0.03,0.14,standard
ENG-Premier League,2021,Arsenal,Joe Willock,ENG,MF,20,1999,7,2,238,2.6,0,0,0,0,0,0,1,0,0.3,0.3,0.1,0.3,8,11,13,0.0,0.0,0.0,0.0,0.0,0.1,0.02,0.12,0.1,0.12,standard
ENG-Premier League,2021,Arsenal,Kieran Tierney,SCO,DF,23,1997,27,26,2299,25.5,1,3,4,1,0,0,4,0,0.5,0.5,3.5,4.0,82,95,194,0.04,0.12,0.16,0.04,0.16,0.02,0.14,0.16,0.02,0.16,standard
ENG-Premier League,2021,Arsenal,Martin Ødegaard,NOR,MF,21,1998,14,9,866,9.6,1,2,3,1,0,0,0,0,0.7,0.7,2.0,2.7,16,65,49,0.1,0.21,0.31,0.1,0.31,0.08,0.21,0.29,0.08,0.29,standard
ENG-Premier League,2021,Arsenal,Mathew Ryan,AUS,GK,28,1992,3,3,270,3.0,0,0,0,0,0,0,0,0,0.0,0.0,0.1,0.1,0,0,1,0.0,0.0,0.0,0.0,0.0,0.0,0.02,0.02,0.0,0.02,standard
ENG-Premier League,2021,Arsenal,Mohamed Elneny,EGY,MF,28,1992,23,17,1544,17.2,1,0,1,1,0,0,3,0,0.4,0.4,0.2,0.6,17,99,12,0.06,0.0,0.06,0.06,0.06,0.02,0.01,0.03,0.02,0.03,standard
ENG-Premier League,2021,Arsenal,Nicolas Pépé,CIV,FW,25,1995,29,16,1616,18.0,10,1,11,9,1,1,1,1,5.8,5.0,1.0,6.0,56,45,199,0.56,0.06,0.61,0.5,0.56,0.32,0.05,0.38,0.28,0.33,standard
ENG-Premier League,2021,Arsenal,Pablo Marí,ESP,DF,26,1993,10,10,900,10.0,0,0,0,0,0,0,2,0,0.1,0.1,0.3,0.3,4,21,0,0.0,0.0,0.0,0.0,0.0,0.01,0.03,0.03,0.01,0.03,standard
ENG-Premier League,2021,Arsenal,Pierre-Emerick Aubameyang,GAB,FW,31,1989,29,26,2332,25.9,10,3,13,8,2,2,2,0,10.2,8.6,2.4,11.0,65,66,195,0.39,0.12,0.5,0.31,0.42,0.39,0.09,0.48,0.33,0.42,standard
ENG-Premier League,2021,Arsenal,Reiss Nelson,ENG,"FW,MF",20,1999,2,0,71,0.8,0,0,0,0,0,0,0,0,0.1,0.1,0.0,0.1,4,4,6,0.0,0.0,0.0,0.0,0.0,0.08,0.0,0.08,0.08,0.08,standard
ENG-Premier League,2021,Arsenal,Rob Holding,ENG,DF,24,1995,30,28,2558,28.4,0,1,1,0,0,0,2,0,1.0,1.0,0.2,1.2,10,114,1,0.0,0.04,0.04,0.0,0.04,0.04,0.01,0.04,0.04,0.04,standard
ENG-Premier League,2021,Arsenal,Rúnar Alex Rúnarsson,ISL,GK,25,1995,1,0,16,0.2,0,0,0,0,0,0,0,0,0.0,0.0,0.0,0.0,0,0,0,0.0,0.0,0.0,0.0,0.0,0.0,0.0,0.0,0.0,0.0,standard
ENG-Premier League,2021,Arsenal,Sead Kolašinac,BIH,DF,27,1993,1,1,90,1.0,0,0,0,0,0,0,0,0,0.0,0.0,0.0,0.0,2,2,9,0.0,0.0,0.0,0.0,0.0,0.0,0.0,0.0,0.0,0.0,standard
ENG-Premier League,2021,Arsenal,Shkodran Mustafi,GER,DF,28,1992,3,0,47,0.5,0,0,0,0,0,0,0,0,0.0,0.0,0.0,0.0,0,7,1,0.0,0.0,0.0,0.0,0.0,0.0,0.0,0.0,0.0,0.0,standard
ENG-Premier League,2021,Arsenal,Thomas Partey,GHA,MF,27,1993,24,18,1534,17.0,0,2,2,0,0,0,5,0,1.3,1.3,1.0,2.4,33,121,18,0.0,0.12,0.12,0.0,0.12,0.08,0.06,0.14,0.08,0.14,standard
ENG-Premier League,2021,Arsenal,Willian,BRA,FW,31,1988,25,16,1406,15.6,1,5,6,1,0,0,0,0,1.9,1.9,3.0,5.0,51,78,119,0.06,0.32,0.38,0.06,0.38,0.12,0.19,0.32,0.12,0.32,standard
ENG-Premier League,2021,Aston Villa,Ahmed Elmohamady,EGY,DF,32,1987,14,8,839,9.3,0,0,0,0,0,0,2,0,0.4,0.4,1.0,1.4,10,45,36,0.0,0.0,0.0,0.0,0.0,0.05,0.11,0.15,0.05,0.15,standard
ENG-Premier League,2021,Aston Villa,Anwar El Ghazi,NED,FW,25,1995,28,17,1613,17.9,10,0,10,6,4,4,2,0,8.4,5.3,1.8,7.1,50,47,163,0.56,0.0,0.56,0.33,0.33,0.47,0.1,0.57,0.3,0.39,standard
ENG-Premier League,2021,Aston Villa,Bertrand Traoré,BFA,FW,24,1995,36,29,2317,25.7,7,6,13,7,0,0,1,0,6.6,6.6,4.3,10.9,51,77,125,0.27,0.23,0.5,0.27,0.5,0.26,0.17,0.42,0.26,0.42,standard
ENG-Premier League,2021,Aston Villa,Carney Chukwuemeka,ENG,"MF,FW",16,2003,2,0,20,0.2,0,0,0,0,0,0,0,0,0.0,0.0,0.0,0.0,0,1,1,0.0,0.0,0.0,0.0,0.0,0.17,0.0,0.17,0.17,0.17,standard
ENG-Premier League,2021,Aston Villa,Conor Hourihane,IRL,MF,29,1991,4,3,225,2.5,1,1,2,1,0,0,0,0,0.7,0.7,0.6,1.3,1,23,11,0.4,0.4,0.8,0.4,0.8,0.26,0.25,0.51,0.26,0.51,standard
ENG-Premier League,2021,Aston Villa,Douglas Luiz,BRA,MF,22,1998,33,32,2781,30.9,0,2,2,0,0,0,10,1,1.2,1.2,1.6,2.8,47,131,32,0.0,0.06,0.06,0.0,0.06,0.04,0.05,0.09,0.04,0.09,standard
ENG-Premier League,2021,Aston Villa,Emiliano Martínez,ARG,GK,27,1992,38,38,3420,38.0,0,0,0,0,0,0,1,0,0.0,0.0,0.1,0.1,0,0,0,0.0,0.0,0.0,0.0,0.0,0.0,0.0,0.0,0.0,0.0,standard
ENG-Premier League,2021,Aston Villa,Ezri Konsa,ENG,DF,22,1997,36,35,3196,35.5,2,0,2,2,0,0,3,0,2.4,2.4,0.1,2.5,3,32,5,0.06,0.0,0.06,0.06,0.06,0.07,0.0,0.07,0.07,0.07,standard
ENG-Premier League,2021,Aston Villa,Jack Grealish,ENG,"FW,MF",24,1995,26,24,2185,24.3,6,10,16,6,0,0,6,0,4.6,4.6,7.4,12.0,172,189,212,0.25,0.41,0.66,0.25,0.66,0.19,0.3,0.5,0.19,0.5,standard
ENG-Premier League,2021,Aston Villa,Jacob Ramsey,ENG,MF,19,2001,22,6,626,7.0,0,0,0,0,0,0,0,0,0.5,0.5,0.3,0.8,8,23,21,0.0,0.0,0.0,0.0,0.0,0.07,0.04,0.11,0.07,0.11,standard
ENG-Premier League,2021,Aston Villa,Jaden Philogene Bidace,ENG,FW,18,2002,1,0,1,0.0,0,0,0,0,0,0,0,0,0.0,0.0,0.0,0.0,0,0,0,0.0,0.0,0.0,0.0,0.0,0.0,0.0,0.0,0.0,0.0,standard
ENG-Premier League,2021,Aston Villa,John McGinn,SCO,MF,25,1994,37,37,3330,37.0,3,5,8,3,0,0,12,0,2.5,2.5,3.6,6.1,33,221,79,0.08,0.14,0.22,0.08,0.22,0.07,0.1,0.17,0.07,0.17,standard
ENG-Premier League,2021,Aston Villa,Keinan Davis,ENG,"FW,MF",22,1998,15,1,277,3.1,1,1,2,1,0,0,0,0,1.5,1.5,0.6,2.1,7,6,37,0.32,0.32,0.65,0.32,0.65,0.47,0.19,0.67,0.47,0.67,standard
ENG-Premier League,2021,Aston Villa,Kortney Hause,ENG,DF,25,1995,7,7,630,7.0,1,0,1,1,0,0,2,0,1.0,1.0,0.0,1.0,1,10,0,0.14,0.0,0.14,0.14,0.14,0.15,0.0,0.15,0.15,0.15,standard
ENG-Premier League,2021,Aston Villa,Marvelous Nakamba,ZIM,MF,26,1994,13,9,749,8.3,0,0,0,0,0,0,3,0,0.0,0.0,0.1,0.1,1,9,2,0.0,0.0,0.0,0.0,0.0,0.01,0.01,0.01,0.01,0.01,standard
ENG-Premier League,2021,Aston Villa,Matt Targett,ENG,DF,24,1995,38,38,3404,37.8,0,2,2,0,0,0,7,0,0.3,0.3,2.5,2.8,26,231,156,0.0,0.05,0.05,0.0,0.05,0.01,0.07,0.07,0.01,0.07,standard
ENG-Premier League,2021,Aston Villa,Matty Cash,POL,DF,22,1997,28,28,2372,26.4,0,2,2,0,0,0,8,1,0.3,0.3,1.7,2.0,43,76,62,0.0,0.08,0.08,0.0,0.08,0.01,0.07,0.08,0.01,0.08,standard
ENG-Premier League,2021,Aston Villa,Morgan Sanson,FRA,MF,25,1994,9,3,294,3.3,0,0,0,0,0,0,3,0,0.0,0.0,0.1,0.2,9,16,13,0.0,0.0,0.0,0.0,0.0,0.01,0.04,0.05,0.01,0.05,standard
ENG-Premier League,2021,Aston Villa,Neil Taylor,WAL,DF,31,1989,1,0,16,0.2,0,0,0,0,0,0,1,0,0.0,0.0,0.0,0.0,0,1,0,0.0,0.0,0.0,0.0,0.0,0.0,0.0,0.0,0.0,0.0,standard
ENG-Premier League,2021,Aston Villa,Ollie Watkins,ENG,FW,24,1995,37,37,3328,37.0,14,5,19,13,1,2,4,1,14.5,13.0,5.3,18.3,84,55,290,0.38,0.14,0.51,0.35,0.49,0.39,0.14,0.53,0.35,0.49,standard
ENG-Premier League,2021,Aston Villa,Ross Barkley,ENG,MF,26,1993,24,18,1531,17.0,3,1,4,3,0,0,0,0,3.1,3.1,4.2,7.3,40,88,73,0.18,0.06,0.24,0.18,0.24,0.18,0.24,0.43,0.18,0.43,standard
ENG-Premier League,2021,Aston Villa,Trézéguet,EGY,FW,25,1994,21,12,1166,13.0,2,1,3,2,0,0,0,0,3.8,3.8,2.1,5.9,31,35,79,0.15,0.08,0.23,0.15,0.23,0.29,0.16,0.46,0.29,0.46,standard
ENG-Premier League,2021,Aston Villa,Tyrone Mings,ENG,DF,27,1993,36,36,3194,35.5,2,2,4,2,0,0,6,1,1.9,1.9,0.4,2.4,12,104,5,0.06,0.06,0.11,0.06,0.11,0.05,0.01,0.07,0.05,0.07,standard
ENG-Premier League,2021,Aston Villa,Wesley Moraes,BRA,FW,23,1996,3,0,18,0.2,0,0,0,0,0,0,0,0,0.0,0.0,0.0,0.0,0,0,1,0.0,0.0,0.0,0.0,0.0,0.23,0.0,0.23,0.23,0.23,standard
ENG-Premier League,2021,Brighton,Aaron Connolly,IRL,FW,20,2000,17,9,791,8.8,2,1,3,2,0,0,0,0,4.0,4.0,0.2,4.2,12,4,58,0.23,0.11,0.34,0.23,0.34,0.45,0.02,0.48,0.45,0.48,standard
ENG-Premier League,2021,Brighton,Adam Lallana,ENG,"MF,FW",32,1988,30,16,1596,17.7,1,1,2,1,0,0,0,0,1.6,1.6,2.6,4.2,33,109,77,0.06,0.06,0.11,0.06,0.11,0.09,0.14,0.23,0.09,0.23,standard
ENG-Premier League,2021,Brighton,Adam Webster,ENG,DF,25,1995,29,29,2594,28.8,1,0,1,1,0,0,4,0,2.0,2.0,0.2,2.2,42,133,4,0.03,0.0,0.03,0.03,0.03,0.07,0.01,0.08,0.07,0.08,standard
ENG-Premier League,2021,Brighton,Alexis Mac Allister,ARG,"MF,FW",21,1998,21,13,1115,12.4,1,1,2,1,0,0,1,0,1.3,1.3,1.5,2.7,15,48,55,0.08,0.08,0.16,0.08,0.16,0.1,0.12,0.22,0.1,0.22,standard
ENG-Premier League,2021,Brighton,Alireza Jahanbakhsh,IRN,"FW,MF",26,1993,21,6,528,5.9,0,1,1,0,0,0,3,0,1.5,1.5,3.0,4.5,18,28,53,0.0,0.17,0.17,0.0,0.17,0.26,0.51,0.77,0.26,0.77,standard
ENG-Premier League,2021,Brighton,Andi Zeqiri,SUI,"FW,DF",21,1999,9,0,171,1.9,0,0,0,0,0,0,0,0,0.7,0.7,0.1,0.8,2,2,14,0.0,0.0,0.0,0.0,0.0,0.38,0.04,0.42,0.38,0.42,standard
ENG-Premier League,2021,Brighton,Ben White,ENG,"DF,MF",22,1997,36,36,3191,35.5,0,0,0,0,0,0,5,1,0.5,0.5,0.9,1.4,50,149,38,0.0,0.0,0.0,0.0,0.0,0.01,0.03,0.04,0.01,0.04,standard
ENG-Premier League,2021,Brighton,Bernardo,BRA,"DF,MF",25,1995,3,2,206,2.3,0,0,0,0,0,0,0,0,0.4,0.4,0.1,0.5,2,9,15,0.0,0.0,0.0,0.0,0.0,0.16,0.06,0.22,0.16,0.22,standard
ENG-Premier League,2021,Brighton,Dan Burn,ENG,DF,28,1992,27,23,2061,22.9,1,0,1,1,0,0,5,0,1.5,1.5,0.8,2.3,34,87,73,0.04,0.0,0.04,0.04,0.04,0.07,0.04,0.1,0.07,0.1,standard
ENG-Premier League,2021,Brighton,Danny Welbeck,ENG,FW,29,1990,24,17,1545,17.2,6,1,7,6,0,1,0,0,6.6,5.8,2.8,8.7,21,25,98,0.35,0.06,0.41,0.35,0.41,0.39,0.16,0.55,0.34,0.5,standard
ENG-Premier League,2021,Brighton,Davy Pröpper,NED,MF,28,1991,7,2,213,2.4,0,0,0,0,0,0,0,0,0.2,0.2,0.0,0.2,4,14,8,0.0,0.0,0.0,0.0,0.0,0.08,0.0,0.08,0.08,0.08,standard
ENG-Premier League,2021,Brighton,Jakub Moder,POL,"DF,MF",21,1999,12,7,647,7.2,0,0,0,0,0,0,0,0,0.8,0.8,0.2,0.9,21,30,50,0.0,0.0,0.0,0.0,0.0,0.11,0.02,0.13,0.11,0.13,standard
ENG-Premier League,2021,Brighton,Jayson Molumby,IRL,MF,20,1999,1,0,1,0.0,0,0,0,0,0,0,0,0,0.0,0.0,0.0,0.0,0,0,0,0.0,0.0,0.0,0.0,0.0,0.0,0.0,0.0,0.0,0.0,standard
ENG-Premier League,2021,Brighton,José Izquierdo,COL,DF,28,1992,1,0,9,0.1,0,0,0,0,0,0,0,0,0.0,0.0,0.0,0.0,1,0,2,0.0,0.0,0.0,0.0,0.0,0.24,0.0,0.24,0.24,0.24,standard
ENG-Premier League,2021,Brighton,Joël Veltman,NED,DF,28,1992,28,25,2281,25.3,1,1,2,1,0,0,3,0,1.1,1.1,1.7,2.8,39,136,99,0.04,0.04,0.08,0.04,0.08,0.04,0.07,0.11,0.04,0.11,standard
ENG-Premier League,2021,Brighton,Leandro Trossard,BEL,"MF,FW",25,1994,35,30,2607,29.0,5,5,10,5,0,0,2,0,4.6,4.6,4.9,9.5,73,142,219,0.17,0.17,0.35,0.17,0.35,0.16,0.17,0.33,0.16,0.33,standard
ENG-Premier League,2021,Brighton,Lewis Dunk,ENG,DF,28,1991,33,33,2931,32.6,5,0,5,5,0,0,5,2,2.2,2.2,1.2,3.4,27,82,7,0.15,0.0,0.15,0.15,0.15,0.07,0.04,0.1,0.07,0.1,standard
ENG-Premier League,2021,Brighton,Mathew Ryan,AUS,GK,28,1992,11,11,990,11.0,0,0,0,0,0,0,1,0,0.0,0.0,0.0,0.0,0,0,0,0.0,0.0,0.0,0.0,0.0,0.0,0.0,0.0,0.0,0.0,standard
ENG-Premier League,2021,Brighton,Neal Maupay,FRA,"FW,MF",23,1996,33,29,2512,27.9,8,2,10,5,3,4,1,1,13.2,10.1,3.9,13.9,44,61,181,0.29,0.07,0.36,0.18,0.25,0.47,0.14,0.61,0.36,0.5,standard
ENG-Premier League,2021,Brighton,Pascal Groß,GER,"MF,DF",29,1991,34,27,2484,27.6,3,8,11,0,3,4,3,0,4.9,1.7,5.2,6.9,57,165,168,0.11,0.29,0.4,0.0,0.29,0.18,0.19,0.36,0.06,0.25,standard
ENG-Premier League,2021,Brighton,Percy Tau,RSA,FW,26,1994,3,1,103,1.1,0,1,1,0,0,0,0,0,0.0,0.0,0.4,0.4,4,1,11,0.0,0.87,0.87,0.0,0.87,0.0,0.36,0.36,0.0,0.36,standard
ENG-Premier League,2021,Brighton,Reda Khadra,GER,MF,19,2001,1,0,5,0.1,0,0,0,0,0,0,0,0,0.0,0.0,0.0,0.0,1,0,1,0.0,0.0,0.0,0.0,0.0,0.0,0.0,0.0,0.0,0.0,standard
ENG-Premier League,2021,Brighton,Robert Sánchez,ESP,GK,22,1997,27,27,2430,27.0,0,0,0,0,0,0,2,0,0.0,0.0,0.0,0.0,0,1,0,0.0,0.0,0.0,0.0,0.0,0.0,0.0,0.0,0.0,0.0,standard
ENG-Premier League,2021,Brighton,Solly March,ENG,"DF,MF",26,1994,21,19,1672,18.6,2,1,3,2,0,0,0,0,1.7,1.7,1.5,3.2,74,79,146,0.11,0.05,0.16,0.11,0.16,0.09,0.08,0.17,0.09,0.17,standard
ENG-Premier League,2021,Brighton,Steven Alzate,COL,MF,21,1998,15,10,896,10.0,1,0,1,1,0,0,2,0,0.8,0.8,0.6,1.4,16,39,16,0.1,0.0,0.1,0.1,0.1,0.08,0.06,0.14,0.08,0.14,standard
ENG-Premier League,2021,Brighton,Tariq Lamptey,GHA,"DF,MF",19,2000,11,11,886,9.8,1,1,2,1,0,0,4,1,0.7,0.7,0.8,1.5,40,26,76,0.1,0.1,0.2,0.1,0.2,0.07,0.08,0.15,0.07,0.15,standard
ENG-Premier League,2021,Brighton,Yves Bissouma,MLI,MF,23,1996,36,35,3111,34.6,1,0,1,1,0,0,8,1,1.4,1.4,0.9,2.3,55,146,26,0.03,0.0,0.03,0.03,0.03,0.04,0.03,0.07,0.04,0.07,standard
ENG-Premier League,2021,Burnley,Ashley Barnes,ENG,FW,30,1989,22,15,1331,14.8,3,0,3,2,1,1,4,0,4.1,3.3,0.8,4.1,8,20,79,0.2,0.0,0.2,0.14,0.14,0.27,0.05,0.33,0.22,0.27,standard
ENG-Premier League,2021,Burnley,Ashley Westwood,ENG,MF,30,1990,38,38,3410,37.9,3,3,6,3,0,0,7,0,1.2,1.2,6.8,8.0,21,231,39,0.08,0.08,0.16,0.08,0.16,0.03,0.18,0.21,0.03,0.21,standard
ENG-Premier League,2021,Burnley,Bailey Peacock-Farrell,NIR,GK,23,1996,4,4,360,4.0,0,0,0,0,0,0,0,0,0.0,0.0,0.0,0.0,0,0,0,0.0,0.0,0.0,0.0,0.0,0.0,0.0,0.0,0.0,0.0,standard
ENG-Premier League,2021,Burnley,Ben Mee,ENG,DF,30,1989,30,30,2693,29.9,2,0,2,2,0,0,3,0,2.3,2.3,0.3,2.6,0,54,3,0.07,0.0,0.07,0.07,0.07,0.08,0.01,0.09,0.08,0.09,standard
ENG-Premier League,2021,Burnley,Charlie Taylor,ENG,DF,26,1993,29,28,2426,27.0,0,1,1,0,0,0,1,0,0.1,0.1,1.4,1.5,62,73,68,0.0,0.04,0.04,0.0,0.04,0.0,0.05,0.06,0.0,0.06,standard
ENG-Premier League,2021,Burnley,Chris Wood,NZL,FW,28,1991,33,32,2741,30.5,12,3,15,10,2,2,0,0,13.0,11.4,1.9,13.4,17,20,217,0.39,0.1,0.49,0.33,0.43,0.43,0.06,0.49,0.38,0.44,standard
ENG-Premier League,2021,Burnley,Dale Stephens,ENG,MF,31,1989,7,3,261,2.9,0,0,0,0,0,0,1,0,0.2,0.2,0.0,0.2,2,11,1,0.0,0.0,0.0,0.0,0.0,0.06,0.0,0.06,0.06,0.06,standard
ENG-Premier League,2021,Burnley,Dwight McNeil,ENG,MF,20,1999,36,34,3069,34.1,2,5,7,2,0,0,1,0,1.1,1.1,6.2,7.2,102,101,102,0.06,0.15,0.21,0.06,0.21,0.03,0.18,0.21,0.03,0.21,standard
ENG-Premier League,2021,Burnley,Erik Pieters,NED,"DF,MF",31,1988,20,13,1266,14.1,0,1,1,0,0,0,1,0,0.2,0.2,0.4,0.6,14,37,16,0.0,0.07,0.07,0.0,0.07,0.01,0.03,0.04,0.01,0.04,standard
ENG-Premier League,2021,Burnley,Jack Cork,ENG,MF,31,1989,16,15,1350,15.0,0,0,0,0,0,0,2,0,0.2,0.2,0.6,0.8,8,37,13,0.0,0.0,0.0,0.0,0.0,0.02,0.04,0.05,0.02,0.05,standard
ENG-Premier League,2021,Burnley,James Tarkowski,ENG,DF,27,1992,36,36,3240,36.0,1,0,1,1,0,0,6,0,3.4,3.4,1.2,4.5,4,83,13,0.03,0.0,0.03,0.03,0.03,0.09,0.03,0.13,0.09,0.13,standard
ENG-Premier League,2021,Burnley,Jay Rodriguez,ENG,FW,31,1989,31,12,1265,14.1,1,2,3,1,0,0,3,0,3.0,3.0,1.1,4.1,16,23,79,0.07,0.14,0.21,0.07,0.21,0.22,0.08,0.29,0.22,0.29,standard
ENG-Premier League,2021,Burnley,Jimmy Dunne,IRL,DF,22,1997,3,3,270,3.0,1,0,1,1,0,0,1,0,0.5,0.5,0.1,0.6,0,4,1,0.33,0.0,0.33,0.33,0.33,0.17,0.04,0.2,0.17,0.2,standard
ENG-Premier League,2021,Burnley,Joel Mumbongo,SWE,FW,21,1999,4,0,40,0.4,0,0,0,0,0,0,1,0,0.0,0.0,0.0,0.0,0,0,1,0.0,0.0,0.0,0.0,0.0,0.0,0.0,0.0,0.0,0.0,standard
ENG-Premier League,2021,Burnley,Josh Benson,ENG,MF,20,1999,6,2,264,2.9,0,0,0,0,0,0,0,0,0.2,0.2,0.0,0.2,1,6,8,0.0,0.0,0.0,0.0,0.0,0.07,0.0,0.07,0.07,0.07,standard
ENG-Premier League,2021,Burnley,Josh Brownhill,ENG,MF,24,1995,33,32,2813,31.3,0,1,1,0,0,0,2,0,1.9,1.9,0.7,2.6,22,83,69,0.0,0.03,0.03,0.0,0.03,0.06,0.02,0.08,0.06,0.08,standard
ENG-Premier League,2021,Burnley,Jóhann Berg Guðmundsson,ISL,MF,29,1990,22,16,1363,15.1,2,0,2,2,0,0,2,0,1.2,1.2,0.5,1.7,25,31,74,0.13,0.0,0.13,0.13,0.13,0.08,0.03,0.11,0.08,0.11,standard
ENG-Premier League,2021,Burnley,Kevin Long,IRL,DF,29,1990,8,7,637,7.1,0,0,0,0,0,0,2,0,0.4,0.4,0.0,0.4,0,15,1,0.0,0.0,0.0,0.0,0.0,0.06,0.0,0.06,0.06,0.06,standard
ENG-Premier League,2021,Burnley,Lewis Richardson,ENG,"FW,MF",17,2003,2,0,4,0.0,0,0,0,0,0,0,0,0,0.0,0.0,0.0,0.0,1,0,1,0.0,0.0,0.0,0.0,0.0,0.0,0.0,0.0,0.0,0.0,standard
ENG-Premier League,2021,Burnley,Matthew Lowton,ENG,DF,31,1989,34,34,3060,34.0,1,1,2,1,0,0,5,0,0.8,0.8,3.1,3.9,49,127,59,0.03,0.03,0.06,0.03,0.06,0.02,0.09,0.12,0.02,0.12,standard
ENG-Premier League,2021,Burnley,Matěj Vydra,CZE,FW,28,1992,28,15,1371,15.2,3,2,5,3,0,0,0,0,5.2,5.2,1.8,7.0,19,19,112,0.2,0.13,0.33,0.2,0.33,0.34,0.12,0.46,0.34,0.46,standard
ENG-Premier League,2021,Burnley,Nick Pope,ENG,GK,28,1992,32,32,2880,32.0,0,0,0,0,0,0,1,0,0.0,0.0,0.1,0.1,0,1,0,0.0,0.0,0.0,0.0,0.0,0.0,0.0,0.0,0.0,0.0,standard
ENG-Premier League,2021,Burnley,Phil Bardsley,SCO,DF,35,1985,4,3,274,3.0,0,0,0,0,0,0,2,0,0.1,0.1,0.0,0.1,4,10,6,0.0,0.0,0.0,0.0,0.0,0.03,0.0,0.03,0.03,0.03,standard
ENG-Premier League,2021,Burnley,Robbie Brady,IRL,MF,28,1992,19,12,1052,11.7,1,1,2,1,0,0,3,0,0.8,0.8,0.9,1.7,14,26,40,0.09,0.09,0.17,0.09,0.17,0.07,0.08,0.15,0.07,0.15,standard
ENG-Premier League,2021,Burnley,Will Norris,ENG,GK,26,1993,2,2,180,2.0,0,0,0,0,0,0,0,0,0.0,0.0,0.0,0.0,0,0,0,0.0,0.0,0.0,0.0,0.0,0.0,0.02,0.02,0.0,0.02,standard
ENG-Premier League,2021,Chelsea,Andreas Christensen,DEN,DF,24,1996,17,15,1371,15.2,0,0,0,0,0,0,2,1,0.1,0.1,0.3,0.4,7,43,1,0.0,0.0,0.0,0.0,0.0,0.01,0.02,0.03,0.01,0.03,standard
ENG-Premier League,2021,Chelsea,Antonio Rüdiger,GER,DF,27,1993,19,19,1710,19.0,1,0,1,1,0,0,0,0,1.3,1.3,0.4,1.7,24,71,6,0.05,0.0,0.05,0.05,0.05,0.07,0.02,0.09,0.07,0.09,standard
ENG-Premier League,2021,Chelsea,Ben Chilwell,ENG,DF,23,1996,27,27,2286,25.4,3,5,8,3,0,0,3,0,2.4,2.4,2.4,4.9,94,111,186,0.12,0.2,0.31,0.12,0.31,0.1,0.1,0.19,0.1,0.19,standard
ENG-Premier League,2021,Chelsea,Billy Gilmour,SCO,MF,19,2001,5,3,261,2.9,0,0,0,0,0,0,0,0,0.1,0.1,0.2,0.2,3,18,1,0.0,0.0,0.0,0.0,0.0,0.02,0.06,0.07,0.02,0.07,standard
ENG-Premier League,2021,Chelsea,Callum Hudson-Odoi,ENG,"FW,DF",19,2000,23,10,1059,11.8,2,3,5,2,0,0,0,0,1.3,1.3,2.8,4.1,89,75,155,0.17,0.25,0.42,0.17,0.42,0.11,0.24,0.35,0.11,0.35,standard
ENG-Premier League,2021,Chelsea,Christian Pulisic,USA,"FW,MF",21,1998,27,18,1738,19.3,4,2,6,4,0,0,2,0,6.1,6.1,2.8,8.9,86,82,160,0.21,0.1,0.31,0.21,0.31,0.32,0.15,0.46,0.32,0.46,standard
ENG-Premier League,2021,Chelsea,César Azpilicueta,ESP,DF,30,1989,26,24,2188,24.3,1,2,3,1,0,0,5,1,0.7,0.7,2.5,3.2,37,135,83,0.04,0.08,0.12,0.04,0.12,0.03,0.1,0.13,0.03,0.13,standard
ENG-Premier League,2021,Chelsea,Edouard Mendy,SEN,GK,28,1992,31,31,2745,30.5,0,0,0,0,0,0,2,0,0.0,0.0,0.0,0.0,0,0,0,0.0,0.0,0.0,0.0,0.0,0.0,0.0,0.0,0.0,0.0,standard
ENG-Premier League,2021,Chelsea,Emerson Palmieri,ITA,DF,25,1994,2,0,90,1.0,0,0,0,0,0,0,0,0,0.0,0.0,0.0,0.0,3,0,5,0.0,0.0,0.0,0.0,0.0,0.0,0.0,0.0,0.0,0.0,standard
ENG-Premier League,2021,Chelsea,Fikayo Tomori,ENG,DF,22,1997,1,0,45,0.5,0,0,0,0,0,0,0,0,0.0,0.0,0.0,0.0,0,0,0,0.0,0.0,0.0,0.0,0.0,0.0,0.0,0.0,0.0,0.0,standard
ENG-Premier League,2021,Chelsea,Hakim Ziyech,MAR,"MF,FW",27,1993,23,15,1172,13.0,2,3,5,2,0,0,3,0,1.9,1.9,3.6,5.5,27,91,108,0.15,0.23,0.38,0.15,0.38,0.14,0.28,0.42,0.14,0.42,standard
ENG-Premier League,2021,Chelsea,Jorginho,ITA,MF,28,1991,28,23,2010,22.3,7,1,8,0,7,9,2,0,7.3,0.2,1.7,1.8,16,145,14,0.31,0.04,0.36,0.0,0.04,0.33,0.07,0.4,0.01,0.08,standard
ENG-Premier League,2021,Chelsea,Kai Havertz,GER,"MF,FW",21,1999,27,18,1520,16.9,4,3,7,4,0,0,2,0,5.5,5.5,1.3,6.8,47,74,133,0.24,0.18,0.41,0.24,0.41,0.33,0.08,0.4,0.33,0.4,standard
ENG-Premier League,2021,Chelsea,Kepa Arrizabalaga,ESP,GK,25,1994,7,6,585,6.5,0,0,0,0,0,0,1,0,0.0,0.0,0.0,0.0,0,2,0,0.0,0.0,0.0,0.0,0.0,0.0,0.0,0.0,0.0,0.0,standard
ENG-Premier League,2021,Chelsea,Kurt Zouma,FRA,DF,25,1994,24,22,2029,22.5,5,0,5,5,0,0,3,0,2.0,2.0,0.1,2.1,14,74,8,0.22,0.0,0.22,0.22,0.22,0.09,0.0,0.09,0.09,0.09,standard
ENG-Premier League,2021,Chelsea,Marcos Alonso,ESP,DF,29,1990,13,11,960,10.7,2,0,2,2,0,0,2,0,1.8,1.8,1.3,3.2,24,42,74,0.19,0.0,0.19,0.19,0.19,0.17,0.13,0.3,0.17,0.3,standard
ENG-Premier League,2021,Chelsea,Mason Mount,ENG,MF,21,1999,36,32,2890,32.1,6,5,11,5,1,1,2,0,6.3,5.5,8.2,13.7,131,233,225,0.19,0.16,0.34,0.16,0.31,0.2,0.26,0.45,0.17,0.43,standard
ENG-Premier League,2021,Chelsea,Mateo Kovačić,CRO,MF,26,1994,27,21,1815,20.2,0,1,1,0,0,0,4,0,1.0,1.0,1.7,2.7,51,189,37,0.0,0.05,0.05,0.0,0.05,0.05,0.08,0.13,0.05,0.13,standard
ENG-Premier League,2021,Chelsea,N'Golo Kanté,FRA,MF,29,1991,30,24,2146,23.8,0,2,2,0,0,0,7,0,0.6,0.6,1.3,1.9,38,116,39,0.0,0.08,0.08,0.0,0.08,0.02,0.05,0.08,0.02,0.08,standard
ENG-Premier League,2021,Chelsea,Olivier Giroud,FRA,FW,33,1986,17,8,748,8.3,4,0,4,4,0,0,1,0,4.2,4.2,1.1,5.3,0,5,40,0.48,0.0,0.48,0.48,0.48,0.51,0.13,0.64,0.51,0.64,standard
ENG-Premier League,2021,Chelsea,Reece James,ENG,DF,20,1999,32,25,2373,26.4,1,2,3,1,0,0,3,0,1.6,1.6,3.5,5.0,80,128,204,0.04,0.08,0.11,0.04,0.11,0.06,0.13,0.19,0.06,0.19,standard
ENG-Premier League,2021,Chelsea,Ross Barkley,ENG,"FW,MF",26,1993,2,0,42,0.5,0,0,0,0,0,0,0,0,0.0,0.0,0.1,0.1,2,2,1,0.0,0.0,0.0,0.0,0.0,0.05,0.19,0.24,0.05,0.24,standard
ENG-Premier League,2021,Chelsea,Ruben Loftus-Cheek,ENG,FW,24,1996,1,1,60,0.7,0,0,0,0,0,0,0,0,0.0,0.0,0.0,0.0,1,0,2,0.0,0.0,0.0,0.0,0.0,0.0,0.0,0.0,0.0,0.0,standard
ENG-Premier League,2021,Chelsea,Tammy Abraham,ENG,FW,22,1997,22,12,1040,11.6,6,1,7,6,0,0,0,0,5.9,5.9,0.7,6.6,12,11,66,0.52,0.09,0.61,0.52,0.61,0.51,0.06,0.57,0.51,0.57,standard
ENG-Premier League,2021,Chelsea,Thiago Silva,BRA,DF,35,1984,23,23,1935,21.5,2,0,2,2,0,0,5,1,1.7,1.7,0.3,2.0,6,82,1,0.09,0.0,0.09,0.09,0.09,0.08,0.01,0.09,0.08,0.09,standard
ENG-Premier League,2021,Chelsea,Timo Werner,GER,"FW,MF",24,1996,35,29,2602,28.9,6,8,14,6,0,0,2,0,11.4,11.4,5.6,17.0,103,69,238,0.21,0.28,0.48,0.21,0.48,0.39,0.19,0.59,0.39,0.59,standard
ENG-Premier League,2021,Chelsea,Willy Caballero,ARG,GK,38,1981,1,1,90,1.0,0,0,0,0,0,0,0,0,0.0,0.0,0.0,0.0,0,0,0,0.0,0.0,0.0,0.0,0.0,0.0,0.0,0.0,0.0,0.0,standard
ENG-Premier League,2021,Crystal Palace,Andros Townsend,ENG,"MF,FW",29,1991,34,25,2258,25.1,1,5,6,1,0,0,0,0,2.3,2.3,4.0,6.2,72,75,112,0.04,0.2,0.24,0.04,0.24,0.09,0.16,0.25,0.09,0.25,standard
ENG-Premier League,2021,Crystal Palace,Cheikhou Kouyaté,SEN,DF,30,1989,36,35,3121,34.7,1,0,1,1,0,0,4,0,0.7,0.7,1.0,1.6,6,32,11,0.03,0.0,0.03,0.03,0.03,0.02,0.03,0.05,0.02,0.05,standard
ENG-Premier League,2021,Crystal Palace,Christian Benteke,BEL,FW,29,1990,30,21,1816,20.2,10,1,11,10,0,0,3,1,8.3,8.3,0.9,9.1,14,36,124,0.5,0.05,0.55,0.5,0.55,0.41,0.04,0.45,0.41,0.45,standard
ENG-Premier League,2021,Crystal Palace,Eberechi Eze,ENG,MF,22,1998,34,29,2559,28.4,4,6,10,4,0,0,3,0,2.2,2.2,3.9,6.1,79,127,126,0.14,0.21,0.35,0.14,0.35,0.08,0.14,0.21,0.08,0.21,standard
ENG-Premier League,2021,Crystal Palace,Gary Cahill,ENG,DF,34,1985,20,20,1800,20.0,1,1,2,1,0,0,3,0,0.7,0.7,0.6,1.4,3,46,0,0.05,0.05,0.1,0.05,0.1,0.04,0.03,0.07,0.04,0.07,standard
ENG-Premier League,2021,Crystal Palace,Jack Butland,ENG,GK,27,1993,1,1,90,1.0,0,0,0,0,0,0,0,0,0.0,0.0,0.0,0.0,0,0,0,0.0,0.0,0.0,0.0,0.0,0.0,0.0,0.0,0.0,0.0,standard
ENG-Premier League,2021,Crystal Palace,James McArthur,SCO,MF,32,1987,18,17,1466,16.3,0,2,2,0,0,0,3,0,0.3,0.3,1.2,1.5,15,80,29,0.0,0.12,0.12,0.0,0.12,0.02,0.07,0.09,0.02,0.09,standard
ENG-Premier League,2021,Crystal Palace,James McCarthy,IRL,MF,29,1990,16,10,821,9.1,0,0,0,0,0,0,1,0,0.0,0.0,0.3,0.3,1,28,4,0.0,0.0,0.0,0.0,0.0,0.0,0.03,0.04,0.0,0.04,standard
ENG-Premier League,2021,Crystal Palace,James Tomkins,ENG,DF,31,1989,8,6,553,6.1,0,0,0,0,0,0,1,0,0.2,0.2,0.3,0.5,0,5,1,0.0,0.0,0.0,0.0,0.0,0.03,0.05,0.08,0.03,0.08,standard
ENG-Premier League,2021,Crystal Palace,Jaïro Riedewald,NED,MF,23,1996,33,19,1820,20.2,2,0,2,2,0,0,4,0,0.6,0.6,0.8,1.3,15,73,23,0.1,0.0,0.1,0.1,0.1,0.03,0.04,0.07,0.03,0.07,standard
ENG-Premier League,2021,Crystal Palace,Jean-Philippe Mateta,FRA,FW,23,1997,7,2,221,2.5,1,0,1,1,0,0,0,0,0.3,0.3,0.0,0.3,2,3,11,0.41,0.0,0.41,0.41,0.41,0.13,0.01,0.14,0.13,0.14,standard
ENG-Premier League,2021,Crystal Palace,Jeffrey Schlupp,GHA,MF,27,1992,27,15,1428,15.9,2,3,5,2,0,0,3,0,1.9,1.9,2.0,4.0,37,44,75,0.13,0.19,0.32,0.13,0.32,0.12,0.13,0.25,0.12,0.25,standard
ENG-Premier League,2021,Crystal Palace,Joel Ward,ENG,DF,30,1989,26,25,2256,25.1,0,1,1,0,0,0,5,0,0.1,0.1,0.6,0.6,20,83,35,0.0,0.04,0.04,0.0,0.04,0.0,0.02,0.02,0.0,0.02,standard
ENG-Premier League,2021,Crystal Palace,Jordan Ayew,GHA,"FW,MF",28,1991,33,23,2096,23.3,1,3,4,1,0,0,4,0,2.2,2.2,0.7,2.9,58,35,109,0.04,0.13,0.17,0.04,0.17,0.09,0.03,0.13,0.09,0.13,standard
ENG-Premier League,2021,Crystal Palace,Luka Milivojević,SRB,MF,29,1991,31,27,2359,26.2,1,1,2,0,1,2,8,1,2.4,0.8,1.7,2.5,12,120,11,0.04,0.04,0.08,0.0,0.04,0.09,0.07,0.16,0.03,0.1,standard
ENG-Premier League,2021,Crystal Palace,Mamadou Sakho,FRA,DF,30,1990,4,3,276,3.1,0,0,0,0,0,0,0,0,0.1,0.1,0.0,0.1,0,4,2,0.0,0.0,0.0,0.0,0.0,0.02,0.0,0.02,0.02,0.02,standard
ENG-Premier League,2021,Crystal Palace,Martin Kelly,ENG,DF,30,1990,1,0,2,0.0,0,0,0,0,0,0,0,0,0.0,0.0,0.0,0.0,0,0,0,0.0,0.0,0.0,0.0,0.0,0.0,0.0,0.0,0.0,0.0,standard
ENG-Premier League,2021,Crystal Palace,Michy Batshuayi,BEL,FW,26,1993,18,7,728,8.1,2,1,3,2,0,0,0,0,1.6,1.6,1.6,3.2,16,13,44,0.25,0.12,0.37,0.25,0.37,0.19,0.2,0.4,0.19,0.4,standard
ENG-Premier League,2021,Crystal Palace,Nathaniel Clyne,ENG,DF,29,1991,13,13,1145,12.7,0,1,1,0,0,0,2,0,0.2,0.2,0.2,0.4,18,42,20,0.0,0.08,0.08,0.0,0.08,0.01,0.02,0.03,0.01,0.03,standard
ENG-Premier League,2021,Crystal Palace,Patrick van Aanholt,NED,DF,29,1990,22,20,1777,19.7,0,1,1,0,0,0,2,0,1.4,1.4,0.7,2.1,38,103,87,0.0,0.05,0.05,0.0,0.05,0.07,0.04,0.11,0.07,0.11,standard
ENG-Premier League,2021,Crystal Palace,Scott Dann,ENG,DF,33,1987,15,15,1350,15.0,1,0,1,1,0,0,1,0,0.3,0.3,0.0,0.3,2,34,0,0.07,0.0,0.07,0.07,0.07,0.02,0.0,0.02,0.02,0.02,standard
ENG-Premier League,2021,Crystal Palace,Tyrick Mitchell,ENG,DF,20,1999,19,19,1710,19.0,1,1,2,1,0,0,1,0,0.8,0.8,0.2,1.1,15,77,30,0.05,0.05,0.11,0.05,0.11,0.04,0.01,0.06,0.04,0.06,standard
ENG-Premier League,2021,Crystal Palace,Vicente Guaita,ESP,GK,33,1987,37,37,3330,37.0,0,0,0,0,0,0,2,0,0.0,0.0,0.0,0.0,0,0,0,0.0,0.0,0.0,0.0,0.0,0.0,0.0,0.0,0.0,0.0,standard
ENG-Premier League,2021,Crystal Palace,Wilfried Zaha,CIV,FW,27,1992,30,29,2612,29.0,11,2,13,9,2,2,6,0,8.1,6.5,3.1,9.6,103,72,259,0.38,0.07,0.45,0.31,0.38,0.28,0.11,0.39,0.22,0.33,standard
ENG-Premier League,2021,Everton,Abdoulaye Doucouré,MLI,MF,27,1993,29,29,2443,27.1,2,3,5,2,0,0,6,0,2.3,2.3,2.0,4.3,34,104,70,0.07,0.11,0.18,0.07,0.18,0.09,0.07,0.16,0.09,0.16,standard
ENG-Premier League,2021,Everton,Alex Iwobi,NGA,"FW,MF",24,1996,30,17,1542,17.1,1,2,3,1,0,0,0,0,0.9,0.9,1.9,2.8,72,65,99,0.06,0.12,0.18,0.06,0.18,0.05,0.11,0.16,0.05,0.16,standard
ENG-Premier League,2021,Everton,Allan,BRA,MF,29,1991,24,23,2051,22.8,0,0,0,0,0,0,6,0,0.3,0.3,0.8,1.1,30,92,8,0.0,0.0,0.0,0.0,0.0,0.01,0.03,0.05,0.01,0.05,standard
ENG-Premier League,2021,Everton,André Gomes,POR,MF,27,1993,28,17,1570,17.4,0,1,1,0,0,0,3,0,0.5,0.5,1.0,1.4,30,103,28,0.0,0.06,0.06,0.0,0.06,0.03,0.06,0.08,0.03,0.08,standard
ENG-Premier League,2021,Everton,Anthony Gordon,ENG,"FW,MF",19,2001,3,1,88,1.0,0,0,0,0,0,0,0,0,0.0,0.0,0.0,0.0,3,2,5,0.0,0.0,0.0,0.0,0.0,0.0,0.03,0.03,0.0,0.03,standard
ENG-Premier League,2021,Everton,Ben Godfrey,ENG,DF,22,1998,31,29,2685,29.8,0,2,2,0,0,0,4,0,1.0,1.0,0.8,1.8,46,63,10,0.0,0.07,0.07,0.0,0.07,0.03,0.03,0.06,0.03,0.06,standard
ENG-Premier League,2021,Everton,Bernard,BRA,"MF,FW",27,1992,12,3,455,5.1,1,0,1,1,0,0,2,0,0.3,0.3,0.6,0.8,13,37,42,0.2,0.0,0.2,0.2,0.2,0.05,0.11,0.16,0.05,0.16,standard
ENG-Premier League,2021,Everton,Cenk Tosun,TUR,FW,29,1991,5,0,48,0.5,0,0,0,0,0,0,1,0,0.0,0.0,0.1,0.1,0,0,4,0.0,0.0,0.0,0.0,0.0,0.0,0.12,0.12,0.0,0.12,standard
ENG-Premier League,2021,Everton,Dominic Calvert-Lewin,ENG,FW,23,1997,33,32,2871,31.9,16,0,16,16,0,0,3,0,16.3,16.3,2.0,18.3,36,46,160,0.5,0.0,0.5,0.5,0.5,0.51,0.06,0.57,0.51,0.57,standard
ENG-Premier League,2021,Everton,Fabian Delph,ENG,"MF,DF",30,1989,8,2,266,3.0,0,0,0,0,0,0,1,0,0.0,0.0,0.1,0.1,2,11,4,0.0,0.0,0.0,0.0,0.0,0.01,0.02,0.03,0.01,0.03,standard
ENG-Premier League,2021,Everton,Gylfi Sigurðsson,ISL,"MF,FW",30,1989,36,24,2253,25.0,6,5,11,3,3,4,2,0,6.5,3.4,3.8,7.2,24,81,78,0.24,0.2,0.44,0.12,0.32,0.26,0.15,0.41,0.13,0.29,standard
ENG-Premier League,2021,Everton,James Rodríguez,COL,"FW,MF",29,1991,23,21,1764,19.6,6,4,10,6,0,0,4,0,2.8,2.8,4.8,7.6,36,133,89,0.31,0.2,0.51,0.31,0.51,0.14,0.25,0.39,0.14,0.39,standard
ENG-Premier League,2021,Everton,Jean-Philippe Gbamin,CIV,MF,24,1995,1,0,12,0.1,0,0,0,0,0,0,0,0,0.0,0.0,0.0,0.0,0,2,0,0.0,0.0,0.0,0.0,0.0,0.0,0.0,0.0,0.0,0.0,standard
ENG-Premier League,2021,Everton,Jonjoe Kenny,ENG,DF,23,1997,4,1,79,0.9,0,0,0,0,0,0,0,0,0.0,0.0,0.0,0.0,2,1,7,0.0,0.0,0.0,0.0,0.0,0.0,0.0,0.0,0.0,0.0,standard
ENG-Premier League,2021,Everton,Jordan Pickford,ENG,GK,26,1994,31,31,2742,30.5,0,0,0,0,0,0,1,0,0.0,0.0,0.0,0.0,0,0,0,0.0,0.0,0.0,0.0,0.0,0.0,0.0,0.0,0.0,0.0,standard
ENG-Premier League,2021,Everton,Joshua King,NOR,"MF,FW",28,1992,11,0,148,1.6,0,0,0,0,0,0,0,0,0.6,0.6,0.0,0.6,9,5,20,0.0,0.0,0.0,0.0,0.0,0.37,0.0,0.37,0.37,0.37,standard
ENG-Premier League,2021,Everton,João Virgínia,POR,GK,20,1999,1,0,48,0.5,0,0,0,0,0,0,0,0,0.0,0.0,0.0,0.0,0,0,0,0.0,0.0,0.0,0.0,0.0,0.0,0.0,0.0,0.0,0.0,standard
ENG-Premier League,2021,Everton,Lucas Digne,FRA,"DF,MF",27,1993,30,30,2681,29.8,0,7,7,0,0,0,2,1,0.5,0.5,5.2,5.7,59,98,197,0.0,0.23,0.23,0.0,0.23,0.02,0.17,0.19,0.02,0.19,standard
ENG-Premier League,2021,Everton,Mason Holgate,ENG,DF,23,1996,28,26,2287,25.4,1,0,1,1,0,0,9,0,1.0,1.0,0.7,1.7,21,57,36,0.04,0.0,0.04,0.04,0.04,0.04,0.03,0.07,0.04,0.07,standard
ENG-Premier League,2021,Everton,Michael Keane,ENG,DF,27,1993,35,33,2991,33.2,3,1,4,3,0,0,4,0,1.5,1.5,1.1,2.6,14,78,3,0.09,0.03,0.12,0.09,0.12,0.05,0.03,0.08,0.05,0.08,standard
ENG-Premier League,2021,Everton,Moise Kean,ITA,"FW,MF",20,2000,2,0,15,0.2,0,0,0,0,0,0,0,0,0.0,0.0,0.0,0.0,4,0,5,0.0,0.0,0.0,0.0,0.0,0.28,0.0,0.28,0.28,0.28,standard
ENG-Premier League,2021,Everton,Nathan Broadhead,WAL,FW,22,1998,1,0,3,0.0,0,0,0,0,0,0,0,0,0.0,0.0,0.0,0.0,0,0,0,0.0,0.0,0.0,0.0,0.0,0.0,0.0,0.0,0.0,0.0,standard
ENG-Premier League,2021,Everton,Niels Nkounkou,FRA,"DF,FW",19,2000,2,1,81,0.9,0,0,0,0,0,0,1,0,0.0,0.0,0.0,0.0,4,2,8,0.0,0.0,0.0,0.0,0.0,0.03,0.0,0.03,0.03,0.03,standard
ENG-Premier League,2021,Everton,Richarlison,BRA,FW,23,1997,34,33,2861,31.8,7,3,10,6,1,1,4,1,9.7,8.8,3.3,12.1,113,58,195,0.22,0.09,0.31,0.19,0.28,0.31,0.1,0.41,0.28,0.38,standard
ENG-Premier League,2021,Everton,Robin Olsen,SWE,GK,30,1990,7,7,630,7.0,0,0,0,0,0,0,1,0,0.0,0.0,0.0,0.0,0,0,0,0.0,0.0,0.0,0.0,0.0,0.0,0.0,0.0,0.0,0.0,standard
ENG-Premier League,2021,Everton,Séamus Coleman,IRL,"DF,MF",31,1988,25,18,1613,17.9,0,3,3,0,0,0,0,0,0.9,0.9,1.8,2.7,31,49,90,0.0,0.17,0.17,0.0,0.17,0.05,0.1,0.15,0.05,0.15,standard
ENG-Premier League,2021,Everton,Theo Walcott,ENG,FW,31,1989,1,0,13,0.1,0,0,0,0,0,0,0,0,0.0,0.0,0.0,0.0,1,0,0,0.0,0.0,0.0,0.0,0.0,0.0,0.0,0.0,0.0,0.0,standard
ENG-Premier League,2021,Everton,Tom Davies,ENG,MF,22,1998,25,17,1423,15.8,0,1,1,0,0,0,3,0,0.2,0.2,0.9,1.1,11,49,17,0.0,0.06,0.06,0.0,0.06,0.01,0.06,0.07,0.01,0.07,standard
ENG-Premier League,2021,Everton,Yerry Mina,COL,DF,25,1994,24,23,1937,21.5,2,0,2,2,0,0,2,0,1.6,1.6,0.0,1.6,9,48,2,0.09,0.0,0.09,0.09,0.09,0.07,0.0,0.08,0.07,0.08,standard
ENG-Premier League,2021,Fulham,Aboubakar Kamara,MTN,"FW,MF",25,1995,11,2,315,3.5,0,0,0,0,0,0,1,1,0.5,0.5,0.3,0.9,11,6,30,0.0,0.0,0.0,0.0,0.0,0.16,0.09,0.25,0.16,0.25,standard
ENG-Premier League,2021,Fulham,Ademola Lookman,NGA,"FW,MF",22,1997,34,31,2747,30.5,4,4,8,4,0,1,5,0,6.3,5.5,5.2,10.7,110,110,236,0.13,0.13,0.26,0.13,0.26,0.21,0.17,0.37,0.18,0.35,standard
ENG-Premier League,2021,Fulham,Aleksandar Mitrović,SRB,FW,25,1994,27,13,1402,15.6,3,3,6,2,1,2,3,0,6.2,4.6,2.7,7.3,10,27,88,0.19,0.19,0.39,0.13,0.32,0.4,0.18,0.57,0.29,0.47,standard
ENG-Premier League,2021,Fulham,Alphonse Areola,FRA,GK,27,1993,36,36,3240,36.0,0,0,0,0,0,0,2,0,0.0,0.0,0.0,0.0,0,0,0,0.0,0.0,0.0,0.0,0.0,0.0,0.0,0.0,0.0,0.0,standard
ENG-Premier League,2021,Fulham,Andre-Frank Zambo Anguissa,CMR,MF,24,1995,36,29,2587,28.7,0,3,3,0,0,0,6,0,1.6,1.6,2.5,4.0,81,156,68,0.0,0.1,0.1,0.0,0.1,0.05,0.09,0.14,0.05,0.14,standard
ENG-Premier League,2021,Fulham,Antonee Robinson,USA,DF,22,1997,28,24,2162,24.0,0,0,0,0,0,0,4,1,0.4,0.4,1.9,2.3,98,82,145,0.0,0.0,0.0,0.0,0.0,0.02,0.08,0.1,0.02,0.1,standard
ENG-Premier League,2021,Fulham,Bobby Reid,JAM,"MF,FW",27,1993,33,28,2372,26.4,5,2,7,5,0,0,7,0,3.8,3.8,1.1,4.9,44,67,138,0.19,0.08,0.27,0.19,0.27,0.14,0.04,0.19,0.14,0.19,standard
ENG-Premier League,2021,Fulham,Denis Odoi,GHA,DF,32,1988,3,3,270,3.0,0,0,0,0,0,0,1,0,0.1,0.1,0.1,0.1,5,10,5,0.0,0.0,0.0,0.0,0.0,0.02,0.02,0.04,0.02,0.04,standard
ENG-Premier League,2021,Fulham,Fabio Carvalho,POR,"MF,FW",17,2002,4,3,255,2.8,1,0,1,1,0,0,0,0,1.2,1.2,0.4,1.6,10,6,14,0.35,0.0,0.35,0.35,0.35,0.41,0.15,0.56,0.41,0.56,standard
ENG-Premier League,2021,Fulham,Harrison Reed,ENG,MF,25,1995,31,26,2247,25.0,0,2,2,0,0,0,5,0,0.4,0.4,1.7,2.1,24,127,16,0.0,0.08,0.08,0.0,0.08,0.02,0.07,0.08,0.02,0.08,standard
ENG-Premier League,2021,Fulham,Ivan Cavaleiro,POR,FW,26,1993,36,27,2472,27.5,3,0,3,2,1,2,2,0,6.4,4.8,2.7,7.5,68,63,230,0.11,0.0,0.11,0.07,0.07,0.23,0.1,0.33,0.17,0.27,standard
ENG-Premier League,2021,Fulham,Joachim Andersen,DEN,DF,24,1996,31,30,2730,30.3,1,1,2,1,0,0,7,1,1.2,1.2,0.4,1.7,20,95,7,0.03,0.03,0.07,0.03,0.07,0.04,0.01,0.05,0.04,0.05,standard
ENG-Premier League,2021,Fulham,Joe Bryan,ENG,"DF,MF",26,1993,16,7,669,7.4,1,0,1,1,0,0,2,0,0.6,0.6,0.3,0.9,13,31,33,0.13,0.0,0.13,0.13,0.13,0.07,0.04,0.12,0.07,0.12,standard
ENG-Premier League,2021,Fulham,Josh Maja,NGA,FW,21,1998,15,9,810,9.0,3,0,3,2,1,1,0,0,4.5,3.7,0.5,4.2,5,15,33,0.33,0.0,0.33,0.22,0.22,0.5,0.05,0.55,0.41,0.47,standard
ENG-Premier League,2021,Fulham,Josh Onomah,ENG,MF,23,1997,11,4,374,4.2,0,0,0,0,0,0,1,0,0.4,0.4,0.0,0.4,8,19,14,0.0,0.0,0.0,0.0,0.0,0.09,0.01,0.1,0.09,0.1,standard
ENG-Premier League,2021,Fulham,Kenny Tete,NED,"DF,MF",24,1995,22,18,1481,16.5,0,1,1,0,0,0,3,0,0.3,0.3,1.4,1.7,38,71,73,0.0,0.06,0.06,0.0,0.06,0.02,0.09,0.1,0.02,0.1,standard
ENG-Premier League,2021,Fulham,Marek Rodák,SVK,GK,23,1996,2,2,180,2.0,0,0,0,0,0,0,0,0,0.0,0.0,0.0,0.0,0,0,0,0.0,0.0,0.0,0.0,0.0,0.0,0.0,0.0,0.0,0.0,standard
ENG-Premier League,2021,Fulham,Mario Lemina,GAB,MF,26,1993,28,19,1703,18.9,1,0,1,1,0,0,5,0,0.7,0.7,0.8,1.5,19,78,15,0.05,0.0,0.05,0.05,0.05,0.04,0.04,0.08,0.04,0.08,standard
ENG-Premier League,2021,Fulham,Maxime Le Marchand,FRA,DF,30,1989,2,1,123,1.4,0,0,0,0,0,0,2,0,0.0,0.0,0.0,0.0,0,8,0,0.0,0.0,0.0,0.0,0.0,0.01,0.0,0.01,0.01,0.01,standard
ENG-Premier League,2021,Fulham,Michael Hector,JAM,DF,28,1992,4,3,263,2.9,0,0,0,0,0,0,2,0,0.1,0.1,0.0,0.1,0,12,0,0.0,0.0,0.0,0.0,0.0,0.02,0.01,0.03,0.02,0.03,standard
ENG-Premier League,2021,Fulham,Neeskens Kebano,COD,"FW,MF",28,1992,5,1,119,1.3,0,0,0,0,0,0,0,0,0.3,0.3,0.0,0.3,7,1,15,0.0,0.0,0.0,0.0,0.0,0.2,0.01,0.21,0.2,0.21,standard
ENG-Premier League,2021,Fulham,Ola Aina,NGA,DF,23,1996,31,31,2664,29.6,2,1,3,2,0,0,3,0,1.2,1.2,1.5,2.8,63,106,50,0.07,0.03,0.1,0.07,0.1,0.04,0.05,0.09,0.04,0.09,standard
ENG-Premier League,2021,Fulham,Ruben Loftus-Cheek,ENG,"MF,FW",24,1996,30,21,1909,21.2,1,0,1,1,0,0,3,0,3.4,3.4,1.2,4.6,57,82,97,0.05,0.0,0.05,0.05,0.05,0.16,0.06,0.22,0.16,0.22,standard
ENG-Premier League,2021,Fulham,Terence Kongolo,NED,DF,26,1994,1,1,90,1.0,0,0,0,0,0,0,0,0,0.0,0.0,0.0,0.0,0,3,1,0.0,0.0,0.0,0.0,0.0,0.0,0.0,0.0,0.0,0.0,standard
ENG-Premier League,2021,Fulham,Tim Ream,USA,DF,32,1987,7,7,630,7.0,0,0,0,0,0,0,0,0,0.0,0.0,0.0,0.0,7,31,0,0.0,0.0,0.0,0.0,0.0,0.0,0.0,0.0,0.0,0.0,standard
ENG-Premier League,2021,Fulham,Tom Cairney,SCO,MF,29,1991,10,9,759,8.4,1,1,2,1,0,0,2,0,0.5,0.5,1.1,1.6,22,72,25,0.12,0.12,0.24,0.12,0.24,0.06,0.13,0.19,0.06,0.19,standard
ENG-Premier League,2021,Fulham,Tosin Adarabioyo,ENG,DF,22,1997,33,33,2953,32.8,0,0,0,0,0,0,1,0,1.1,1.1,0.3,1.4,5,75,3,0.0,0.0,0.0,0.0,0.0,0.03,0.01,0.04,0.03,0.04,standard
ENG-Premier League,2021,Fulham,Tyrese Francois,AUS,DF,20,2000,1,0,15,0.2,0,0,0,0,0,0,0,0,0.0,0.0,0.0,0.0,2,1,2,0.0,0.0,0.0,0.0,0.0,0.0,0.0,0.0,0.0,0.0,standard
ENG-Premier League,2021,Leeds United,Diego Llorente,ESP,DF,26,1993,15,14,1204,13.4,1,0,1,1,0,0,1,0,0.8,0.8,0.5,1.3,7,26,1,0.07,0.0,0.07,0.07,0.07,0.06,0.04,0.1,0.06,0.1,standard
ENG-Premier League,2021,Leeds United,Ezgjan Alioski,MKD,"DF,MF",28,1992,36,29,2461,27.3,2,3,5,2,0,0,7,0,1.6,1.6,3.3,4.9,77,132,122,0.07,0.11,0.18,0.07,0.18,0.06,0.12,0.18,0.06,0.18,standard
ENG-Premier League,2021,Leeds United,Gaetano Berardi,SUI,DF,31,1988,2,1,113,1.3,0,0,0,0,0,0,0,0,0.1,0.1,0.0,0.1,0,2,1,0.0,0.0,0.0,0.0,0.0,0.09,0.0,0.09,0.09,0.09,standard
ENG-Premier League,2021,Leeds United,Hélder Costa,ANG,"MF,FW",26,1994,22,13,1156,12.8,3,3,6,3,0,0,0,0,2.2,2.2,0.6,2.8,47,28,84,0.23,0.23,0.47,0.23,0.47,0.17,0.04,0.22,0.17,0.22,standard
ENG-Premier League,2021,Leeds United,Ian Poveda,ENG,MF,20,2000,14,0,355,3.9,0,0,0,0,0,0,0,0,0.3,0.3,1.1,1.4,21,17,47,0.0,0.0,0.0,0.0,0.0,0.08,0.28,0.36,0.08,0.36,standard
ENG-Premier League,2021,Leeds United,Illan Meslier,FRA,GK,20,2000,35,35,3150,35.0,0,0,0,0,0,0,0,0,0.0,0.0,0.0,0.0,0,0,0,0.0,0.0,0.0,0.0,0.0,0.0,0.0,0.0,0.0,0.0,standard
ENG-Premier League,2021,Leeds United,Jack Harrison,ENG,"MF,FW",23,1996,36,34,2847,31.6,8,8,16,8,0,0,2,0,5.8,5.8,6.5,12.4,108,98,307,0.25,0.25,0.51,0.25,0.51,0.18,0.21,0.39,0.18,0.39,standard
ENG-Premier League,2021,Leeds United,Jamie Shackleton,ENG,"MF,DF",20,1999,13,3,461,5.1,0,0,0,0,0,0,0,0,0.0,0.0,0.1,0.1,7,11,21,0.0,0.0,0.0,0.0,0.0,0.0,0.03,0.03,0.0,0.03,standard
ENG-Premier League,2021,Leeds United,Kalvin Phillips,ENG,MF,24,1995,29,28,2428,27.0,1,2,3,1,0,0,10,0,0.5,0.5,3.4,3.9,13,137,14,0.04,0.07,0.11,0.04,0.11,0.02,0.13,0.15,0.02,0.15,standard
ENG-Premier League,2021,Leeds United,Kiko Casilla,ESP,GK,33,1986,3,3,270,3.0,0,0,0,0,0,0,0,0,0.0,0.0,0.0,0.0,0,0,0,0.0,0.0,0.0,0.0,0.0,0.0,0.0,0.0,0.0,0.0,standard
ENG-Premier League,2021,Leeds United,Leif Davis,ENG,DF,20,2000,2,0,33,0.4,0,0,0,0,0,0,0,0,0.0,0.0,0.0,0.0,1,1,0,0.0,0.0,0.0,0.0,0.0,0.0,0.0,0.0,0.0,0.0,standard
ENG-Premier League,2021,Leeds United,Liam Cooper,SCO,DF,28,1991,25,25,2185,24.3,1,0,1,1,0,0,4,1,1.8,1.8,0.0,1.8,12,88,1,0.04,0.0,0.04,0.04,0.04,0.08,0.0,0.08,0.08,0.08,standard
ENG-Premier League,2021,Leeds United,Luke Ayling,ENG,DF,28,1991,38,38,3399,37.8,0,0,0,0,0,0,7,0,1.7,1.7,3.2,4.9,110,224,110,0.0,0.0,0.0,0.0,0.0,0.05,0.08,0.13,0.05,0.13,standard
ENG-Premier League,2021,Leeds United,Mateusz Klich,POL,MF,30,1990,35,28,2393,26.6,4,5,9,2,2,2,6,0,3.0,1.4,3.4,4.9,70,184,152,0.15,0.19,0.34,0.08,0.26,0.11,0.13,0.24,0.05,0.18,standard
ENG-Premier League,2021,Leeds United,Niall Huggins,WAL,DF,19,2000,1,0,38,0.4,0,0,0,0,0,0,0,0,0.0,0.0,0.0,0.0,1,1,1,0.0,0.0,0.0,0.0,0.0,0.0,0.0,0.0,0.0,0.0,standard
ENG-Premier League,2021,Leeds United,Pablo Hernández,ESP,MF,35,1985,16,3,427,4.7,0,2,2,0,0,0,1,0,1.1,1.1,0.7,1.8,33,70,34,0.0,0.42,0.42,0.0,0.42,0.23,0.15,0.38,0.23,0.38,standard
ENG-Premier League,2021,Leeds United,Pascal Struijk,NED,"DF,MF",20,1999,27,22,2075,23.1,1,0,1,1,0,0,3,0,1.7,1.7,0.1,1.8,4,71,5,0.04,0.0,0.04,0.04,0.04,0.07,0.01,0.08,0.07,0.08,standard
ENG-Premier League,2021,Leeds United,Patrick Bamford,ENG,FW,26,1993,38,37,3050,33.9,17,7,24,15,2,2,3,0,18.2,16.6,3.5,20.2,32,31,167,0.5,0.21,0.71,0.44,0.65,0.54,0.1,0.64,0.49,0.6,standard
ENG-Premier League,2021,Leeds United,Raphinha,BRA,"MF,FW",23,1996,30,26,2360,26.2,6,9,15,6,0,0,3,0,5.7,5.7,7.9,13.6,102,97,222,0.23,0.34,0.57,0.23,0.57,0.22,0.3,0.52,0.22,0.52,standard
ENG-Premier League,2021,Leeds United,Robin Koch,GER,"DF,MF",24,1996,17,13,1132,12.6,0,0,0,0,0,0,1,0,0.7,0.7,0.1,0.8,8,49,3,0.0,0.0,0.0,0.0,0.0,0.06,0.01,0.07,0.06,0.07,standard
ENG-Premier League,2021,Leeds United,Rodrigo,ESP,"MF,FW",29,1991,26,14,1288,14.3,7,2,9,7,0,0,3,0,5.1,5.1,3.5,8.7,30,80,118,0.49,0.14,0.63,0.49,0.63,0.36,0.25,0.6,0.36,0.6,standard
ENG-Premier League,2021,Leeds United,Stuart Dallas,NIR,"MF,DF",29,1991,38,38,3409,37.9,8,2,10,8,0,0,7,0,4.2,4.2,1.8,6.1,95,233,126,0.21,0.05,0.26,0.21,0.26,0.11,0.05,0.16,0.11,0.16,standard
ENG-Premier League,2021,Leeds United,Tyler Roberts,WAL,"MF,FW",21,1999,27,14,1340,14.9,1,2,3,1,0,0,3,0,1.8,1.8,2.3,4.1,33,53,89,0.07,0.13,0.2,0.07,0.2,0.12,0.16,0.28,0.12,0.28,standard
ENG-Premier League,2021,Leicester City,Ayoze Pérez,ESP,"MF,FW",27,1993,25,15,1331,14.8,2,1,3,2,0,0,2,0,3.3,3.3,1.3,4.6,39,54,114,0.14,0.07,0.2,0.14,0.2,0.23,0.09,0.31,0.23,0.31,standard
ENG-Premier League,2021,Leicester City,Cengiz Ünder,TUR,"FW,MF",23,1997,9,1,281,3.1,0,2,2,0,0,0,0,0,0.3,0.3,1.6,1.9,12,7,39,0.0,0.64,0.64,0.0,0.64,0.09,0.51,0.59,0.09,0.59,standard
ENG-Premier League,2021,Leicester City,Christian Fuchs,AUT,DF,34,1986,9,8,702,7.8,0,0,0,0,0,0,4,0,0.1,0.1,0.0,0.1,2,39,7,0.0,0.0,0.0,0.0,0.0,0.01,0.0,0.01,0.01,0.01,standard
ENG-Premier League,2021,Leicester City,Daniel Amartey,GHA,DF,25,1994,12,8,722,8.0,1,0,1,1,0,0,3,0,0.4,0.4,0.0,0.4,4,24,0,0.12,0.0,0.12,0.12,0.12,0.05,0.0,0.05,0.05,0.05,standard
ENG-Premier League,2021,Leicester City,Demarai Gray,JAM,FW,24,1996,1,0,19,0.2,0,0,0,0,0,0,0,0,0.1,0.1,0.0,0.1,1,0,3,0.0,0.0,0.0,0.0,0.0,0.32,0.0,0.32,0.32,0.32,standard
ENG-Premier League,2021,Leicester City,Dennis Praet,BEL,MF,26,1994,15,10,718,8.0,1,1,2,1,0,0,0,0,0.4,0.4,1.1,1.5,22,25,55,0.13,0.13,0.25,0.13,0.25,0.05,0.14,0.19,0.05,0.19,standard
ENG-Premier League,2021,Leicester City,Hamza Choudhury,BAN,MF,22,1997,10,4,316,3.5,0,0,0,0,0,0,1,0,0.4,0.4,0.0,0.4,3,15,1,0.0,0.0,0.0,0.0,0.0,0.11,0.0,0.11,0.11,0.11,standard
ENG-Premier League,2021,Leicester City,Harvey Barnes,ENG,"FW,MF",22,1997,25,22,1945,21.6,9,4,13,9,0,0,0,0,5.9,5.9,1.6,7.5,105,56,163,0.42,0.19,0.6,0.42,0.6,0.27,0.07,0.35,0.27,0.35,standard
ENG-Premier League,2021,Leicester City,Islam Slimani,ALG,FW,32,1988,1,0,20,0.2,0,0,0,0,0,0,0,0,0.1,0.1,0.1,0.1,0,1,4,0.0,0.0,0.0,0.0,0.0,0.28,0.23,0.5,0.28,0.5,standard
ENG-Premier League,2021,Leicester City,James Justin,ENG,DF,22,1998,23,23,2070,23.0,2,1,3,2,0,0,4,0,2.2,2.2,2.0,4.1,64,94,135,0.09,0.04,0.13,0.09,0.13,0.09,0.09,0.18,0.09,0.18,standard
ENG-Premier League,2021,Leicester City,James Maddison,ENG,MF,23,1996,31,24,2099,23.3,8,5,13,8,0,0,4,0,3.8,3.8,5.1,8.9,43,134,116,0.34,0.21,0.56,0.34,0.56,0.16,0.22,0.38,0.16,0.38,standard
ENG-Premier League,2021,Leicester City,Jamie Vardy,ENG,FW,33,1987,34,31,2840,31.6,15,9,24,7,8,9,1,0,19.9,12.8,4.7,17.5,57,31,202,0.48,0.29,0.76,0.22,0.51,0.63,0.15,0.78,0.41,0.55,standard
ENG-Premier League,2021,Leicester City,Jonny Evans,NIR,DF,32,1988,28,28,2473,27.5,2,2,4,2,0,0,7,0,1.7,1.7,0.4,2.1,7,96,5,0.07,0.07,0.15,0.07,0.15,0.06,0.02,0.08,0.06,0.08,standard
ENG-Premier League,2021,Leicester City,Kasper Schmeichel,DEN,GK,33,1986,38,38,3420,38.0,0,0,0,0,0,0,0,0,0.0,0.0,0.0,0.0,0,0,0,0.0,0.0,0.0,0.0,0.0,0.0,0.0,0.0,0.0,0.0,standard
ENG-Premier League,2021,Leicester City,Kelechi Iheanacho,NGA,FW,23,1996,25,16,1459,16.2,12,2,14,12,0,1,1,0,8.2,7.4,3.7,11.1,31,41,124,0.74,0.12,0.86,0.74,0.86,0.51,0.23,0.74,0.46,0.69,standard
ENG-Premier League,2021,Leicester City,Khanya Leshabela,RSA,MF,20,1999,1,0,10,0.1,0,0,0,0,0,0,0,0,0.0,0.0,0.0,0.0,3,2,0,0.0,0.0,0.0,0.0,0.0,0.0,0.0,0.0,0.0,0.0,standard
ENG-Premier League,2021,Leicester City,Luke Thomas,ENG,DF,19,2001,14,12,969,10.8,1,0,1,1,0,0,2,0,0.3,0.3,0.7,1.0,15,27,45,0.09,0.0,0.09,0.09,0.09,0.03,0.06,0.09,0.03,0.09,standard
ENG-Premier League,2021,Leicester City,Marc Albrighton,ENG,"DF,FW",30,1989,31,17,1746,19.4,1,5,6,1,0,0,2,0,1.2,1.2,3.5,4.7,46,84,139,0.05,0.26,0.31,0.05,0.31,0.06,0.18,0.24,0.06,0.24,standard
ENG-Premier League,2021,Leicester City,Nampalys Mendy,SEN,MF,28,1992,23,15,1459,16.2,0,1,1,0,0,0,5,0,0.1,0.1,0.2,0.2,16,66,3,0.0,0.06,0.06,0.0,0.06,0.0,0.01,0.01,0.0,0.01,standard
ENG-Premier League,2021,Leicester City,Ricardo Pereira,POR,"DF,FW",26,1993,15,10,959,10.7,0,1,1,0,0,0,3,0,0.3,0.3,0.6,1.0,20,45,53,0.0,0.09,0.09,0.0,0.09,0.03,0.06,0.09,0.03,0.09,standard
ENG-Premier League,2021,Leicester City,Sidnei Tavares,POR,MF,18,2001,2,1,85,0.9,0,0,0,0,0,0,0,0,0.1,0.1,0.0,0.1,1,2,6,0.0,0.0,0.0,0.0,0.0,0.06,0.0,0.06,0.06,0.06,standard
ENG-Premier League,2021,Leicester City,Timothy Castagne,BEL,DF,24,1995,27,27,2345,26.1,2,3,5,2,0,0,1,0,1.1,1.1,2.2,3.4,52,91,148,0.08,0.12,0.19,0.08,0.19,0.04,0.09,0.13,0.04,0.13,standard
ENG-Premier League,2021,Leicester City,Wes Morgan,JAM,DF,36,1984,3,0,18,0.2,0,0,0,0,0,0,0,0,0.0,0.0,0.0,0.0,0,2,0,0.0,0.0,0.0,0.0,0.0,0.0,0.0,0.0,0.0,0.0,standard
ENG-Premier League,2021,Leicester City,Wesley Fofana,FRA,DF,19,2000,28,27,2262,25.1,0,0,0,0,0,0,7,0,1.0,1.0,0.3,1.3,37,93,8,0.0,0.0,0.0,0.0,0.0,0.04,0.01,0.05,0.04,0.05,standard
ENG-Premier League,2021,Leicester City,Wilfred Ndidi,NGA,"MF,DF",23,1996,26,25,2176,24.2,1,4,5,1,0,0,6,0,0.7,0.7,1.3,2.0,7,73,17,0.04,0.17,0.21,0.04,0.21,0.03,0.05,0.08,0.03,0.08,standard
ENG-Premier League,2021,Leicester City,Youri Tielemans,BEL,MF,23,1997,38,37,3357,37.3,6,4,10,4,2,2,6,0,4.4,2.8,3.1,5.9,52,272,66,0.16,0.11,0.27,0.11,0.21,0.12,0.08,0.2,0.08,0.16,standard
ENG-Premier League,2021,Leicester City,Çağlar Söyüncü,TUR,DF,24,1996,23,19,1819,20.2,1,0,1,1,0,0,2,0,0.7,0.7,0.5,1.2,27,90,2,0.05,0.0,0.05,0.05,0.05,0.03,0.02,0.06,0.03,0.06,standard
ENG-Premier League,2021,Liverpool,Adrián,ESP,GK,33,1987,3,3,270,3.0,0,0,0,0,0,0,0,0,0.0,0.0,0.0,0.0,0,0,0,0.0,0.0,0.0,0.0,0.0,0.0,0.0,0.0,0.0,0.0,standard
ENG-Premier League,2021,Liverpool,Alex Oxlade-Chamberlain,ENG,"MF,FW",26,1993,13,2,253,2.8,1,1,2,1,0,0,0,0,0.3,0.3,0.3,0.6,5,20,21,0.36,0.36,0.71,0.36,0.71,0.11,0.1,0.21,0.11,0.21,standard
ENG-Premier League,2021,Liverpool,Alisson,BRA,GK,27,1992,33,33,2970,33.0,1,0,1,1,0,0,1,0,0.1,0.1,0.0,0.1,0,1,0,0.03,0.0,0.03,0.03,0.03,0.0,0.0,0.0,0.0,0.0,standard
ENG-Premier League,2021,Liverpool,Andrew Robertson,SCO,DF,26,1994,38,38,3383,37.6,1,7,8,1,0,0,2,0,1.5,1.5,6.6,8.0,119,228,289,0.03,0.19,0.21,0.03,0.21,0.04,0.17,0.21,0.04,0.21,standard
ENG-Premier League,2021,Liverpool,Caoimhín Kelleher,IRL,GK,21,1998,2,2,180,2.0,0,0,0,0,0,0,0,0,0.0,0.0,0.0,0.0,0,0,0,0.0,0.0,0.0,0.0,0.0,0.0,0.0,0.0,0.0,0.0,standard
ENG-Premier League,2021,Liverpool,Curtis Jones,ENG,MF,19,2001,24,13,1179,13.1,1,2,3,1,0,0,2,0,1.7,1.7,1.5,3.2,42,89,79,0.08,0.15,0.23,0.08,0.23,0.13,0.11,0.24,0.13,0.24,standard
ENG-Premier League,2021,Liverpool,Diogo Jota,POR,FW,23,1996,19,12,1112,12.4,9,0,9,9,0,0,2,0,6.4,6.4,1.6,8.0,54,43,125,0.73,0.0,0.73,0.73,0.73,0.51,0.13,0.64,0.51,0.64,standard
ENG-Premier League,2021,Liverpool,Divock Origi,BEL,FW,25,1995,9,2,186,2.1,0,0,0,0,0,0,0,0,1.1,1.1,0.2,1.3,5,5,18,0.0,0.0,0.0,0.0,0.0,0.54,0.07,0.62,0.54,0.62,standard
ENG-Premier League,2021,Liverpool,Fabinho,BRA,"DF,MF",26,1993,30,28,2567,28.5,0,0,0,0,0,0,6,0,0.3,0.3,0.3,0.6,27,124,13,0.0,0.0,0.0,0.0,0.0,0.01,0.01,0.02,0.01,0.02,standard
ENG-Premier League,2021,Liverpool,Georginio Wijnaldum,NED,MF,29,1990,38,34,2941,32.7,2,0,2,2,0,0,1,0,2.6,2.6,1.4,3.9,62,133,59,0.06,0.0,0.06,0.06,0.06,0.08,0.04,0.12,0.08,0.12,standard
ENG-Premier League,2021,Liverpool,James Milner,ENG,"MF,DF",34,1986,26,11,1070,11.9,0,1,1,0,0,0,3,0,0.4,0.4,0.8,1.2,21,100,51,0.0,0.08,0.08,0.0,0.08,0.03,0.07,0.1,0.03,0.1,standard
ENG-Premier League,2021,Liverpool,Joe Gomez,ENG,DF,23,1997,7,6,590,6.6,0,0,0,0,0,0,0,0,0.0,0.0,0.0,0.0,4,38,1,0.0,0.0,0.0,0.0,0.0,0.0,0.01,0.01,0.0,0.01,standard
ENG-Premier League,2021,Liverpool,Jordan Henderson,ENG,"MF,DF",30,1990,21,20,1704,18.9,1,1,2,1,0,0,0,0,1.3,1.3,1.5,2.8,46,169,21,0.05,0.05,0.11,0.05,0.11,0.07,0.08,0.15,0.07,0.15,standard
ENG-Premier League,2021,Liverpool,Joël Matip,CMR,DF,28,1991,10,9,691,7.7,1,2,3,1,0,0,2,0,0.8,0.8,0.9,1.7,6,28,1,0.13,0.26,0.39,0.13,0.39,0.1,0.11,0.22,0.1,0.22,standard
ENG-Premier League,2021,Liverpool,Kostas Tsimikas,GRE,"DF,FW",24,1996,2,0,7,0.1,0,0,0,0,0,0,0,0,0.0,0.0,0.0,0.0,1,0,3,0.0,0.0,0.0,0.0,0.0,0.0,0.0,0.0,0.0,0.0,standard
ENG-Premier League,2021,Liverpool,Mohamed Salah,EGY,FW,28,1992,37,34,3078,34.2,22,5,27,16,6,6,0,0,19.3,14.6,6.2,20.8,111,136,396,0.64,0.15,0.79,0.47,0.61,0.56,0.18,0.75,0.43,0.61,standard
ENG-Premier League,2021,Liverpool,Naby Keïta,GUI,MF,25,1995,10,7,520,5.8,0,0,0,0,0,0,1,0,0.4,0.4,0.6,1.0,18,33,19,0.0,0.0,0.0,0.0,0.0,0.07,0.11,0.18,0.07,0.18,standard
ENG-Premier League,2021,Liverpool,Nathaniel Phillips,ENG,DF,23,1997,17,15,1456,16.2,1,1,2,1,0,0,2,0,1.0,1.0,0.6,1.6,9,55,3,0.06,0.06,0.12,0.06,0.12,0.06,0.04,0.1,0.06,0.1,standard
ENG-Premier League,2021,Liverpool,Neco Williams,WAL,DF,19,2001,6,3,249,2.8,0,0,0,0,0,0,1,0,0.1,0.1,0.2,0.3,10,14,29,0.0,0.0,0.0,0.0,0.0,0.03,0.06,0.09,0.03,0.09,standard
ENG-Premier League,2021,Liverpool,Ozan Kabak,TUR,DF,20,2000,9,9,801,8.9,0,0,0,0,0,0,3,0,0.1,0.1,0.0,0.2,3,20,1,0.0,0.0,0.0,0.0,0.0,0.02,0.0,0.02,0.02,0.02,standard
ENG-Premier League,2021,Liverpool,Rhys Williams,ENG,DF,19,2001,9,7,661,7.3,0,0,0,0,0,0,0,0,0.5,0.5,0.2,0.7,2,23,1,0.0,0.0,0.0,0.0,0.0,0.07,0.02,0.09,0.07,0.09,standard
ENG-Premier League,2021,Liverpool,Roberto Firmino,BRA,FW,28,1991,36,33,2838,31.5,9,7,16,9,0,0,2,0,11.3,11.3,5.6,16.9,66,140,222,0.29,0.22,0.51,0.29,0.51,0.36,0.18,0.54,0.36,0.54,standard
ENG-Premier League,2021,Liverpool,Sadio Mané,SEN,FW,28,1992,35,31,2810,31.2,11,7,18,11,0,0,3,0,14.1,14.1,7.0,21.0,142,112,366,0.35,0.22,0.58,0.35,0.58,0.45,0.22,0.67,0.45,0.67,standard
ENG-Premier League,2021,Liverpool,Takumi Minamino,JPN,"MF,FW",25,1995,9,2,293,3.3,1,0,1,1,0,0,0,0,1.1,1.1,0.0,1.1,3,8,16,0.31,0.0,0.31,0.31,0.31,0.34,0.0,0.34,0.34,0.34,standard
ENG-Premier League,2021,Liverpool,Thiago Alcántara,ESP,MF,29,1991,24,20,1854,20.6,1,0,1,1,0,0,4,0,1.2,1.2,2.3,3.5,27,203,25,0.05,0.0,0.05,0.05,0.05,0.06,0.11,0.17,0.06,0.17,standard
ENG-Premier League,2021,Liverpool,Trent Alexander-Arnold,ENG,DF,21,1998,36,34,3031,33.7,2,7,9,2,0,0,2,0,2.6,2.6,8.6,11.2,98,251,249,0.06,0.21,0.27,0.06,0.27,0.08,0.26,0.33,0.08,0.33,standard
ENG-Premier League,2021,Liverpool,Virgil van Dijk,NED,DF,29,1991,5,5,370,4.1,1,0,1,1,0,0,1,0,0.2,0.2,0.0,0.2,0,30,1,0.24,0.0,0.24,0.24,0.24,0.06,0.0,0.06,0.06,0.06,standard
ENG-Premier League,2021,Liverpool,Xherdan Shaqiri,SUI,"MF,FW",28,1991,14,5,556,6.2,0,2,2,0,0,0,2,0,0.5,0.5,2.5,3.0,5,54,32,0.0,0.32,0.32,0.0,0.32,0.08,0.41,0.48,0.08,0.48,standard
ENG-Premier League,2021,Manchester City,Aymeric Laporte,ESP,DF,26,1994,16,14,1344,14.9,0,0,0,0,0,0,1,0,0.8,0.8,0.4,1.1,28,99,1,0.0,0.0,0.0,0.0,0.0,0.05,0.02,0.07,0.05,0.07,standard
ENG-Premier League,2021,Manchester City,Benjamin Mendy,FRA,DF,26,1994,13,11,953,10.6,2,1,3,2,0,0,2,0,0.3,0.3,0.2,0.6,13,29,74,0.19,0.09,0.28,0.19,0.28,0.03,0.02,0.06,0.03,0.06,standard
ENG-Premier League,2021,Manchester City,Bernardo Silva,POR,"MF,FW",25,1994,26,24,2065,22.9,2,6,8,2,0,0,5,0,2.8,2.8,3.8,6.5,123,116,173,0.09,0.26,0.35,0.09,0.35,0.12,0.16,0.29,0.12,0.29,standard
ENG-Premier League,2021,Manchester City,Ederson,BRA,GK,26,1993,36,36,3240,36.0,0,1,1,0,0,0,3,0,0.0,0.0,0.3,0.3,0,1,0,0.0,0.03,0.03,0.0,0.03,0.0,0.01,0.01,0.0,0.01,standard
ENG-Premier League,2021,Manchester City,Eric García,ESP,DF,19,2001,6,3,383,4.3,0,0,0,0,0,0,0,0,0.1,0.1,0.0,0.1,8,22,0,0.0,0.0,0.0,0.0,0.0,0.02,0.0,0.02,0.02,0.02,standard
ENG-Premier League,2021,Manchester City,Fernandinho,BRA,MF,35,1985,21,12,1188,13.2,0,2,2,0,0,0,6,0,0.7,0.7,1.3,1.9,31,114,5,0.0,0.15,0.15,0.0,0.15,0.05,0.1,0.15,0.05,0.15,standard
ENG-Premier League,2021,Manchester City,Ferrán Torres,ESP,"FW,MF",20,2000,24,15,1306,14.5,7,2,9,7,0,0,1,0,4.9,4.9,2.2,7.1,30,31,118,0.48,0.14,0.62,0.48,0.62,0.33,0.15,0.49,0.33,0.49,standard
ENG-Premier League,2021,Manchester City,Gabriel Jesus,BRA,FW,23,1997,29,22,2063,22.9,9,4,13,9,0,0,2,0,8.7,8.7,2.7,11.4,54,41,202,0.39,0.17,0.57,0.39,0.57,0.38,0.12,0.5,0.38,0.5,standard
ENG-Premier League,2021,Manchester City,John Stones,ENG,DF,26,1994,22,22,1933,21.5,4,0,4,4,0,0,0,1,1.8,1.8,0.1,1.8,38,101,3,0.19,0.0,0.19,0.19,0.19,0.08,0.0,0.09,0.08,0.09,standard
ENG-Premier League,2021,Manchester City,João Cancelo,POR,"DF,MF",26,1994,28,27,2299,25.5,2,3,5,2,0,0,5,1,1.6,1.6,4.6,6.2,80,200,150,0.08,0.12,0.2,0.08,0.2,0.06,0.18,0.24,0.06,0.24,standard
ENG-Premier League,2021,Manchester City,Kevin De Bruyne,BEL,MF,29,1991,25,23,1997,22.2,6,12,18,4,2,3,1,0,9.3,6.9,8.0,14.9,102,213,186,0.27,0.54,0.81,0.18,0.72,0.42,0.36,0.78,0.31,0.67,standard
ENG-Premier League,2021,Manchester City,Kyle Walker,ENG,DF,30,1990,24,22,1946,21.6,1,1,2,1,0,0,1,0,0.3,0.3,0.6,0.9,80,130,71,0.05,0.05,0.09,0.05,0.09,0.01,0.03,0.04,0.01,0.04,standard
ENG-Premier League,2021,Manchester City,Liam Delap,ENG,FW,17,2003,1,0,40,0.4,0,0,0,0,0,0,0,0,0.0,0.0,0.0,0.0,0,0,1,0.0,0.0,0.0,0.0,0.0,0.1,0.0,0.1,0.1,0.1,standard
ENG-Premier League,2021,Manchester City,Nathan Aké,NED,DF,25,1995,10,9,797,8.9,1,0,1,1,0,0,4,0,0.3,0.3,0.0,0.3,12,52,6,0.11,0.0,0.11,0.11,0.11,0.03,0.0,0.03,0.03,0.03,standard
ENG-Premier League,2021,Manchester City,Oleksandr Zinchenko,UKR,DF,23,1996,20,15,1478,16.4,0,0,0,0,0,0,0,0,0.7,0.7,0.9,1.6,38,118,65,0.0,0.0,0.0,0.0,0.0,0.04,0.06,0.1,0.04,0.1,standard
ENG-Premier League,2021,Manchester City,Phil Foden,ENG,"FW,MF",20,2000,28,17,1616,18.0,9,5,14,9,0,0,0,0,5.0,5.0,3.6,8.6,81,69,213,0.5,0.28,0.78,0.5,0.78,0.28,0.2,0.48,0.28,0.48,standard
ENG-Premier League,2021,Manchester City,Raheem Sterling,ENG,FW,25,1994,31,28,2536,28.2,10,7,17,10,0,1,4,0,11.0,10.2,5.7,15.9,129,67,351,0.35,0.25,0.6,0.35,0.6,0.39,0.2,0.59,0.36,0.57,standard
ENG-Premier League,2021,Manchester City,Riyad Mahrez,ALG,FW,29,1991,27,23,1949,21.7,9,6,15,9,0,0,0,0,4.7,4.7,5.0,9.7,88,88,247,0.42,0.28,0.69,0.42,0.69,0.22,0.23,0.45,0.22,0.45,standard
ENG-Premier League,2021,Manchester City,Rodri,ESP,MF,24,1996,34,31,2748,30.5,2,2,4,1,1,1,6,0,2.4,1.6,1.4,3.1,42,227,31,0.07,0.07,0.13,0.03,0.1,0.08,0.05,0.13,0.05,0.1,standard
ENG-Premier League,2021,Manchester City,Rúben Dias,POR,DF,23,1997,32,32,2843,31.6,1,0,1,1,0,0,4,0,1.9,1.9,0.1,2.0,38,154,5,0.03,0.0,0.03,0.03,0.03,0.06,0.0,0.06,0.06,0.06,standard
ENG-Premier League,2021,Manchester City,Scott Carson,ENG,GK,34,1985,1,1,90,1.0,0,0,0,0,0,0,0,0,0.0,0.0,0.0,0.0,0,0,0,0.0,0.0,0.0,0.0,0.0,0.0,0.0,0.0,0.0,0.0,standard
ENG-Premier League,2021,Manchester City,Sergio Agüero,ARG,FW,32,1988,12,7,559,6.2,4,1,5,3,1,2,0,0,3.5,1.9,1.2,3.1,12,12,39,0.64,0.16,0.81,0.48,0.64,0.56,0.19,0.75,0.31,0.5,standard
ENG-Premier League,2021,Manchester City,Zack Steffen,USA,GK,25,1995,1,1,90,1.0,0,0,0,0,0,0,0,0,0.0,0.0,0.0,0.0,0,0,0,0.0,0.0,0.0,0.0,0.0,0.0,0.0,0.0,0.0,0.0,standard
ENG-Premier League,2021,Manchester City,İlkay Gündoğan,GER,MF,29,1990,28,23,2029,22.5,13,2,15,12,1,2,1,0,9.0,7.4,3.5,10.9,69,167,92,0.58,0.09,0.67,0.53,0.62,0.4,0.15,0.55,0.33,0.48,standard
ENG-Premier League,2021,Manchester Utd,Aaron Wan-Bissaka,ENG,DF,22,1997,34,34,3060,34.0,2,4,6,2,0,0,3,0,0.9,0.9,2.3,3.2,89,145,176,0.06,0.12,0.18,0.06,0.18,0.03,0.07,0.09,0.03,0.09,standard
ENG-Premier League,2021,Manchester Utd,Alex Telles,BRA,DF,27,1992,9,8,690,7.7,0,2,2,0,0,0,0,0,0.2,0.2,0.9,1.0,27,48,40,0.0,0.26,0.26,0.0,0.26,0.02,0.12,0.14,0.02,0.14,standard
ENG-Premier League,2021,Manchester Utd,Amad Diallo,CIV,FW,18,2002,3,2,166,1.8,0,1,1,0,0,0,0,0,0.0,0.0,0.5,0.5,9,9,7,0.0,0.54,0.54,0.0,0.54,0.02,0.27,0.29,0.02,0.29,standard
ENG-Premier League,2021,Manchester Utd,Anthony Elanga,SWE,FW,18,2002,2,2,155,1.7,1,0,1,1,0,0,0,0,0.4,0.4,0.0,0.5,2,3,13,0.58,0.0,0.58,0.58,0.58,0.26,0.02,0.28,0.26,0.28,standard
ENG-Premier League,2021,Manchester Utd,Anthony Martial,FRA,FW,24,1995,22,17,1480,16.4,4,3,7,4,0,0,0,1,6.5,6.5,2.0,8.5,48,46,155,0.24,0.18,0.43,0.24,0.43,0.4,0.12,0.52,0.4,0.52,standard
ENG-Premier League,2021,Manchester Utd,Axel Tuanzebe,COD,DF,22,1997,9,4,404,4.5,0,0,0,0,0,0,2,0,0.0,0.0,0.0,0.0,3,13,3,0.0,0.0,0.0,0.0,0.0,0.0,0.0,0.0,0.0,0.0,standard
ENG-Premier League,2021,Manchester Utd,Brandon Williams,ENG,DF,19,2000,4,2,188,2.1,0,0,0,0,0,0,0,0,0.2,0.2,0.0,0.3,5,5,7,0.0,0.0,0.0,0.0,0.0,0.11,0.02,0.13,0.11,0.13,standard
ENG-Premier League,2021,Manchester Utd,Bruno Fernandes,POR,MF,25,1994,37,35,3099,34.4,18,12,30,9,9,10,6,0,16.1,8.2,11.4,19.6,80,285,263,0.52,0.35,0.87,0.26,0.61,0.47,0.33,0.8,0.24,0.57,standard
ENG-Premier League,2021,Manchester Utd,Daniel James,WAL,FW,22,1997,15,11,910,10.1,3,1,4,3,0,0,3,0,2.2,2.2,0.9,3.1,36,32,84,0.3,0.1,0.4,0.3,0.4,0.22,0.09,0.31,0.22,0.31,standard
ENG-Premier League,2021,Manchester Utd,David de Gea,ESP,GK,29,1990,26,26,2295,25.5,0,0,0,0,0,0,0,0,0.0,0.0,0.0,0.0,0,0,0,0.0,0.0,0.0,0.0,0.0,0.0,0.0,0.0,0.0,0.0,standard
ENG-Premier League,2021,Manchester Utd,Dean Henderson,ENG,GK,23,1997,13,12,1125,12.5,0,0,0,0,0,0,3,0,0.0,0.0,0.0,0.0,0,0,0,0.0,0.0,0.0,0.0,0.0,0.0,0.0,0.0,0.0,0.0,standard
ENG-Premier League,2021,Manchester Utd,Donny van de Beek,NED,"MF,FW",23,1997,19,4,524,5.8,1,1,2,1,0,0,1,0,0.4,0.4,0.9,1.3,7,16,39,0.17,0.17,0.34,0.17,0.34,0.06,0.16,0.22,0.06,0.22,standard
ENG-Premier League,2021,Manchester Utd,Edinson Cavani,URU,FW,33,1987,26,13,1375,15.3,10,3,13,10,0,0,4,0,8.0,8.0,2.2,10.3,5,30,80,0.65,0.2,0.85,0.65,0.85,0.52,0.15,0.67,0.52,0.67,standard
ENG-Premier League,2021,Manchester Utd,Eric Bailly,CIV,DF,26,1994,12,10,916,10.2,0,0,0,0,0,0,3,0,0.1,0.1,0.0,0.1,6,37,0,0.0,0.0,0.0,0.0,0.0,0.01,0.0,0.01,0.01,0.01,standard
ENG-Premier League,2021,Manchester Utd,Fred,BRA,MF,27,1993,30,27,2390,26.6,1,0,1,1,0,0,5,0,1.8,1.8,1.9,3.7,31,189,33,0.04,0.0,0.04,0.04,0.04,0.07,0.07,0.14,0.07,0.14,standard
ENG-Premier League,2021,Manchester Utd,Hannibal Mejbri,TUN,MF,17,2003,1,0,9,0.1,0,0,0,0,0,0,0,0,0.0,0.0,0.0,0.0,0,1,0,0.0,0.0,0.0,0.0,0.0,0.0,0.0,0.0,0.0,0.0,standard
ENG-Premier League,2021,Manchester Utd,Harry Maguire,ENG,DF,27,1993,34,34,3047,33.9,2,1,3,2,0,0,11,0,2.3,2.2,0.3,2.5,42,194,14,0.06,0.03,0.09,0.06,0.09,0.07,0.01,0.08,0.07,0.08,standard
ENG-Premier League,2021,Manchester Utd,Juan Mata,ESP,"FW,MF",32,1988,9,6,509,5.7,1,2,3,0,1,1,0,0,1.0,0.2,0.8,1.1,13,23,32,0.18,0.35,0.53,0.0,0.35,0.18,0.15,0.33,0.04,0.19,standard
ENG-Premier League,2021,Manchester Utd,Luke Shaw,ENG,DF,25,1995,32,30,2654,29.5,1,5,6,1,0,0,8,0,0.6,0.6,6.4,7.0,110,147,209,0.03,0.17,0.2,0.03,0.2,0.02,0.22,0.24,0.02,0.24,standard
ENG-Premier League,2021,Manchester Utd,Marcus Rashford,ENG,FW,22,1997,37,33,2920,32.4,11,9,20,11,0,0,4,0,8.9,8.9,3.8,12.8,134,117,330,0.34,0.28,0.62,0.34,0.62,0.28,0.12,0.39,0.28,0.39,standard
ENG-Premier League,2021,Manchester Utd,Mason Greenwood,ENG,FW,18,2001,31,21,1822,20.2,7,2,9,7,0,0,2,0,6.0,6.0,2.2,8.2,67,52,175,0.35,0.1,0.44,0.35,0.44,0.29,0.11,0.4,0.29,0.4,standard
ENG-Premier League,2021,Manchester Utd,Nemanja Matić,SRB,MF,31,1988,20,12,1106,12.3,0,0,0,0,0,0,2,0,0.3,0.3,0.7,1.0,40,86,12,0.0,0.0,0.0,0.0,0.0,0.02,0.06,0.08,0.02,0.08,standard
ENG-Premier League,2021,Manchester Utd,Odion Ighalo,NGA,FW,31,1989,1,0,10,0.1,0,0,0,0,0,0,0,0,0.0,0.0,0.0,0.0,0,0,1,0.0,0.0,0.0,0.0,0.0,0.0,0.0,0.0,0.0,0.0,standard
ENG-Premier League,2021,Manchester Utd,Paul Pogba,FRA,"MF,FW",27,1993,26,21,1897,21.1,3,3,6,3,0,0,3,0,2.8,2.8,2.4,5.2,46,139,101,0.14,0.14,0.28,0.14,0.28,0.13,0.11,0.25,0.13,0.25,standard
ENG-Premier League,2021,Manchester Utd,Scott McTominay,SCO,MF,23,1996,32,24,2129,23.7,4,1,5,4,0,0,3,0,2.1,2.1,1.7,3.8,57,118,26,0.17,0.04,0.21,0.17,0.21,0.09,0.07,0.16,0.09,0.16,standard
ENG-Premier League,2021,Manchester Utd,Shola Shoretire,ENG,FW,16,2004,2,0,11,0.1,0,0,0,0,0,0,0,0,0.0,0.0,0.0,0.0,0,0,2,0.0,0.0,0.0,0.0,0.0,0.0,0.0,0.0,0.0,0.0,standard
ENG-Premier League,2021,Manchester Utd,Timothy Fosu-Mensah,NED,DF,22,1998,1,1,80,0.9,0,0,0,0,0,0,1,0,0.0,0.0,0.3,0.3,2,5,13,0.0,0.0,0.0,0.0,0.0,0.03,0.31,0.33,0.03,0.33,standard
ENG-Premier League,2021,Manchester Utd,Victor Lindelöf,SWE,DF,26,1994,29,29,2585,28.7,1,1,2,1,0,0,0,0,0.6,0.6,0.3,0.9,18,92,2,0.03,0.03,0.07,0.03,0.07,0.02,0.01,0.03,0.02,0.03,standard
ENG-Premier League,2021,Manchester Utd,Will Fish,ENG,FW,17,2003,1,0,1,0.0,0,0,0,0,0,0,0,0,0.0,0.0,0.0,0.0,0,0,0,0.0,0.0,0.0,0.0,0.0,0.0,0.0,0.0,0.0,0.0,standard
ENG-Premier League,2021,Newcastle Utd,Allan Saint-Maximin,FRA,"FW,MF",23,1997,25,19,1560,17.3,3,4,7,3,0,0,0,0,2.6,2.6,3.7,6.3,81,65,86,0.17,0.23,0.4,0.17,0.4,0.15,0.21,0.36,0.15,0.36,standard
ENG-Premier League,2021,Newcastle Utd,Andy Carroll,ENG,FW,31,1989,18,4,392,4.4,1,0,1,1,0,0,1,0,0.8,0.8,0.1,0.9,2,12,18,0.23,0.0,0.23,0.23,0.23,0.19,0.02,0.21,0.19,0.21,standard
ENG-Premier League,2021,Newcastle Utd,Callum Wilson,ENG,FW,28,1992,26,23,2084,23.2,12,5,17,8,4,4,2,0,12.4,9.3,2.8,12.1,42,32,116,0.52,0.22,0.73,0.35,0.56,0.54,0.12,0.66,0.4,0.52,standard
ENG-Premier League,2021,Newcastle Utd,Ciaran Clark,IRL,DF,30,1989,22,21,1891,21.0,1,0,1,1,0,0,3,0,0.7,0.7,0.1,0.8,9,35,4,0.05,0.0,0.05,0.05,0.05,0.03,0.01,0.04,0.03,0.04,standard
ENG-Premier League,2021,Newcastle Utd,DeAndre Yedlin,USA,DF,27,1993,6,5,436,4.8,0,0,0,0,0,0,0,0,0.1,0.1,0.1,0.2,6,12,15,0.0,0.0,0.0,0.0,0.0,0.02,0.02,0.04,0.02,0.04,standard
ENG-Premier League,2021,Newcastle Utd,Dwight Gayle,ENG,"FW,MF",29,1990,18,4,514,5.7,1,1,2,1,0,0,0,0,2.9,2.9,0.3,3.3,3,6,30,0.18,0.18,0.35,0.18,0.35,0.51,0.06,0.57,0.51,0.57,standard
ENG-Premier League,2021,Newcastle Utd,Elliot Anderson,ENG,MF,17,2002,1,0,4,0.0,0,0,0,0,0,0,0,0,0.0,0.0,0.0,0.0,0,0,1,0.0,0.0,0.0,0.0,0.0,0.0,0.0,0.0,0.0,0.0,standard
ENG-Premier League,2021,Newcastle Utd,Emil Krafth,SWE,DF,25,1994,16,14,1288,14.3,1,0,1,1,0,0,4,0,0.3,0.3,0.4,0.7,12,28,25,0.07,0.0,0.07,0.07,0.07,0.02,0.03,0.05,0.02,0.05,standard
ENG-Premier League,2021,Newcastle Utd,Fabian Schär,SUI,DF,28,1991,18,13,1246,13.8,1,0,1,0,1,1,4,1,1.3,0.5,0.0,0.5,6,41,0,0.07,0.0,0.07,0.0,0.0,0.09,0.0,0.09,0.04,0.04,standard
ENG-Premier League,2021,Newcastle Utd,Federico Fernández,ARG,DF,31,1989,24,24,2079,23.1,0,0,0,0,0,0,4,0,0.3,0.3,0.6,0.8,1,32,7,0.0,0.0,0.0,0.0,0.0,0.01,0.03,0.04,0.01,0.04,standard
ENG-Premier League,2021,Newcastle Utd,Isaac Hayden,ENG,"MF,DF",25,1995,24,22,1942,21.6,0,0,0,0,0,0,8,0,0.7,0.7,0.3,1.0,7,47,20,0.0,0.0,0.0,0.0,0.0,0.03,0.01,0.04,0.03,0.04,standard
ENG-Premier League,2021,Newcastle Utd,Jacob Murphy,ENG,"DF,MF",25,1995,26,17,1626,18.1,2,3,5,2,0,0,3,0,1.7,1.7,3.8,5.4,48,47,46,0.11,0.17,0.28,0.11,0.28,0.09,0.21,0.3,0.09,0.3,standard
ENG-Premier League,2021,Newcastle Utd,Jamaal Lascelles,ENG,DF,26,1993,19,19,1625,18.1,2,0,2,2,0,0,4,0,1.3,1.3,0.1,1.4,4,22,2,0.11,0.0,0.11,0.11,0.11,0.07,0.01,0.08,0.07,0.08,standard
ENG-Premier League,2021,Newcastle Utd,Jamal Lewis,NIR,DF,22,1998,24,20,1837,20.4,0,1,1,0,0,0,4,0,0.1,0.1,1.0,1.1,27,41,56,0.0,0.05,0.05,0.0,0.05,0.01,0.05,0.06,0.01,0.06,standard
ENG-Premier League,2021,Newcastle Utd,Javier Manquillo,ESP,DF,26,1994,13,10,825,9.2,0,0,0,0,0,0,1,0,0.0,0.0,0.3,0.3,13,20,29,0.0,0.0,0.0,0.0,0.0,0.0,0.03,0.03,0.0,0.03,standard
ENG-Premier League,2021,Newcastle Utd,Jeff Hendrick,IRL,MF,28,1992,22,17,1422,15.8,2,1,3,2,0,0,3,1,1.1,1.1,1.1,2.2,7,37,24,0.13,0.06,0.19,0.13,0.19,0.07,0.07,0.14,0.07,0.14,standard
ENG-Premier League,2021,Newcastle Utd,Joe Willock,ENG,MF,20,1999,14,11,978,10.9,8,0,8,8,0,1,0,0,3.9,3.0,0.5,3.5,23,29,34,0.74,0.0,0.74,0.74,0.74,0.36,0.05,0.41,0.28,0.33,standard
ENG-Premier League,2021,Newcastle Utd,Joelinton,BRA,"FW,MF",23,1996,31,23,1983,22.0,4,2,6,3,1,1,3,0,5.4,4.6,2.4,7.1,34,39,104,0.18,0.09,0.27,0.14,0.23,0.25,0.11,0.36,0.21,0.32,standard
ENG-Premier League,2021,Newcastle Utd,Jonjo Shelvey,ENG,MF,28,1992,30,29,2617,29.1,1,3,4,1,0,0,7,0,2.5,2.5,3.0,5.5,20,132,24,0.03,0.1,0.14,0.03,0.14,0.09,0.1,0.19,0.09,0.19,standard
ENG-Premier League,2021,Newcastle Utd,Karl Darlow,WAL,GK,29,1990,25,25,2250,25.0,0,0,0,0,0,0,3,0,0.0,0.0,0.0,0.0,0,0,0,0.0,0.0,0.0,0.0,0.0,0.0,0.0,0.0,0.0,0.0,standard
ENG-Premier League,2021,Newcastle Utd,Martin Dúbravka,SVK,GK,31,1989,13,13,1170,13.0,0,0,0,0,0,0,0,0,0.0,0.0,0.0,0.0,0,0,0,0.0,0.0,0.0,0.0,0.0,0.0,0.0,0.0,0.0,0.0,standard
ENG-Premier League,2021,Newcastle Utd,Matt Ritchie,SCO,"DF,MF",30,1989,18,15,1350,15.0,0,2,2,0,0,0,2,0,0.4,0.4,2.2,2.6,23,38,42,0.0,0.13,0.13,0.0,0.13,0.03,0.14,0.17,0.03,0.17,standard
ENG-Premier League,2021,Newcastle Utd,Matthew Longstaff,ENG,MF,20,2000,5,4,377,4.2,0,0,0,0,0,0,0,0,0.0,0.0,0.2,0.2,1,6,2,0.0,0.0,0.0,0.0,0.0,0.0,0.04,0.04,0.0,0.04,standard
ENG-Premier League,2021,Newcastle Utd,Miguel Almirón,PAR,"MF,FW",26,1994,34,28,2429,27.0,4,1,5,4,0,0,3,0,3.2,3.2,2.9,6.1,70,90,109,0.15,0.04,0.19,0.15,0.19,0.12,0.11,0.23,0.12,0.23,standard
ENG-Premier League,2021,Newcastle Utd,Paul Dummett,WAL,DF,28,1991,15,14,1255,13.9,1,0,1,1,0,0,2,0,0.3,0.3,0.2,0.5,2,29,5,0.07,0.0,0.07,0.07,0.07,0.02,0.01,0.04,0.02,0.04,standard
ENG-Premier League,2021,Newcastle Utd,Ryan Fraser,SCO,"FW,MF",26,1994,18,9,928,10.3,0,2,2,0,0,0,2,1,0.9,0.9,2.0,2.9,21,18,71,0.0,0.19,0.19,0.0,0.19,0.09,0.19,0.28,0.09,0.28,standard
ENG-Premier League,2021,Newcastle Utd,Sean Longstaff,ENG,MF,22,1997,22,15,1412,15.7,0,1,1,0,0,0,2,0,1.4,1.4,1.0,2.3,5,45,18,0.0,0.06,0.06,0.0,0.06,0.09,0.06,0.15,0.09,0.15,standard
ENG-Premier League,2021,Sheffield Utd,Aaron Ramsdale,ENG,GK,22,1998,38,38,3420,38.0,0,0,0,0,0,0,1,0,0.0,0.0,0.1,0.1,0,0,0,0.0,0.0,0.0,0.0,0.0,0.0,0.0,0.0,0.0,0.0,standard
ENG-Premier League,2021,Sheffield Utd,Antwoine Hackford,ENG,DF,16,2004,1,0,11,0.1,0,0,0,0,0,0,0,0,0.1,0.1,0.0,0.1,0,0,0,0.0,0.0,0.0,0.0,0.0,0.84,0.0,0.84,0.84,0.84,standard
ENG-Premier League,2021,Sheffield Utd,Ben Osborn,ENG,"MF,DF",25,1994,24,17,1604,17.8,1,0,1,1,0,0,1,0,1.1,1.1,2.0,3.2,27,77,100,0.06,0.0,0.06,0.06,0.06,0.06,0.12,0.18,0.06,0.18,standard
ENG-Premier League,2021,Sheffield Utd,Billy Sharp,ENG,FW,34,1986,16,7,735,8.2,3,0,3,1,2,2,1,0,3.0,1.5,0.5,2.0,9,11,65,0.37,0.0,0.37,0.12,0.12,0.37,0.07,0.44,0.18,0.24,standard
ENG-Premier League,2021,Sheffield Utd,Chris Basham,ENG,"DF,MF",32,1988,31,31,2576,28.6,0,1,1,0,0,0,5,0,0.7,0.7,0.9,1.6,38,82,48,0.0,0.03,0.03,0.0,0.03,0.03,0.03,0.06,0.03,0.06,standard
ENG-Premier League,2021,Sheffield Utd,Daniel Jebbison,ENG,FW,16,2003,4,3,284,3.2,1,0,1,1,0,0,0,0,1.1,1.1,0.0,1.2,2,1,6,0.32,0.0,0.32,0.32,0.32,0.36,0.01,0.37,0.36,0.37,standard
ENG-Premier League,2021,Sheffield Utd,David McGoldrick,IRL,"FW,MF",32,1987,35,28,2397,26.6,8,1,9,8,0,0,7,0,6.9,6.9,1.1,8.0,42,94,162,0.3,0.04,0.34,0.3,0.34,0.26,0.04,0.3,0.26,0.3,standard
ENG-Premier League,2021,Sheffield Utd,Enda Stevens,IRL,DF,30,1990,30,30,2700,30.0,0,1,1,0,0,0,6,0,1.3,1.3,1.6,2.9,44,124,99,0.0,0.03,0.03,0.0,0.03,0.04,0.05,0.1,0.04,0.1,standard
ENG-Premier League,2021,Sheffield Utd,Ethan Ampadu,WAL,"DF,MF",19,2000,25,23,2089,23.2,0,0,0,0,0,0,3,0,0.3,0.3,1.2,1.5,25,100,23,0.0,0.0,0.0,0.0,0.0,0.01,0.05,0.07,0.01,0.07,standard
ENG-Premier League,2021,Sheffield Utd,Femi Seriki,ENG,MF,18,2002,1,0,1,0.0,0,0,0,0,0,0,0,0,0.0,0.0,0.0,0.0,0,0,0,0.0,0.0,0.0,0.0,0.0,0.0,0.0,0.0,0.0,0.0,standard
ENG-Premier League,2021,Sheffield Utd,George Baldock,GRE,DF,27,1993,32,32,2787,31.0,0,2,2,0,0,0,7,0,1.2,1.2,2.9,4.0,68,75,140,0.0,0.06,0.06,0.0,0.06,0.04,0.09,0.13,0.04,0.13,standard
ENG-Premier League,2021,Sheffield Utd,Iliman Ndiaye,SEN,MF,20,2000,1,0,12,0.1,0,0,0,0,0,0,0,0,0.0,0.0,0.0,0.0,0,0,0,0.0,0.0,0.0,0.0,0.0,0.0,0.0,0.0,0.0,0.0,standard
ENG-Premier League,2021,Sheffield Utd,Jack O'Connell,ENG,DF,26,1994,2,2,180,2.0,0,0,0,0,0,0,0,0,0.0,0.0,0.0,0.0,0,5,2,0.0,0.0,0.0,0.0,0.0,0.0,0.0,0.0,0.0,0.0,standard
ENG-Premier League,2021,Sheffield Utd,Jack Robinson,ENG,DF,26,1993,11,9,877,9.7,0,1,1,0,0,0,3,0,0.7,0.7,0.6,1.3,3,22,6,0.0,0.1,0.1,0.0,0.1,0.07,0.06,0.13,0.07,0.13,standard
ENG-Premier League,2021,Sheffield Utd,Jayden Bogle,ENG,"DF,MF",20,2000,16,12,1110,12.3,2,0,2,2,0,0,2,0,1.9,1.9,0.2,2.2,11,24,61,0.16,0.0,0.16,0.16,0.16,0.16,0.02,0.17,0.16,0.17,standard
ENG-Premier League,2021,Sheffield Utd,John Egan,IRL,DF,27,1992,31,30,2629,29.2,0,1,1,0,0,0,7,1,0.8,0.8,0.6,1.4,11,60,2,0.0,0.03,0.03,0.0,0.03,0.03,0.02,0.05,0.03,0.05,standard
ENG-Premier League,2021,Sheffield Utd,John Fleck,SCO,MF,28,1991,31,29,2575,28.6,0,2,2,0,0,0,4,0,0.6,0.6,2.9,3.5,54,151,62,0.0,0.07,0.07,0.0,0.07,0.02,0.1,0.12,0.02,0.12,standard
ENG-Premier League,2021,Sheffield Utd,John Lundstram,ENG,MF,26,1994,28,23,2032,22.6,0,2,2,0,0,1,8,1,1.9,1.1,1.3,2.4,35,78,73,0.0,0.09,0.09,0.0,0.09,0.08,0.06,0.14,0.05,0.11,standard
ENG-Premier League,2021,Sheffield Utd,Kean Bryan,ENG,DF,23,1996,13,12,1004,11.2,1,0,1,1,0,0,1,0,0.9,0.9,0.6,1.5,7,22,18,0.09,0.0,0.09,0.09,0.09,0.08,0.05,0.14,0.08,0.14,standard
ENG-Premier League,2021,Sheffield Utd,Lys Mousset,FRA,"FW,MF",24,1996,11,2,296,3.3,0,0,0,0,0,0,0,0,1.0,1.0,0.3,1.3,3,3,16,0.0,0.0,0.0,0.0,0.0,0.29,0.1,0.39,0.29,0.39,standard
ENG-Premier League,2021,Sheffield Utd,Max Lowe,ENG,DF,23,1997,8,7,550,6.1,0,0,0,0,0,0,1,0,0.1,0.1,0.1,0.2,10,14,32,0.0,0.0,0.0,0.0,0.0,0.01,0.02,0.03,0.01,0.03,standard
ENG-Premier League,2021,Sheffield Utd,Oliver Burke,SCO,FW,23,1997,25,14,1269,14.1,1,1,2,1,0,0,2,0,2.1,2.1,2.2,4.3,30,19,108,0.07,0.07,0.14,0.07,0.14,0.15,0.16,0.31,0.15,0.31,standard
ENG-Premier League,2021,Sheffield Utd,Oliver McBurnie,SCO,FW,24,1996,23,12,1324,14.7,1,0,1,1,0,0,2,0,3.9,3.9,1.1,5.0,14,44,58,0.07,0.0,0.07,0.07,0.07,0.26,0.07,0.34,0.26,0.34,standard
ENG-Premier League,2021,Sheffield Utd,Oliver Norwood,NIR,MF,29,1991,32,26,2220,24.7,0,0,0,0,0,0,6,0,0.5,0.5,2.0,2.4,7,125,19,0.0,0.0,0.0,0.0,0.0,0.02,0.08,0.1,0.02,0.1,standard
ENG-Premier League,2021,Sheffield Utd,Phil Jagielka,ENG,DF,37,1982,10,6,526,5.8,0,0,0,0,0,0,1,1,0.0,0.0,0.0,0.0,1,6,2,0.0,0.0,0.0,0.0,0.0,0.0,0.0,0.0,0.0,0.0,standard
ENG-Premier League,2021,Sheffield Utd,Rhian Brewster,ENG,"FW,MF",20,2000,27,12,1128,12.5,0,0,0,0,0,0,1,0,1.8,1.8,1.6,3.4,11,20,48,0.0,0.0,0.0,0.0,0.0,0.14,0.13,0.27,0.14,0.27,standard
ENG-Premier League,2021,Sheffield Utd,Sander Berge,NOR,MF,22,1998,15,13,1120,12.4,1,1,2,0,1,1,4,0,1.2,0.4,1.1,1.6,39,39,33,0.08,0.08,0.16,0.0,0.08,0.1,0.09,0.19,0.04,0.13,standard
ENG-Premier League,2021,Southampton,Alex McCarthy,ENG,GK,30,1989,30,30,2700,30.0,0,0,0,0,0,0,2,0,0.0,0.0,0.0,0.0,0,0,1,0.0,0.0,0.0,0.0,0.0,0.0,0.0,0.0,0.0,0.0,standard
ENG-Premier League,2021,Southampton,Alexandre Jankewitz,SUI,MF,18,2001,2,1,3,0.0,0,0,0,0,0,0,0,1,0.0,0.0,0.0,0.0,0,1,0,0.0,0.0,0.0,0.0,0.0,0.0,0.0,0.0,0.0,0.0,standard
ENG-Premier League,2021,Southampton,Allan Tchaptchet,FRA,DF,18,2001,1,0,13,0.1,0,0,0,0,0,0,0,0,0.0,0.0,0.0,0.0,0,0,0,0.0,0.0,0.0,0.0,0.0,0.0,0.0,0.0,0.0,0.0,standard
ENG-Premier League,2021,Southampton,Caleb Watts,AUS,MF,18,2002,3,0,39,0.4,0,0,0,0,0,0,1,0,0.0,0.0,0.0,0.0,0,0,2,0.0,0.0,0.0,0.0,0.0,0.0,0.0,0.0,0.0,0.0,standard
ENG-Premier League,2021,Southampton,Che Adams,SCO,FW,24,1996,36,30,2667,29.6,9,5,14,9,0,0,1,0,9.8,9.8,5.0,14.8,32,57,149,0.3,0.17,0.47,0.3,0.47,0.33,0.17,0.5,0.33,0.5,standard
ENG-Premier League,2021,Southampton,Dan Nlundulu,ENG,"FW,MF",21,1999,13,0,111,1.2,0,0,0,0,0,0,0,0,0.1,0.1,0.0,0.1,1,4,13,0.0,0.0,0.0,0.0,0.0,0.04,0.03,0.07,0.04,0.07,standard
ENG-Premier League,2021,Southampton,Danny Ings,ENG,FW,28,1992,29,26,2173,24.1,12,4,16,10,2,2,1,0,8.5,6.9,2.1,9.1,37,52,134,0.5,0.17,0.66,0.41,0.58,0.35,0.09,0.44,0.29,0.38,standard
ENG-Premier League,2021,Southampton,Fraser Forster,ENG,GK,32,1988,8,8,720,8.0,0,0,0,0,0,0,0,0,0.0,0.0,0.0,0.0,0,0,0,0.0,0.0,0.0,0.0,0.0,0.0,0.0,0.0,0.0,0.0,standard
ENG-Premier League,2021,Southampton,Ibrahima Diallo,FRA,MF,21,1999,22,10,1020,11.3,0,0,0,0,0,0,3,0,0.5,0.5,0.6,1.1,11,46,13,0.0,0.0,0.0,0.0,0.0,0.04,0.06,0.1,0.04,0.1,standard
ENG-Premier League,2021,Southampton,Jack Stephens,ENG,DF,26,1994,18,17,1537,17.1,0,0,0,0,0,0,2,0,0.8,0.8,0.3,1.1,17,65,3,0.0,0.0,0.0,0.0,0.0,0.05,0.02,0.06,0.05,0.06,standard
ENG-Premier League,2021,Southampton,Jake Vokins,ENG,DF,20,2000,1,1,66,0.7,0,0,0,0,0,0,0,0,0.0,0.0,0.1,0.1,1,3,2,0.0,0.0,0.0,0.0,0.0,0.0,0.08,0.08,0.0,0.08,standard
ENG-Premier League,2021,Southampton,James Ward-Prowse,ENG,MF,25,1994,38,38,3420,38.0,8,7,15,5,3,4,5,0,5.7,2.5,3.9,6.4,34,189,51,0.21,0.18,0.39,0.13,0.32,0.15,0.1,0.25,0.07,0.17,standard
ENG-Premier League,2021,Southampton,Jan Bednarek,POL,DF,24,1996,36,36,3100,34.4,1,1,2,1,0,0,5,1,0.7,0.7,0.6,1.3,13,76,3,0.03,0.03,0.06,0.03,0.06,0.02,0.02,0.04,0.02,0.04,standard
ENG-Premier League,2021,Southampton,Jannik Vestergaard,DEN,DF,27,1992,30,29,2574,28.6,3,0,3,3,0,0,3,1,1.5,1.5,0.5,2.1,14,82,2,0.1,0.0,0.1,0.1,0.1,0.05,0.02,0.07,0.05,0.07,standard
ENG-Premier League,2021,Southampton,Kayne Ramsey,ENG,DF,19,2000,1,1,90,1.0,0,0,0,0,0,0,1,0,0.0,0.0,0.0,0.0,0,0,0,0.0,0.0,0.0,0.0,0.0,0.0,0.0,0.0,0.0,0.0,standard
ENG-Premier League,2021,Southampton,Kyle Walker-Peters,ENG,DF,23,1997,30,30,2645,29.4,0,2,2,0,0,0,4,0,1.0,1.0,1.2,2.2,92,89,112,0.0,0.07,0.07,0.0,0.07,0.04,0.04,0.08,0.04,0.08,standard
ENG-Premier League,2021,Southampton,Michael Obafemi,IRL,FW,20,2000,4,0,61,0.7,0,0,0,0,0,0,0,0,0.0,0.0,0.1,0.1,1,1,5,0.0,0.0,0.0,0.0,0.0,0.0,0.1,0.1,0.0,0.1,standard
ENG-Premier League,2021,Southampton,Mohammed Salisu,GHA,DF,21,1999,12,8,844,9.4,0,0,0,0,0,0,1,0,0.3,0.3,0.4,0.7,8,13,8,0.0,0.0,0.0,0.0,0.0,0.03,0.04,0.07,0.03,0.07,standard
ENG-Premier League,2021,Southampton,Moussa Djenepo,MLI,MF,22,1998,27,15,1240,13.8,1,0,1,1,0,0,5,0,0.8,0.8,0.4,1.2,28,32,78,0.07,0.0,0.07,0.07,0.07,0.06,0.03,0.08,0.06,0.08,standard
ENG-Premier League,2021,Southampton,Nathan Redmond,ENG,"MF,FW",26,1994,29,17,1738,19.3,2,3,5,2,0,0,1,0,3.1,3.1,3.2,6.2,70,75,149,0.1,0.16,0.26,0.1,0.26,0.16,0.16,0.32,0.16,0.32,standard
ENG-Premier League,2021,Southampton,Nathan Tella,NGA,"FW,MF",21,1999,18,7,745,8.3,1,1,2,1,0,0,2,0,1.6,1.6,0.8,2.4,19,9,36,0.12,0.12,0.24,0.12,0.24,0.2,0.09,0.29,0.2,0.29,standard
ENG-Premier League,2021,Southampton,Oriol Romeu,ESP,MF,28,1991,21,20,1763,19.6,1,1,2,1,0,0,6,0,0.5,0.5,1.4,1.8,25,91,15,0.05,0.05,0.1,0.05,0.1,0.02,0.07,0.09,0.02,0.09,standard
ENG-Premier League,2021,Southampton,Ryan Bertrand,ENG,DF,30,1989,29,29,2598,28.9,0,1,1,0,0,0,5,0,0.4,0.4,1.3,1.6,46,101,120,0.0,0.03,0.03,0.0,0.03,0.01,0.04,0.06,0.01,0.06,standard
ENG-Premier League,2021,Southampton,Shane Long,IRL,FW,33,1987,11,1,210,2.3,0,0,0,0,0,0,0,0,0.1,0.1,0.0,0.1,1,3,10,0.0,0.0,0.0,0.0,0.0,0.03,0.0,0.03,0.03,0.03,standard
ENG-Premier League,2021,Southampton,Stuart Armstrong,SCO,MF,28,1992,33,32,2764,30.7,4,5,9,4,0,0,3,0,2.7,2.7,2.6,5.3,109,144,118,0.13,0.16,0.29,0.13,0.29,0.09,0.08,0.17,0.09,0.17,standard
ENG-Premier League,2021,Southampton,Takumi Minamino,JPN,MF,25,1995,10,9,711,7.9,2,0,2,2,0,0,1,0,1.5,1.5,0.5,2.0,19,15,42,0.25,0.0,0.25,0.25,0.25,0.18,0.06,0.25,0.18,0.25,standard
ENG-Premier League,2021,Southampton,Theo Walcott,ENG,"MF,FW",31,1989,21,20,1618,18.0,3,3,6,3,0,0,0,0,2.3,2.3,1.0,3.3,37,37,105,0.17,0.17,0.33,0.17,0.33,0.13,0.06,0.18,0.13,0.18,standard
ENG-Premier League,2021,Southampton,William Smallbone,IRL,MF,20,2000,3,2,172,1.9,0,0,0,0,0,0,0,0,0.1,0.1,0.0,0.1,5,7,10,0.0,0.0,0.0,0.0,0.0,0.03,0.0,0.03,0.03,0.03,standard
ENG-Premier League,2021,Southampton,Yan Valery,TUN,"DF,MF",21,1999,3,1,103,1.1,0,0,0,0,0,0,0,0,0.2,0.2,0.1,0.2,6,3,9,0.0,0.0,0.0,0.0,0.0,0.16,0.05,0.21,0.16,0.21,standard
ENG-Premier League,2021,Tottenham,Ben Davies,WAL,DF,27,1993,20,14,1346,15.0,0,1,1,0,0,0,1,0,0.2,0.2,0.6,0.8,28,51,55,0.0,0.07,0.07,0.0,0.07,0.01,0.04,0.05,0.01,0.05,standard
ENG-Premier League,2021,Tottenham,Carlos Vinícius,BRA,FW,25,1995,9,3,308,3.4,1,0,1,1,0,0,2,0,1.2,1.2,0.1,1.3,1,2,12,0.29,0.0,0.29,0.29,0.29,0.36,0.02,0.39,0.36,0.39,standard
ENG-Premier League,2021,Tottenham,Dane Scarlett,ENG,FW,16,2004,1,0,1,0.0,0,0,0,0,0,0,0,0,0.0,0.0,0.0,0.0,0,0,0,0.0,0.0,0.0,0.0,0.0,0.0,0.0,0.0,0.0,0.0,standard
ENG-Premier League,2021,Tottenham,Davinson Sánchez,COL,DF,24,1996,18,17,1486,16.5,0,0,0,0,0,0,1,0,0.8,0.8,0.0,0.8,2,36,0,0.0,0.0,0.0,0.0,0.0,0.05,0.0,0.05,0.05,0.05,standard
ENG-Premier League,2021,Tottenham,Dele Alli,ENG,MF,24,1996,15,7,620,6.9,0,1,1,0,0,0,0,0,2.0,2.0,1.2,3.3,15,26,30,0.0,0.15,0.15,0.0,0.15,0.3,0.18,0.47,0.3,0.47,standard
ENG-Premier League,2021,Tottenham,Eric Dier,ENG,DF,26,1994,28,28,2520,28.0,0,0,0,0,0,0,3,0,1.2,1.2,0.3,1.4,21,65,6,0.0,0.0,0.0,0.0,0.0,0.04,0.01,0.05,0.04,0.05,standard
ENG-Premier League,2021,Tottenham,Gareth Bale,WAL,FW,31,1989,20,10,920,10.2,11,2,13,11,0,0,1,0,5.8,5.8,1.8,7.6,31,43,85,1.08,0.2,1.27,1.08,1.27,0.57,0.18,0.74,0.57,0.74,standard
ENG-Premier League,2021,Tottenham,Giovani Lo Celso,ARG,MF,24,1996,18,11,945,10.5,1,1,2,1,0,0,5,0,1.4,1.4,1.0,2.4,21,71,34,0.1,0.1,0.19,0.1,0.19,0.14,0.09,0.23,0.14,0.23,standard
ENG-Premier League,2021,Tottenham,Harry Kane,ENG,FW,27,1993,35,35,3082,34.2,23,14,37,19,4,4,1,0,20.1,16.9,7.1,24.0,75,132,185,0.67,0.41,1.08,0.55,0.96,0.59,0.21,0.79,0.49,0.7,standard
ENG-Premier League,2021,Tottenham,Harry Winks,ENG,MF,24,1996,15,9,861,9.6,0,0,0,0,0,0,5,0,0.1,0.1,0.2,0.2,9,62,1,0.0,0.0,0.0,0.0,0.0,0.01,0.02,0.02,0.01,0.02,standard
ENG-Premier League,2021,Tottenham,Hugo Lloris,FRA,GK,33,1986,38,38,3420,38.0,0,0,0,0,0,0,0,0,0.0,0.0,0.0,0.0,0,0,0,0.0,0.0,0.0,0.0,0.0,0.0,0.0,0.0,0.0,0.0,standard
ENG-Premier League,2021,Tottenham,Japhet Tanganga,ENG,DF,21,1999,6,6,487,5.4,0,0,0,0,0,0,2,0,0.4,0.4,0.6,1.1,8,14,11,0.0,0.0,0.0,0.0,0.0,0.08,0.12,0.2,0.08,0.2,standard
ENG-Premier League,2021,Tottenham,Joe Rodon,WAL,DF,22,1997,12,8,733,8.1,0,0,0,0,0,0,0,0,0.0,0.0,0.0,0.0,2,12,0,0.0,0.0,0.0,0.0,0.0,0.0,0.0,0.0,0.0,0.0,standard
ENG-Premier League,2021,Tottenham,Lucas Moura,BRA,"FW,MF",27,1992,30,14,1411,15.7,3,4,7,3,0,0,1,0,1.9,1.9,2.0,3.9,43,46,78,0.19,0.26,0.45,0.19,0.45,0.12,0.13,0.25,0.12,0.25,standard
ENG-Premier League,2021,Tottenham,Matt Doherty,IRL,DF,28,1992,17,13,1240,13.8,0,2,2,0,0,0,4,1,0.4,0.4,0.7,1.1,18,42,68,0.0,0.15,0.15,0.0,0.15,0.03,0.05,0.08,0.03,0.08,standard
ENG-Premier League,2021,Tottenham,Moussa Sissoko,FRA,MF,30,1989,25,15,1585,17.6,0,0,0,0,0,0,3,0,0.2,0.2,0.1,0.4,32,57,34,0.0,0.0,0.0,0.0,0.0,0.01,0.01,0.02,0.01,0.02,standard
ENG-Premier League,2021,Tottenham,Pierre Højbjerg,DEN,MF,24,1995,38,38,3420,38.0,2,4,6,2,0,0,9,0,1.1,1.1,1.6,2.7,36,218,26,0.05,0.11,0.16,0.05,0.16,0.03,0.04,0.07,0.03,0.07,standard
ENG-Premier League,2021,Tottenham,Serge Aurier,CIV,DF,27,1992,19,19,1605,17.8,2,3,5,2,0,0,0,0,1.1,1.1,3.4,4.5,28,59,82,0.11,0.17,0.28,0.11,0.28,0.06,0.19,0.25,0.06,0.25,standard
ENG-Premier League,2021,Tottenham,Sergio Reguilón,ESP,DF,23,1996,27,26,2244,24.9,0,3,3,0,0,0,5,0,1.0,1.0,2.0,3.1,52,73,152,0.0,0.12,0.12,0.0,0.12,0.04,0.08,0.12,0.04,0.12,standard
ENG-Premier League,2021,Tottenham,Son Heung-min,KOR,FW,28,1992,37,36,3114,34.6,17,10,27,16,1,1,0,0,9.7,8.9,8.4,17.4,88,87,266,0.49,0.29,0.78,0.46,0.75,0.28,0.24,0.52,0.26,0.5,standard
ENG-Premier League,2021,Tottenham,Steven Bergwijn,NED,"FW,MF",22,1997,21,13,1208,13.4,1,3,4,1,0,0,3,0,2.0,2.0,0.9,2.9,32,25,83,0.07,0.22,0.3,0.07,0.3,0.15,0.06,0.21,0.15,0.21,standard
ENG-Premier League,2021,Tottenham,Tanguy Ndombele,FRA,MF,23,1996,33,28,2091,23.2,3,2,5,3,0,0,3,0,1.6,1.6,1.8,3.4,60,114,58,0.13,0.09,0.22,0.13,0.22,0.07,0.08,0.15,0.07,0.15,standard
ENG-Premier League,2021,Tottenham,Toby Alderweireld,BEL,DF,31,1989,25,25,2240,24.9,1,0,1,1,0,0,2,0,0.7,0.7,0.7,1.4,3,59,1,0.04,0.0,0.04,0.04,0.04,0.03,0.03,0.06,0.03,0.06,standard
ENG-Premier League,2021,Tottenham,Érik Lamela,ARG,"FW,MF",28,1992,23,5,717,8.0,1,0,1,1,0,0,6,1,1.1,1.1,1.0,2.1,28,36,49,0.13,0.0,0.13,0.13,0.13,0.14,0.12,0.26,0.14,0.26,standard
ENG-Premier League,2021,West Brom,Ahmed Hegazi,EGY,DF,29,1991,1,1,90,1.0,0,0,0,0,0,0,0,0,0.0,0.0,0.0,0.0,0,2,0,0.0,0.0,0.0,0.0,0.0,0.0,0.0,0.0,0.0,0.0,standard
ENG-Premier League,2021,West Brom,Ainsley Maitland-Niles,ENG,MF,22,1997,15,14,1230,13.7,0,0,0,0,0,0,2,0,0.6,0.6,0.7,1.2,25,47,52,0.0,0.0,0.0,0.0,0.0,0.04,0.05,0.09,0.04,0.09,standard
ENG-Premier League,2021,West Brom,Branislav Ivanović,SRB,DF,36,1984,13,8,767,8.5,0,0,0,0,0,0,2,0,0.5,0.5,0.1,0.6,0,10,1,0.0,0.0,0.0,0.0,0.0,0.06,0.01,0.07,0.06,0.07,standard
ENG-Premier League,2021,West Brom,Callum Robinson,IRL,"FW,MF",25,1995,28,20,1560,17.3,5,0,5,5,0,0,0,0,3.1,3.1,1.0,4.1,36,27,119,0.29,0.0,0.29,0.29,0.29,0.18,0.06,0.24,0.18,0.24,standard
ENG-Premier League,2021,West Brom,Charlie Austin,ENG,"FW,MF",31,1989,5,0,138,1.5,0,0,0,0,0,0,0,0,0.4,0.4,0.0,0.4,1,3,4,0.0,0.0,0.0,0.0,0.0,0.29,0.0,0.29,0.29,0.29,standard
ENG-Premier League,2021,West Brom,Conor Gallagher,ENG,MF,20,2000,30,28,2531,28.1,2,2,4,2,0,0,11,0,1.5,1.5,1.8,3.3,32,97,59,0.07,0.07,0.14,0.07,0.14,0.05,0.06,0.12,0.05,0.12,standard
ENG-Premier League,2021,West Brom,Conor Townsend,ENG,DF,27,1993,25,25,2234,24.8,0,2,2,0,0,0,0,0,1.1,1.1,2.7,3.7,37,113,74,0.0,0.08,0.08,0.0,0.08,0.04,0.11,0.15,0.04,0.15,standard
ENG-Premier League,2021,West Brom,Dara O'Shea,IRL,DF,21,1999,28,25,2102,23.4,0,0,0,0,0,0,3,0,0.1,0.1,0.2,0.3,7,62,12,0.0,0.0,0.0,0.0,0.0,0.0,0.01,0.01,0.0,0.01,standard
ENG-Premier League,2021,West Brom,Darnell Furlong,ENG,DF,24,1995,35,32,2932,32.6,1,3,4,1,0,0,5,0,2.0,2.0,1.9,4.0,44,78,104,0.03,0.09,0.12,0.03,0.12,0.06,0.06,0.12,0.06,0.12,standard
ENG-Premier League,2021,West Brom,David Button,ENG,GK,31,1989,1,1,90,1.0,0,0,0,0,0,0,0,0,0.0,0.0,0.0,0.0,0,0,0,0.0,0.0,0.0,0.0,0.0,0.0,0.0,0.0,0.0,0.0,standard
ENG-Premier League,2021,West Brom,Filip Krovinović,CRO,MF,24,1995,11,5,546,6.1,0,0,0,0,0,0,0,0,0.3,0.3,0.2,0.4,15,41,21,0.0,0.0,0.0,0.0,0.0,0.04,0.03,0.07,0.04,0.07,standard
ENG-Premier League,2021,West Brom,Grady Diangana,COD,"MF,FW",22,1998,20,15,1235,13.7,1,0,1,1,0,0,0,0,1.1,1.1,0.2,1.2,25,32,84,0.07,0.0,0.07,0.07,0.07,0.08,0.01,0.09,0.08,0.09,standard
ENG-Premier League,2021,West Brom,Hal Robson-Kanu,WAL,FW,31,1989,19,2,561,6.2,2,0,2,2,0,0,2,0,1.2,1.2,0.2,1.5,8,11,33,0.32,0.0,0.32,0.32,0.32,0.19,0.04,0.23,0.19,0.23,standard
ENG-Premier League,2021,West Brom,Jake Livermore,ENG,MF,30,1989,18,15,1242,13.8,0,0,0,0,0,0,2,1,0.3,0.3,0.2,0.5,0,26,6,0.0,0.0,0.0,0.0,0.0,0.02,0.01,0.04,0.02,0.04,standard
ENG-Premier League,2021,West Brom,Kamil Grosicki,POL,"MF,FW",32,1988,3,2,148,1.6,0,1,1,0,0,0,0,0,0.1,0.1,0.3,0.4,7,4,12,0.0,0.61,0.61,0.0,0.61,0.07,0.19,0.26,0.07,0.26,standard
ENG-Premier League,2021,West Brom,Karlan Grant,ENG,"FW,MF",22,1997,21,14,1127,12.5,1,0,1,1,0,0,1,0,1.8,1.8,0.2,2.0,21,13,69,0.08,0.0,0.08,0.08,0.08,0.15,0.02,0.16,0.15,0.16,standard
ENG-Premier League,2021,West Brom,Kieran Gibbs,ENG,DF,30,1989,10,9,809,9.0,0,0,0,0,0,0,1,1,0.1,0.1,0.4,0.4,11,19,17,0.0,0.0,0.0,0.0,0.0,0.01,0.04,0.05,0.01,0.05,standard
ENG-Premier League,2021,West Brom,Kyle Bartley,ENG,DF,29,1991,30,28,2584,28.7,3,1,4,3,0,0,4,0,2.5,2.5,1.4,3.9,2,44,3,0.1,0.03,0.14,0.1,0.14,0.09,0.05,0.14,0.09,0.14,standard
ENG-Premier League,2021,West Brom,Kyle Edwards,ENG,"MF,FW",22,1998,5,1,118,1.3,0,0,0,0,0,0,0,0,0.1,0.1,0.0,0.1,5,3,4,0.0,0.0,0.0,0.0,0.0,0.09,0.02,0.11,0.09,0.11,standard
ENG-Premier League,2021,West Brom,Lee Peltier,ENG,DF,33,1986,4,3,229,2.5,0,0,0,0,0,0,1,0,0.0,0.0,0.0,0.0,0,6,4,0.0,0.0,0.0,0.0,0.0,0.0,0.01,0.01,0.0,0.01,standard
ENG-Premier League,2021,West Brom,Matheus Pereira,BRA,"MF,FW",24,1996,33,30,2577,28.6,11,6,17,7,4,4,2,1,7.3,4.2,6.3,10.5,79,115,133,0.38,0.21,0.59,0.24,0.45,0.26,0.22,0.48,0.15,0.37,standard
ENG-Premier League,2021,West Brom,Matt Phillips,SCO,MF,29,1991,33,20,1828,20.3,2,1,3,2,0,0,1,0,2.8,2.8,3.4,6.3,47,51,99,0.1,0.05,0.15,0.1,0.15,0.14,0.17,0.31,0.14,0.31,standard
ENG-Premier League,2021,West Brom,Mbaye Diagne,SEN,FW,28,1991,16,14,1189,13.2,3,2,5,3,0,0,2,0,6.6,6.6,1.0,7.6,4,12,60,0.23,0.15,0.38,0.23,0.38,0.5,0.07,0.58,0.5,0.58,standard
ENG-Premier League,2021,West Brom,Okay Yokuşlu,TUR,MF,26,1994,16,15,1317,14.6,0,1,1,0,0,0,4,0,0.9,0.9,0.7,1.5,5,54,5,0.0,0.07,0.07,0.0,0.07,0.06,0.05,0.1,0.06,0.1,standard
ENG-Premier League,2021,West Brom,Rekeem Harper,ENG,MF,20,2000,2,0,32,0.4,0,0,0,0,0,0,0,0,0.0,0.0,0.0,0.0,0,1,1,0.0,0.0,0.0,0.0,0.0,0.09,0.0,0.09,0.09,0.09,standard
ENG-Premier League,2021,West Brom,Robert Snodgrass,SCO,"MF,FW",32,1987,8,6,526,5.8,0,0,0,0,0,0,2,0,0.2,0.2,0.4,0.7,6,14,25,0.0,0.0,0.0,0.0,0.0,0.04,0.07,0.12,0.04,0.12,standard
ENG-Premier League,2021,West Brom,Romaine Sawyers,SKN,MF,28,1991,19,17,1487,16.5,0,0,0,0,0,0,2,0,0.1,0.1,0.6,0.7,11,67,9,0.0,0.0,0.0,0.0,0.0,0.01,0.03,0.04,0.01,0.04,standard
ENG-Premier League,2021,West Brom,Sam Field,ENG,MF,22,1998,3,0,62,0.7,0,0,0,0,0,0,0,0,0.0,0.0,0.0,0.0,0,2,0,0.0,0.0,0.0,0.0,0.0,0.0,0.0,0.0,0.0,0.0,standard
ENG-Premier League,2021,West Brom,Sam Johnstone,ENG,GK,27,1993,37,37,3330,37.0,0,1,1,0,0,0,1,0,0.0,0.0,0.2,0.2,0,0,0,0.0,0.03,0.03,0.0,0.03,0.0,0.01,0.01,0.0,0.01,standard
ENG-Premier League,2021,West Brom,Semi Ajayi,NGA,DF,26,1993,33,31,2780,30.9,2,0,2,2,0,0,3,1,1.9,1.9,0.5,2.4,13,73,7,0.06,0.0,0.06,0.06,0.06,0.06,0.02,0.08,0.06,0.08,standard
ENG-Premier League,2021,West Ham,Aaron Cresswell,ENG,DF,30,1989,36,36,3170,35.2,0,8,8,0,0,0,3,0,1.0,1.0,6.5,7.5,35,162,96,0.0,0.23,0.23,0.0,0.23,0.03,0.18,0.21,0.03,0.21,standard
ENG-Premier League,2021,West Ham,Andriy Yarmolenko,UKR,"FW,MF",30,1989,15,1,375,4.2,0,1,1,0,0,0,3,0,0.3,0.3,0.8,1.1,22,17,38,0.0,0.24,0.24,0.0,0.24,0.06,0.19,0.25,0.06,0.25,standard
ENG-Premier League,2021,West Ham,Angelo Ogbonna,ITA,DF,32,1988,28,28,2492,27.7,3,0,3,3,0,0,5,0,1.7,1.7,0.8,2.5,7,36,3,0.11,0.0,0.11,0.11,0.11,0.06,0.03,0.09,0.06,0.09,standard
ENG-Premier League,2021,West Ham,Arthur Masuaku,COD,"DF,MF",26,1993,12,12,1006,11.2,0,2,2,0,0,0,2,0,0.5,0.5,2.2,2.7,45,43,54,0.0,0.18,0.18,0.0,0.18,0.04,0.2,0.24,0.04,0.24,standard
ENG-Premier League,2021,West Ham,Ben Johnson,ENG,"DF,FW",20,2000,14,5,523,5.8,1,0,1,1,0,0,1,0,0.4,0.4,0.4,0.8,11,20,24,0.17,0.0,0.17,0.17,0.17,0.07,0.07,0.14,0.07,0.14,standard
ENG-Premier League,2021,West Ham,Craig Dawson,ENG,DF,30,1990,22,22,1925,21.4,3,0,3,3,0,0,5,1,1.9,1.9,0.1,1.9,2,39,1,0.14,0.0,0.14,0.14,0.14,0.09,0.0,0.09,0.09,0.09,standard
ENG-Premier League,2021,West Ham,Darren Randolph,IRL,GK,33,1987,3,3,270,3.0,0,0,0,0,0,0,0,0,0.0,0.0,0.0,0.0,0,0,0,0.0,0.0,0.0,0.0,0.0,0.0,0.0,0.0,0.0,0.0,standard
ENG-Premier League,2021,West Ham,Declan Rice,ENG,MF,21,1999,32,32,2879,32.0,2,1,3,1,1,2,2,0,3.2,1.6,1.8,3.4,74,169,37,0.06,0.03,0.09,0.03,0.06,0.1,0.06,0.16,0.05,0.11,standard
ENG-Premier League,2021,West Ham,Fabián Balbuena,PAR,DF,28,1991,14,13,1198,13.3,1,0,1,1,0,0,1,1,0.7,0.7,0.0,0.7,3,30,2,0.08,0.0,0.08,0.08,0.08,0.05,0.0,0.05,0.05,0.05,standard
ENG-Premier League,2021,West Ham,Felipe Anderson,BRA,"FW,MF",27,1993,2,0,3,0.0,0,0,0,0,0,0,0,0,0.0,0.0,0.0,0.0,2,1,0,0.0,0.0,0.0,0.0,0.0,0.0,0.0,0.0,0.0,0.0,standard
ENG-Premier League,2021,West Ham,Issa Diop,FRA,DF,23,1997,18,15,1381,15.3,2,0,2,2,0,0,3,0,0.5,0.5,0.0,0.5,4,30,1,0.13,0.0,0.13,0.13,0.13,0.03,0.0,0.03,0.03,0.03,standard
ENG-Premier League,2021,West Ham,Jarrod Bowen,ENG,"FW,MF",23,1996,38,30,2562,28.5,8,5,13,8,0,0,0,0,7.1,7.1,5.0,12.0,83,44,165,0.28,0.18,0.46,0.28,0.46,0.25,0.17,0.42,0.25,0.42,standard
ENG-Premier League,2021,West Ham,Jesse Lingard,ENG,"MF,FW",27,1992,16,16,1421,15.8,9,4,13,8,1,2,3,0,4.5,2.8,2.1,5.0,59,75,84,0.57,0.25,0.82,0.51,0.76,0.29,0.13,0.42,0.18,0.31,standard
ENG-Premier League,2021,West Ham,Manuel Lanzini,ARG,"MF,FW",27,1993,17,5,566,6.3,1,1,2,1,0,0,1,0,1.0,1.0,0.9,1.8,7,28,20,0.16,0.16,0.32,0.16,0.32,0.15,0.14,0.29,0.15,0.29,standard
ENG-Premier League,2021,West Ham,Mark Noble,ENG,MF,33,1987,21,8,712,7.9,0,0,0,0,0,0,1,0,0.0,0.0,0.3,0.3,11,25,13,0.0,0.0,0.0,0.0,0.0,0.01,0.03,0.04,0.01,0.04,standard
ENG-Premier League,2021,West Ham,Michail Antonio,JAM,FW,30,1990,26,24,1974,21.9,10,5,15,10,0,0,3,0,12.9,12.9,3.0,16.0,59,36,177,0.46,0.23,0.68,0.46,0.68,0.59,0.14,0.73,0.59,0.73,standard
ENG-Premier League,2021,West Ham,Pablo Fornals,ESP,"FW,MF",24,1996,33,31,2572,28.6,5,4,9,5,0,0,3,0,6.0,6.0,2.3,8.4,59,134,142,0.17,0.14,0.31,0.17,0.31,0.21,0.08,0.29,0.21,0.29,standard
ENG-Premier League,2021,West Ham,Robert Snodgrass,SCO,"FW,MF",32,1987,3,0,5,0.1,0,0,0,0,0,0,0,0,0.0,0.0,0.0,0.0,0,1,2,0.0,0.0,0.0,0.0,0.0,0.0,0.0,0.0,0.0,0.0,standard
ENG-Premier League,2021,West Ham,Ryan Fredericks,ENG,"DF,FW",27,1992,14,6,569,6.3,1,1,2,1,0,0,2,0,0.3,0.3,1.2,1.5,11,20,39,0.16,0.16,0.32,0.16,0.32,0.04,0.19,0.24,0.04,0.24,standard
ENG-Premier League,2021,West Ham,Saïd Benrahma,ALG,"FW,MF",24,1995,30,14,1391,15.5,1,6,7,1,0,0,0,0,2.6,2.6,4.1,6.7,63,60,107,0.06,0.39,0.45,0.06,0.45,0.17,0.26,0.43,0.17,0.43,standard
ENG-Premier League,2021,West Ham,Sébastien Haller,CIV,FW,26,1994,16,10,937,10.4,3,0,3,3,0,0,0,0,2.9,2.9,1.4,4.3,4,19,52,0.29,0.0,0.29,0.29,0.29,0.28,0.14,0.41,0.28,0.41,standard
ENG-Premier League,2021,West Ham,Tomáš Souček,CZE,MF,25,1995,38,38,3419,38.0,10,1,11,10,0,0,7,1,8.4,8.4,2.0,10.4,27,165,47,0.26,0.03,0.29,0.26,0.29,0.22,0.05,0.27,0.22,0.27,standard
ENG-Premier League,2021,West Ham,Vladimír Coufal,CZE,DF,27,1992,34,34,3054,33.9,0,7,7,0,0,0,3,0,1.3,1.3,5.5,6.7,70,128,159,0.0,0.21,0.21,0.0,0.21,0.04,0.16,0.2,0.04,0.2,standard
ENG-Premier League,2021,West Ham,Łukasz Fabiański,POL,GK,35,1985,35,35,3150,35.0,0,0,0,0,0,0,2,0,0.0,0.0,0.0,0.0,0,0,0,0.0,0.0,0.0,0.0,0.0,0.0,0.0,0.0,0.0,0.0,standard
ENG-Premier League,2021,Wolves,Adama Traoré,ESP,"FW,MF",24,1996,37,28,2649,29.4,2,2,4,2,0,0,4,0,2.0,2.0,4.8,6.9,219,70,220,0.07,0.07,0.14,0.07,0.14,0.07,0.16,0.23,0.07,0.23,standard
ENG-Premier League,2021,Wolves,Conor Coady,ENG,DF,27,1993,37,37,3303,36.7,1,0,1,1,0,0,5,0,1.0,1.0,0.2,1.2,4,67,2,0.03,0.0,0.03,0.03,0.03,0.03,0.0,0.03,0.03,0.03,standard
ENG-Premier League,2021,Wolves,Daniel Podence,POR,"MF,FW",24,1995,24,22,1661,18.5,3,2,5,3,0,0,3,0,2.5,2.5,1.7,4.2,47,72,117,0.16,0.11,0.27,0.16,0.27,0.13,0.09,0.23,0.13,0.23,standard
ENG-Premier League,2021,Wolves,Fernando Marçal,BRA,"DF,MF",31,1989,13,7,623,6.9,0,0,0,0,0,0,2,0,0.1,0.1,0.1,0.2,8,23,14,0.0,0.0,0.0,0.0,0.0,0.01,0.02,0.03,0.01,0.03,standard
ENG-Premier League,2021,Wolves,Fábio Silva,POR,FW,18,2002,32,11,1369,15.2,4,3,7,3,1,1,2,0,5.3,4.5,1.0,5.5,14,17,74,0.26,0.2,0.46,0.2,0.39,0.35,0.07,0.41,0.29,0.36,standard
ENG-Premier League,2021,Wolves,John Ruddy,ENG,GK,33,1986,2,1,91,1.0,0,0,0,0,0,0,0,0,0.0,0.0,0.0,0.0,0,0,0,0.0,0.0,0.0,0.0,0.0,0.0,0.0,0.0,0.0,0.0,standard
ENG-Premier League,2021,Wolves,Jonny Castro,ESP,"MF,DF",26,1994,7,7,495,5.5,0,0,0,0,0,0,0,0,0.1,0.1,0.1,0.1,13,16,18,0.0,0.0,0.0,0.0,0.0,0.01,0.01,0.02,0.01,0.02,standard
ENG-Premier League,2021,Wolves,João Moutinho,POR,MF,33,1986,33,28,2528,28.1,1,1,2,1,0,0,5,1,0.6,0.6,2.4,3.1,32,169,37,0.04,0.04,0.07,0.04,0.07,0.02,0.09,0.11,0.02,0.11,standard
ENG-Premier League,2021,Wolves,Ki-Jana Hoever,NED,"DF,MF",18,2002,12,5,577,6.4,0,0,0,0,0,0,1,0,0.0,0.0,0.2,0.2,17,19,38,0.0,0.0,0.0,0.0,0.0,0.01,0.03,0.04,0.01,0.04,standard
ENG-Premier League,2021,Wolves,Leander Dendoncker,BEL,"MF,DF",25,1995,33,28,2503,27.8,1,0,1,1,0,0,4,0,3.1,3.1,0.7,3.9,15,88,31,0.04,0.0,0.04,0.04,0.04,0.11,0.03,0.14,0.11,0.14,standard
ENG-Premier League,2021,Wolves,Max Kilman,ENG,DF,23,1997,18,14,1310,14.6,0,1,1,0,0,0,4,0,0.8,0.8,0.5,1.3,11,46,2,0.0,0.07,0.07,0.0,0.07,0.05,0.04,0.09,0.05,0.09,standard
ENG-Premier League,2021,Wolves,Morgan Gibbs-White,ENG,"MF,FW",20,2000,11,4,414,4.6,1,0,1,1,0,0,1,0,0.8,0.8,0.4,1.2,15,28,27,0.22,0.0,0.22,0.22,0.22,0.17,0.09,0.25,0.17,0.25,standard
ENG-Premier League,2021,Wolves,Nélson Semedo,POR,"DF,MF",26,1993,34,34,2983,33.1,1,1,2,1,0,0,5,0,1.3,1.3,1.3,2.6,111,138,155,0.03,0.03,0.06,0.03,0.06,0.04,0.04,0.08,0.04,0.08,standard
ENG-Premier League,2021,Wolves,Oskar Buur,DEN,DF,22,1998,1,0,22,0.2,0,0,0,0,0,0,0,0,0.0,0.0,0.0,0.0,1,0,0,0.0,0.0,0.0,0.0,0.0,0.0,0.0,0.0,0.0,0.0,standard
ENG-Premier League,2021,Wolves,Owen Otasowie,USA,"MF,FW",19,2001,6,2,187,2.1,0,1,1,0,0,0,1,0,0.5,0.5,0.1,0.6,3,3,7,0.0,0.48,0.48,0.0,0.48,0.24,0.06,0.3,0.24,0.3,standard
ENG-Premier League,2021,Wolves,Patrick Cutrone,ITA,FW,22,1998,2,0,25,0.3,0,0,0,0,0,0,0,0,0.1,0.1,0.0,0.1,0,0,3,0.0,0.0,0.0,0.0,0.0,0.3,0.0,0.3,0.3,0.3,standard
ENG-Premier League,2021,Wolves,Pedro Neto,POR,"FW,MF",20,2000,31,30,2550,28.3,5,6,11,5,0,0,4,0,5.1,5.1,5.4,10.6,154,54,255,0.18,0.21,0.39,0.18,0.39,0.18,0.19,0.37,0.18,0.37,standard
ENG-Premier League,2021,Wolves,Rayan Aït-Nouri,ALG,DF,19,2001,21,16,1404,15.6,1,1,2,1,0,0,1,0,0.6,0.6,0.6,1.2,47,54,85,0.06,0.06,0.13,0.06,0.13,0.04,0.04,0.08,0.04,0.08,standard
ENG-Premier League,2021,Wolves,Raúl Jiménez,MEX,FW,29,1991,10,10,823,9.1,4,0,4,4,0,0,0,0,2.4,2.4,0.3,2.7,23,26,46,0.44,0.0,0.44,0.44,0.44,0.27,0.03,0.29,0.27,0.29,standard
ENG-Premier League,2021,Wolves,Romain Saïss,MAR,DF,30,1990,27,27,2407,26.7,3,0,3,3,0,0,2,0,3.0,3.0,0.2,3.3,12,100,24,0.11,0.0,0.11,0.11,0.11,0.11,0.01,0.12,0.11,0.12,standard
ENG-Premier League,2021,Wolves,Rui Patrício,POR,GK,32,1988,37,37,3329,37.0,0,0,0,0,0,0,1,0,0.0,0.0,0.0,0.0,0,0,0,0.0,0.0,0.0,0.0,0.0,0.0,0.0,0.0,0.0,0.0,standard
ENG-Premier League,2021,Wolves,Rúben Neves,POR,MF,23,1997,36,31,2675,29.7,5,1,6,2,3,3,8,0,5.1,2.7,1.9,4.6,22,212,25,0.17,0.03,0.2,0.07,0.1,0.17,0.06,0.23,0.09,0.15,standard
ENG-Premier League,2021,Wolves,Rúben Vinagre,POR,"MF,DF",21,1999,2,1,173,1.9,0,0,0,0,0,0,0,0,0.0,0.0,0.1,0.1,4,2,11,0.0,0.0,0.0,0.0,0.0,0.0,0.03,0.03,0.0,0.03,standard
ENG-Premier League,2021,Wolves,Theo Corbeanu,CAN,FW,18,2002,1,0,9,0.1,0,0,0,0,0,0,0,0,0.0,0.0,0.0,0.0,0,0,1,0.0,0.0,0.0,0.0,0.0,0.0,0.42,0.42,0.0,0.42,standard
ENG-Premier League,2021,Wolves,Vitinha,POR,MF,20,2000,19,5,520,5.8,0,1,1,0,0,0,0,0,0.5,0.5,0.6,1.2,11,20,18,0.0,0.17,0.17,0.0,0.17,0.09,0.11,0.2,0.09,0.2,standard
ENG-Premier League,2021,Wolves,Willian José,BRA,FW,28,1991,17,12,1110,12.3,1,0,1,1,0,0,0,0,1.6,1.6,1.2,2.8,12,15,55,0.08,0.0,0.08,0.08,0.08,0.13,0.1,0.23,0.13,0.23,standard
ENG-Premier League,2021,Wolves,Willy Boly,CIV,DF,29,1991,21,21,1879,20.9,1,1,2,1,0,0,2,0,1.1,1.1,0.3,1.4,5,44,1,0.05,0.05,0.1,0.05,0.1,0.05,0.01,0.06,0.05,0.06,standard
