league,season,team,player,nation,pos,age,born,90s,Standard,Standard,Standard,Standard,Standard,Standard,Standard,Standard,Standard,Standard,Standard,Standard,Expected,Expected,Expected,Expected,Expected,stat_type
,,,,,,,,,Gls,Sh,SoT,SoT%,Sh/90,SoT/90,G/Sh,G/SoT,Dist,FK,PK,PKatt,xG,npxG,npxG/Sh,G-xG,np:G-xG,
FRA-Ligue 1,2024,Angers,Abdoulaye Bamba,CIV,DF,34-351,1990,13.8,0,1,0,0.0,0.07,0.0,0.0,,7.2,0,0,0,0.1,0.1,0.09,-0.1,-0.1,shooting
FRA-Ligue 1,2024,Angers,Bamba Dieng,SEN,FW,25-019,2000,5.9,3,13,6,46.2,2.2,1.02,0.15,0.33,18.5,2,1,1,3.1,2.3,0.18,-0.1,-0.3,shooting
FRA-Ligue 1,2024,Angers,Carlens Arcus,HAI,DF,28-287,1996,18.8,0,3,0,0.0,0.16,0.0,0.0,,29.1,0,0,0,0.0,0.0,0.01,0.0,0.0,shooting
FRA-Ligue 1,2024,Angers,Cédric Hountondji,BEN,DF,31-082,1994,3.0,0,0,0,,0.0,0.0,,,,0,0,0,0.0,0.0,,0.0,0.0,shooting
FRA-Ligue 1,2024,Angers,Emmanuel Biumla,FRA,DF,19-338,2005,14.6,1,4,2,50.0,0.27,0.14,0.25,0.5,13.7,0,0,0,0.7,0.7,0.18,0.3,0.3,shooting
FRA-Ligue 1,2024,Angers,Esteban Lepaul,FRA,FW,24-358,2000,12.2,5,26,11,42.3,2.14,0.9,0.19,0.45,12.6,0,0,0,3.7,3.7,0.14,1.3,1.3,shooting
FRA-Ligue 1,2024,Angers,Farid El Melali,ALG,FW,27-341,1997,18.7,2,40,13,32.5,2.14,0.69,0.05,0.15,22.3,7,0,0,2.7,2.7,0.07,-0.7,-0.7,shooting
FRA-Ligue 1,2024,Angers,Florent Hanin,ALG,DF,35-066,1990,24.1,1,11,1,9.1,0.46,0.04,0.09,1.0,21.2,0,0,0,0.9,0.9,0.09,0.1,0.1,shooting
FRA-Ligue 1,2024,Angers,Haris Belkebla,ALG,MF,31-073,1994,19.9,0,3,0,0.0,0.15,0.0,0.0,,23.8,0,0,0,0.1,0.1,0.03,-0.1,-0.1,shooting
FRA-Ligue 1,2024,Angers,Himad Abdelli,ALG,"MF,FW",25-145,1999,25.7,6,24,6,25.0,0.93,0.23,0.13,0.5,24.1,0,3,4,5.6,2.5,0.1,0.4,0.5,shooting
FRA-Ligue 1,2024,Angers,Ibrahima Niane,SEN,FW,26-031,1999,10.0,3,29,10,34.5,2.91,1.0,0.07,0.2,14.6,0,1,1,5.7,4.9,0.17,-2.7,-2.9,shooting
FRA-Ligue 1,2024,Angers,Jacques Ekomie,GAB,DF,21-235,2003,4.6,0,1,0,0.0,0.22,0.0,0.0,,15.3,0,0,0,0.0,0.0,0.02,0.0,0.0,shooting
FRA-Ligue 1,2024,Angers,Jean-Eudes Aholou,CIV,MF,31-022,1994,21.0,2,26,7,26.9,1.24,0.33,0.08,0.29,18.5,0,0,0,1.8,1.8,0.07,0.2,0.2,shooting
FRA-Ligue 1,2024,Angers,Jim Allevinah,GAB,FW,30-043,1995,16.8,0,32,7,21.9,1.9,0.42,0.0,0.0,14.4,0,0,0,3.7,3.7,0.12,-3.7,-3.7,shooting
FRA-Ligue 1,2024,Angers,Jordan Lefort,FRA,DF,31-245,1993,28.0,0,5,0,0.0,0.18,0.0,0.0,,15.6,1,0,0,0.3,0.3,0.05,-0.3,-0.3,shooting
FRA-Ligue 1,2024,Angers,Justin-Noël Kalumba,FRA,"FW,MF",20-107,2004,0.3,0,1,0,0.0,2.9,0.0,0.0,,25.6,0,0,0,0.0,0.0,0.02,0.0,0.0,shooting
FRA-Ligue 1,2024,Angers,Lilian Raolisoa,FRA,"DF,FW",24-299,2000,10.0,0,9,1,11.1,0.9,0.1,0.0,0.0,24.3,0,0,0,0.4,0.4,0.05,-0.4,-0.4,shooting
FRA-Ligue 1,2024,Angers,Lois Diony,FRA,FW,32-112,1992,0.2,0,0,0,,0.0,0.0,,,,0,0,0,0.0,0.0,,0.0,0.0,shooting
FRA-Ligue 1,2024,Angers,Marius Courcoul,FRA,"DF,MF",18-100,2007,0.5,0,0,0,,0.0,0.0,,,,0,0,0,0.0,0.0,,0.0,0.0,shooting
FRA-Ligue 1,2024,Angers,Pierrick Capelle,FRA,MF,37-361,1987,5.4,0,6,0,0.0,1.12,0.0,0.0,,22.5,0,0,0,0.2,0.2,0.04,-0.2,-0.2,shooting
FRA-Ligue 1,2024,Angers,Sidiki Cherif,FRA,FW,18-117,2006,3.6,0,5,2,40.0,1.39,0.56,0.0,0.0,23.4,0,0,0,0.7,0.7,0.15,-0.7,-0.7,shooting
FRA-Ligue 1,2024,Angers,Yahia Fofana,CIV,GK,24-233,2000,28.0,0,0,0,,0.0,0.0,,,,0,0,0,0.0,0.0,,0.0,0.0,shooting
FRA-Ligue 1,2024,Angers,Yassin Belkhdim,FRA,MF,23-056,2002,12.1,0,6,3,50.0,0.49,0.25,0.0,0.0,18.7,0,0,0,0.5,0.5,0.08,-0.5,-0.5,shooting
FRA-Ligue 1,2024,Angers,Zinedine Ferhat,ALG,"FW,MF",32-041,1993,7.9,2,12,5,41.7,1.51,0.63,0.17,0.4,20.4,2,0,0,1.4,1.4,0.11,0.6,0.6,shooting
FRA-Ligue 1,2024,Angers,Zinédine Ould Khaled,FRA,MF,25-087,2000,1.1,0,0,0,,0.0,0.0,,,,0,0,0,0.0,0.0,,0.0,0.0,shooting
FRA-Ligue 1,2024,Auxerre,Ado Onaiwu,JPN,"MF,FW",29-154,1995,7.9,2,19,10,52.6,2.39,1.26,0.11,0.2,12.8,0,0,0,3.4,3.4,0.18,-1.4,-1.4,shooting
FRA-Ligue 1,2024,Auxerre,Aristide Zossou,CIV,MF,19-301,2005,0.2,0,0,0,,0.0,0.0,,,,0,0,0,0.0,0.0,,0.0,0.0,shooting
FRA-Ligue 1,2024,Auxerre,Assane Dioussé,SEN,MF,27-203,1997,3.4,0,3,2,66.7,0.89,0.59,0.0,0.0,27.7,0,0,0,0.1,0.1,0.02,-0.1,-0.1,shooting
FRA-Ligue 1,2024,Auxerre,Ben Viadere,FRA,MF,19-221,2005,0.1,0,0,0,,0.0,0.0,,,,0,0,0,0.0,0.0,,0.0,0.0,shooting
FRA-Ligue 1,2024,Auxerre,Clément Akpa,CIV,DF,23-138,2001,22.4,0,5,1,20.0,0.22,0.04,0.0,0.0,16.7,0,0,0,0.2,0.2,0.03,-0.2,-0.2,shooting
FRA-Ligue 1,2024,Auxerre,Donovan Léon,GUF,GK,32-159,1992,26.0,0,0,0,,0.0,0.0,,,,0,0,0,0.0,0.0,,0.0,0.0,shooting
FRA-Ligue 1,2024,Auxerre,Elisha Owusu,GHA,MF,27-155,1997,24.3,1,6,3,50.0,0.25,0.12,0.17,0.33,24.9,0,0,0,0.3,0.3,0.05,0.7,0.7,shooting
FRA-Ligue 1,2024,Auxerre,Eros Maddy,NED,DF,24-065,2001,0.1,0,0,0,,0.0,0.0,,,,0,0,0,0.0,0.0,,0.0,0.0,shooting
FRA-Ligue 1,2024,Auxerre,Florian Ayé,FRA,"FW,MF",28-082,1997,5.2,2,9,3,33.3,1.75,0.58,0.22,0.67,14.0,0,0,0,1.7,1.7,0.19,0.3,0.3,shooting
FRA-Ligue 1,2024,Auxerre,Fredrik Oppegard,NOR,DF,22-247,2002,1.7,0,3,1,33.3,1.75,0.58,0.0,0.0,20.7,0,0,0,0.1,0.1,0.04,-0.1,-0.1,shooting
FRA-Ligue 1,2024,Auxerre,Gabriel Osho,NGA,DF,26-240,1998,17.4,1,7,3,42.9,0.4,0.17,0.14,0.33,10.1,0,0,0,1.0,1.0,0.14,0.0,0.0,shooting
FRA-Ligue 1,2024,Auxerre,Gaëtan Perrin,FRA,"MF,FW",28-308,1996,24.0,8,48,23,47.9,2.0,0.96,0.17,0.35,19.3,4,0,0,4.6,4.6,0.1,3.4,3.4,shooting
FRA-Ligue 1,2024,Auxerre,Gideon Mensah,GHA,DF,26-267,1998,20.6,0,4,1,25.0,0.19,0.05,0.0,0.0,21.9,0,0,0,0.2,0.2,0.04,-0.2,-0.2,shooting
FRA-Ligue 1,2024,Auxerre,Hamed Junior Traorè,CIV,MF,25-054,2000,21.7,10,65,26,40.0,3.0,1.2,0.15,0.38,19.2,2,0,0,7.7,7.7,0.12,2.3,2.3,shooting
FRA-Ligue 1,2024,Auxerre,Han-Noah Massengo,FRA,MF,23-278,2001,6.9,0,5,2,40.0,0.73,0.29,0.0,0.0,17.0,0,0,0,0.3,0.3,0.07,-0.3,-0.3,shooting
FRA-Ligue 1,2024,Auxerre,Jubal,BRA,DF,31-225,1993,24.4,6,25,7,28.0,1.02,0.29,0.12,0.43,17.0,2,3,4,5.2,2.0,0.08,0.8,1.0,shooting
FRA-Ligue 1,2024,Auxerre,Ki-Jana Hoever,NED,DF,23-083,2002,19.8,0,8,4,50.0,0.4,0.2,0.0,0.0,20.4,0,0,0,0.3,0.3,0.03,-0.3,-0.3,shooting
FRA-Ligue 1,2024,Auxerre,Kévin Danois,FRA,MF,20-287,2004,15.3,0,15,3,20.0,0.98,0.2,0.0,0.0,16.9,0,0,0,1.4,1.4,0.09,-1.4,-1.4,shooting
FRA-Ligue 1,2024,Auxerre,Lassine Sinayoko,MLI,"FW,MF",25-124,1999,19.8,2,45,11,24.4,2.27,0.55,0.02,0.09,16.2,0,1,1,5.3,4.5,0.1,-3.3,-3.5,shooting
FRA-Ligue 1,2024,Auxerre,Lasso Coulibaly,GHA,"FW,MF",22-174,2002,0.4,1,2,1,50.0,4.74,2.37,0.5,1.0,11.8,0,0,0,0.2,0.2,0.11,0.8,0.8,shooting
FRA-Ligue 1,2024,Auxerre,Loïc N'Gatta,FRA,DF,21-121,2003,0.1,0,0,0,,0.0,0.0,,,,0,0,0,0.0,0.0,,0.0,0.0,shooting
FRA-Ligue 1,2024,Auxerre,Paul Joly,FRA,DF,24-308,2000,8.8,0,8,4,50.0,0.9,0.45,0.0,0.0,17.7,0,0,0,0.4,0.4,0.05,-0.4,-0.4,shooting
FRA-Ligue 1,2024,Auxerre,Rayan Raveloson,MAD,"MF,DF",28-085,1997,8.0,1,16,5,31.3,1.99,0.62,0.06,0.2,21.6,1,0,0,0.8,0.8,0.05,0.2,0.2,shooting
FRA-Ligue 1,2024,Auxerre,Rudy Matondo,FRA,MF,17-029,2008,0.0,0,0,0,,0.0,0.0,,,,0,0,0,0.0,0.0,,0.0,0.0,shooting
FRA-Ligue 1,2024,Auxerre,Sinaly Diomande,CIV,DF,24-002,2001,15.6,3,9,4,44.4,0.58,0.26,0.33,0.75,15.0,0,0,0,1.1,1.1,0.13,1.9,1.9,shooting
FRA-Ligue 1,2024,Auxerre,Theo Bair,CAN,FW,25-227,1999,9.2,2,21,12,57.1,2.29,1.31,0.1,0.17,11.9,0,0,0,2.7,2.7,0.13,-0.7,-0.7,shooting
FRA-Ligue 1,2024,Auxerre,Théo De Percin,MTQ,GK,24-068,2001,2.0,0,0,0,,0.0,0.0,,,,0,0,0,0.0,0.0,,0.0,0.0,shooting
FRA-Ligue 1,2024,Auxerre,Théo Pellenard,FRA,DF,31-038,1994,0.5,0,0,0,,0.0,0.0,,,,0,0,0,0.0,0.0,,0.0,0.0,shooting
FRA-Ligue 1,2024,Auxerre,Yoann Cissé,FRA,MF,20-119,2004,0.0,0,0,0,,0.0,0.0,,,,0,0,0,0.0,0.0,,0.0,0.0,shooting
FRA-Ligue 1,2024,Brest,Abdallah Sima,SEN,"FW,MF",23-298,2001,10.8,5,30,13,43.3,2.77,1.2,0.17,0.38,13.8,0,0,0,4.5,4.5,0.15,0.5,0.5,shooting
FRA-Ligue 1,2024,Brest,Abdoulaye Niakhate Ndiaye,SEN,DF,23-001,2002,14.5,1,8,2,25.0,0.55,0.14,0.13,0.5,8.7,0,0,0,0.8,0.8,0.1,0.2,0.2,shooting
FRA-Ligue 1,2024,Brest,Axel Camblan,FRA,"MF,FW",21-224,2003,0.3,0,1,0,0.0,3.46,0.0,0.0,,16.0,0,0,0,0.0,0.0,0.05,0.0,0.0,shooting
FRA-Ligue 1,2024,Brest,Brendan Chardonnet,FRA,DF,30-110,1994,22.8,1,11,1,9.1,0.48,0.04,0.09,1.0,13.6,0,0,0,0.6,0.6,0.06,0.4,0.4,shooting
FRA-Ligue 1,2024,Brest,Edimilson Fernandes,SUI,MF,28-361,1996,9.3,0,9,2,22.2,0.97,0.22,0.0,0.0,23.4,0,0,0,0.4,0.4,0.04,-0.4,-0.4,shooting
FRA-Ligue 1,2024,Brest,Grégoire Coudert,FRA,GK,26-008,1999,1.0,0,0,0,,0.0,0.0,,,,0,0,0,0.0,0.0,,0.0,0.0,shooting
FRA-Ligue 1,2024,Brest,Hamidou Makalou,MLI,FW,18-270,2006,0.2,0,0,0,,0.0,0.0,,,,0,0,0,0.0,0.0,,0.0,0.0,shooting
FRA-Ligue 1,2024,Brest,Hianga Mananga Mbock,FRA,MF,25-104,1999,0.2,0,1,1,100.0,4.29,4.29,0.0,0.0,36.4,0,0,0,0.0,0.0,0.02,0.0,0.0,shooting
FRA-Ligue 1,2024,Brest,Hugo Magnetti,FRA,MF,26-316,1998,21.2,1,16,6,37.5,0.76,0.28,0.06,0.17,24.9,0,0,0,0.7,0.7,0.05,0.3,0.3,shooting
FRA-Ligue 1,2024,Brest,Ibrahim Salah,MAR,FW,23-224,2001,4.0,1,13,4,30.8,3.27,1.01,0.08,0.25,19.7,0,0,0,0.6,0.6,0.04,0.4,0.4,shooting
FRA-Ligue 1,2024,Brest,Jonas Martin,FRA,MF,35-002,1990,5.1,1,3,1,33.3,0.59,0.2,0.33,1.0,8.7,0,0,0,0.4,0.4,0.14,0.6,0.6,shooting
FRA-Ligue 1,2024,Brest,Jordan Amavi,FRA,DF,31-033,1994,8.8,0,8,3,37.5,0.91,0.34,0.0,0.0,25.0,1,0,0,0.3,0.3,0.03,-0.3,-0.3,shooting
FRA-Ligue 1,2024,Brest,Julien Le Cardinal,FRA,DF,27-251,1997,13.8,0,10,3,30.0,0.72,0.22,0.0,0.0,11.6,0,0,0,0.4,0.4,0.04,-0.4,-0.4,shooting
FRA-Ligue 1,2024,Brest,Justin Bourgault,FRA,DF,19-209,2005,1.4,1,2,1,50.0,1.48,0.74,0.5,1.0,26.2,0,0,0,0.1,0.1,0.04,0.9,0.9,shooting
FRA-Ligue 1,2024,Brest,Jérémy Le Douaron,FRA,FW,26-355,1998,1.1,0,2,1,50.0,1.76,0.88,0.0,0.0,11.3,0,0,0,0.2,0.2,0.08,-0.2,-0.2,shooting
FRA-Ligue 1,2024,Brest,Kamory Doumbia,MLI,MF,22-052,2003,11.6,2,19,9,47.4,1.63,0.77,0.11,0.22,17.4,1,0,0,2.3,2.3,0.13,-0.3,-0.3,shooting
FRA-Ligue 1,2024,Brest,Kenny Lala,MAD,DF,33-190,1991,24.8,3,8,4,50.0,0.32,0.16,0.0,0.0,27.0,2,3,3,3.0,0.6,0.08,0.0,-0.6,shooting
FRA-Ligue 1,2024,Brest,Luc Zogbé,CIV,DF,20-018,2005,7.1,0,8,1,12.5,1.13,0.14,0.0,0.0,23.2,0,0,0,0.3,0.3,0.03,-0.3,-0.3,shooting
FRA-Ligue 1,2024,Brest,Ludovic Ajorque,FRA,FW,31-045,1994,22.5,10,40,19,47.5,1.78,0.85,0.25,0.53,11.9,0,0,1,8.4,7.6,0.19,1.6,2.4,shooting
FRA-Ligue 1,2024,Brest,Mahdi Camara,FRA,"MF,FW",26-285,1998,23.9,5,40,15,37.5,1.68,0.63,0.13,0.33,16.0,0,0,0,3.2,3.2,0.08,1.8,1.8,shooting
FRA-Ligue 1,2024,Brest,Mama Samba Baldé,GNB,FW,29-156,1995,11.8,2,26,8,30.8,2.2,0.68,0.08,0.25,16.6,0,0,0,2.6,2.6,0.1,-0.6,-0.6,shooting
FRA-Ligue 1,2024,Brest,Marco Bizot,NED,GK,34-032,1991,27.0,0,0,0,,0.0,0.0,,,,0,0,0,0.0,0.0,,0.0,0.0,shooting
FRA-Ligue 1,2024,Brest,Massadio Haïdara,MLI,DF,32-130,1992,13.7,0,7,0,0.0,0.51,0.0,0.0,,19.9,0,0,0,0.2,0.2,0.03,-0.2,-0.2,shooting
FRA-Ligue 1,2024,Brest,Mathias Pereira Lage,POR,"FW,MF",28-132,1996,12.2,2,24,11,45.8,1.97,0.9,0.08,0.18,17.8,2,0,0,2.3,2.3,0.1,-0.3,-0.3,shooting
FRA-Ligue 1,2024,Brest,Pierre Lees-Melou,FRA,MF,31-321,1993,12.1,1,17,6,35.3,1.41,0.5,0.06,0.17,22.7,0,0,0,0.9,0.9,0.05,0.1,0.1,shooting
FRA-Ligue 1,2024,Brest,Romain Del Castillo,FRA,FW,29-013,1996,11.8,5,14,7,50.0,1.19,0.6,0.14,0.29,20.1,0,3,4,4.6,1.4,0.1,0.4,0.6,shooting
FRA-Ligue 1,2024,Brest,Romain Faivre,FRA,"MF,FW",26-271,1998,9.9,3,17,9,52.9,1.71,0.91,0.12,0.22,17.0,0,1,1,2.5,1.7,0.11,0.5,0.3,shooting
FRA-Ligue 1,2024,Brest,Soumaïla Coulibaly,FRA,DF,21-179,2003,4.9,0,4,0,0.0,0.82,0.0,0.0,,12.1,0,0,0,0.2,0.2,0.04,-0.2,-0.2,shooting
FRA-Ligue 1,2024,Brest,Sérigné Diop,SEN,FW,19-334,2005,0.0,0,0,0,,0.0,0.0,,,,0,0,0,0.0,0.0,,0.0,0.0,shooting
FRA-Ligue 1,2024,Le Havre,Abdoulaye Touré,GUI,MF,31-039,1994,19.8,8,32,5,15.6,1.61,0.25,0.06,0.4,24.8,0,6,7,7.6,1.9,0.06,0.4,0.1,shooting
FRA-Ligue 1,2024,Le Havre,Alois Confais,FRA,MF,28-216,1996,0.0,0,0,0,,0.0,0.0,,,,0,0,0,0.0,0.0,,0.0,0.0,shooting
FRA-Ligue 1,2024,Le Havre,André Ayew,GHA,FW,35-115,1989,12.7,4,17,7,41.2,1.34,0.55,0.24,0.57,11.1,2,0,0,3.9,3.9,0.24,0.1,0.1,shooting
FRA-Ligue 1,2024,Le Havre,Antoine Joujou,FRA,"MF,FW",22-030,2003,10.3,0,11,2,18.2,1.07,0.19,0.0,0.0,18.4,0,0,0,0.6,0.6,0.06,-0.6,-0.6,shooting
FRA-Ligue 1,2024,Le Havre,Arouna Sangante,SEN,DF,22-364,2002,10.4,2,6,3,50.0,0.58,0.29,0.33,0.67,10.0,0,0,0,0.5,0.5,0.08,1.5,1.5,shooting
FRA-Ligue 1,2024,Le Havre,Arthur Desmas,FRA,GK,31-004,1994,18.0,0,0,0,,0.0,0.0,,,,0,0,0,0.0,0.0,,0.0,0.0,shooting
FRA-Ligue 1,2024,Le Havre,Christopher Operi,CIV,"DF,FW",27-347,1997,13.0,0,7,1,14.3,0.54,0.08,0.0,0.0,22.0,2,0,0,0.3,0.3,0.04,-0.3,-0.3,shooting
FRA-Ligue 1,2024,Le Havre,Daler Kuzyaev,RUS,MF,32-086,1993,6.3,1,4,3,75.0,0.63,0.48,0.25,0.33,22.3,0,0,0,0.2,0.2,0.05,0.8,0.8,shooting
FRA-Ligue 1,2024,Le Havre,Elysée Logbo,FRA,FW,20-340,2004,0.3,0,1,0,0.0,3.33,0.0,0.0,,3.7,0,0,0,0.2,0.2,0.18,-0.2,-0.2,shooting
FRA-Ligue 1,2024,Le Havre,Emmanuel Sabbi,USA,"FW,MF",27-108,1997,7.3,0,15,4,26.7,2.07,0.55,0.0,0.0,12.5,0,0,0,1.9,1.9,0.13,-1.9,-1.9,shooting
FRA-Ligue 1,2024,Le Havre,Etienne Youte Kinkoue,FRA,DF,23-087,2002,20.9,0,12,1,8.3,0.57,0.05,0.0,0.0,17.3,2,0,0,1.1,1.1,0.1,-1.1,-1.1,shooting
FRA-Ligue 1,2024,Le Havre,Fodé Ballo-Touré,SEN,DF,28-098,1997,2.3,0,0,0,,0.0,0.0,,,,0,0,0,0.0,0.0,,0.0,0.0,shooting
FRA-Ligue 1,2024,Le Havre,Gautier Lloris,FRA,DF,29-267,1995,27.0,2,11,2,18.2,0.41,0.07,0.18,1.0,12.8,0,0,0,1.2,1.2,0.11,0.8,0.8,shooting
FRA-Ligue 1,2024,Le Havre,Ilyes Housni,FRA,"FW,MF",19-332,2005,2.5,0,5,0,0.0,1.99,0.0,0.0,,13.2,0,0,0,0.2,0.2,0.05,-0.2,-0.2,shooting
FRA-Ligue 1,2024,Le Havre,Issa Soumaré,SEN,"MF,FW",24-183,2000,15.3,3,30,14,46.7,1.97,0.92,0.1,0.21,16.6,0,0,0,2.6,2.6,0.09,0.4,0.4,shooting
FRA-Ligue 1,2024,Le Havre,Josué Casimir,FRA,"FW,MF",23-199,2001,16.2,3,21,8,38.1,1.29,0.49,0.14,0.38,15.5,0,0,0,2.6,2.6,0.12,0.4,0.4,shooting
FRA-Ligue 1,2024,Le Havre,Junior Mwanga,FRA,MF,21-335,2003,5.6,0,8,0,0.0,1.43,0.0,0.0,,16.2,0,0,0,0.8,0.8,0.1,-0.8,-0.8,shooting
FRA-Ligue 1,2024,Le Havre,Kandet Diawara,GUI,FW,25-060,2000,0.0,0,0,0,,0.0,0.0,,,,0,0,0,0.0,0.0,,0.0,0.0,shooting
FRA-Ligue 1,2024,Le Havre,Koka,EGY,FW,32-037,1993,7.0,2,15,6,40.0,2.15,0.86,0.07,0.17,12.9,0,1,1,4.4,3.6,0.24,-2.4,-2.6,shooting
FRA-Ligue 1,2024,Le Havre,Loïc Nego,HUN,"DF,FW",34-086,1991,21.3,0,10,2,20.0,0.47,0.09,0.0,0.0,17.3,0,0,0,0.6,0.6,0.06,-0.6,-0.6,shooting
FRA-Ligue 1,2024,Le Havre,Mahamadou Diawara,FRA,MF,20-053,2005,5.2,0,6,1,16.7,1.14,0.19,0.0,0.0,19.7,0,0,0,0.4,0.4,0.06,-0.4,-0.4,shooting
FRA-Ligue 1,2024,Le Havre,Mathieu Gorgelin,FRA,GK,34-249,1990,10.0,0,0,0,,0.0,0.0,,,,0,0,0,0.0,0.0,,0.0,0.0,shooting
FRA-Ligue 1,2024,Le Havre,Mathéo Bodmer,FRA,MF,20-340,2004,0.1,0,0,0,,0.0,0.0,,,,0,0,0,0.0,0.0,,0.0,0.0,shooting
FRA-Ligue 1,2024,Le Havre,Oussama Targhalline,MAR,MF,22-326,2002,11.0,0,5,0,0.0,0.45,0.0,0.0,,24.7,0,0,0,0.1,0.1,0.03,-0.1,-0.1,shooting
FRA-Ligue 1,2024,Le Havre,Rassoul Ndiaye,SEN,MF,23-121,2001,11.4,1,16,4,25.0,1.4,0.35,0.06,0.25,18.1,0,0,0,1.6,1.6,0.1,-0.6,-0.6,shooting
FRA-Ligue 1,2024,Le Havre,Samuel Grandsir,FRA,"MF,FW",28-240,1996,0.9,0,0,0,,0.0,0.0,,,,0,0,0,0.0,0.0,,0.0,0.0,shooting
FRA-Ligue 1,2024,Le Havre,Steve Ngoura,FRA,FW,20-048,2005,3.2,0,10,2,20.0,3.11,0.62,0.0,0.0,11.9,0,0,0,1.3,1.3,0.13,-1.3,-1.3,shooting
FRA-Ligue 1,2024,Le Havre,Timothee Pembele,FRA,DF,22-214,2002,10.7,1,5,2,40.0,0.47,0.19,0.2,0.5,12.2,0,0,0,1.1,1.1,0.22,-0.1,-0.1,shooting
FRA-Ligue 1,2024,Le Havre,Yanis Zouaoui,ALG,"DF,FW",30-275,1994,10.3,0,5,2,40.0,0.49,0.19,0.0,0.0,28.6,2,0,0,0.1,0.1,0.03,-0.1,-0.1,shooting
FRA-Ligue 1,2024,Le Havre,Yassine Kechta,MAR,"MF,FW",23-045,2002,18.3,2,24,9,37.5,1.31,0.49,0.08,0.22,24.6,1,0,0,2.2,2.2,0.09,-0.2,-0.2,shooting
FRA-Ligue 1,2024,Le Havre,Yoann Salmier,GUF,DF,32-141,1992,8.9,0,5,2,40.0,0.56,0.23,0.0,0.0,9.8,0,0,0,0.8,0.8,0.17,-0.8,-0.8,shooting
FRA-Ligue 1,2024,Lens,Abdukodir Khusanov,UZB,DF,21-041,2004,10.8,0,6,4,66.7,0.55,0.37,0.0,0.0,24.6,2,0,0,0.2,0.2,0.04,-0.2,-0.2,shooting
FRA-Ligue 1,2024,Lens,Adrien Thomasson,FRA,MF,31-122,1993,23.2,2,30,6,20.0,1.29,0.26,0.07,0.33,14.4,0,0,0,4.0,4.0,0.13,-2.0,-2.0,shooting
FRA-Ligue 1,2024,Lens,Anass Zaroury,MAR,"FW,MF",24-155,2000,11.2,0,20,6,30.0,1.79,0.54,0.0,0.0,21.0,0,0,0,1.1,1.1,0.05,-1.1,-1.1,shooting
FRA-Ligue 1,2024,Lens,Andy Diouf,FRA,MF,21-329,2003,19.7,1,31,4,12.9,1.57,0.2,0.03,0.25,19.5,0,0,0,2.3,2.3,0.07,-1.3,-1.3,shooting
FRA-Ligue 1,2024,Lens,Angelo Fulgini,FRA,"MF,FW",28-234,1996,10.3,1,22,7,31.8,2.13,0.68,0.05,0.14,17.7,2,0,0,2.1,2.1,0.1,-1.1,-1.1,shooting
FRA-Ligue 1,2024,Lens,Brice Samba,FRA,GK,30-351,1994,15.0,0,0,0,,0.0,0.0,,,,0,0,0,0.0,0.0,,0.0,0.0,shooting
FRA-Ligue 1,2024,Lens,David Costa,POR,"MF,FW",24-096,2001,3.9,0,9,2,22.2,2.3,0.51,0.0,0.0,18.0,0,0,0,1.2,1.2,0.13,-1.2,-1.2,shooting
FRA-Ligue 1,2024,Lens,Deiver Machado,COL,"DF,MF",31-221,1993,17.1,1,19,4,21.1,1.11,0.23,0.05,0.25,18.8,1,0,0,2.0,2.0,0.11,-1.0,-1.0,shooting
FRA-Ligue 1,2024,Lens,Facundo Medina,ARG,DF,25-318,1999,23.3,0,24,3,12.5,1.03,0.13,0.0,0.0,19.0,0,0,0,1.6,1.6,0.07,-1.6,-1.6,shooting
FRA-Ligue 1,2024,Lens,Florian Sotoca,FRA,"FW,MF",34-168,1990,18.1,1,39,15,38.5,2.15,0.83,0.03,0.07,15.4,0,0,0,3.6,3.6,0.09,-2.6,-2.6,shooting
FRA-Ligue 1,2024,Lens,Gabin Capuano,FRA,FW,18-350,2006,0.1,0,0,0,,0.0,0.0,,,,0,0,0,0.0,0.0,,0.0,0.0,shooting
FRA-Ligue 1,2024,Lens,Goduine Koyalipou,CTA,FW,25-055,2000,4.8,2,19,5,26.3,3.93,1.03,0.11,0.4,15.7,0,0,0,1.5,1.5,0.08,0.5,0.5,shooting
FRA-Ligue 1,2024,Lens,Hamzat Ojediran,NGA,"MF,FW",21-148,2003,4.2,1,8,3,37.5,1.89,0.71,0.13,0.33,19.9,0,0,0,0.5,0.5,0.07,0.5,0.5,shooting
FRA-Ligue 1,2024,Lens,Hervé Koffi,BFA,GK,28-177,1996,5.0,0,0,0,,0.0,0.0,,,,0,0,0,0.0,0.0,,0.0,0.0,shooting
FRA-Ligue 1,2024,Lens,Jeremy Agbonifo,SWE,"FW,MF",19-169,2005,2.2,1,4,2,50.0,1.8,0.9,0.25,0.5,11.1,0,0,0,0.6,0.6,0.16,0.4,0.4,shooting
FRA-Ligue 1,2024,Lens,Jhoanner Chávez,ECU,"DF,MF",22-351,2002,6.6,1,5,3,60.0,0.76,0.45,0.2,0.33,16.4,0,0,0,0.3,0.3,0.06,0.7,0.7,shooting
FRA-Ligue 1,2024,Lens,Jonathan Gradit,FRA,DF,32-138,1992,17.5,0,13,4,30.8,0.74,0.23,0.0,0.0,17.6,0,0,0,0.6,0.6,0.05,-0.6,-0.6,shooting
FRA-Ligue 1,2024,Lens,Juma Bah,SLE,DF,19-000,2006,3.2,0,1,1,100.0,0.31,0.31,0.0,0.0,11.2,0,0,0,0.0,0.0,0.04,0.0,0.0,shooting
FRA-Ligue 1,2024,Lens,Kembo Diliwidi,FRA,DF,19-067,2006,0.0,0,0,0,,0.0,0.0,,,,0,0,0,0.0,0.0,,0.0,0.0,shooting
FRA-Ligue 1,2024,Lens,Kevin Danso,AUT,DF,26-204,1998,12.0,0,10,2,20.0,0.83,0.17,0.0,0.0,13.4,0,0,0,0.5,0.5,0.05,-0.5,-0.5,shooting
FRA-Ligue 1,2024,Lens,Kyllian Antonio,FRA,"DF,FW",17-097,2008,1.0,0,0,0,,0.0,0.0,,,,0,0,0,0.0,0.0,,0.0,0.0,shooting
FRA-Ligue 1,2024,Lens,M'Bala Nzola,ANG,FW,28-236,1996,16.1,6,47,18,38.3,2.93,1.12,0.13,0.33,12.1,0,0,0,8.6,8.6,0.19,-2.6,-2.6,shooting
FRA-Ligue 1,2024,Lens,Malang Sarr,FRA,DF,26-078,1999,13.3,0,4,0,0.0,0.3,0.0,0.0,,14.2,0,0,0,0.2,0.2,0.06,-0.2,-0.2,shooting
FRA-Ligue 1,2024,Lens,Martin Satriano,URU,"FW,DF",24-050,2001,0.5,0,3,0,0.0,6.59,0.0,0.0,,8.6,0,0,0,0.3,0.3,0.11,-0.3,-0.3,shooting
FRA-Ligue 1,2024,Lens,Mathew Ryan,AUS,GK,33-003,1992,8.0,0,0,0,,0.0,0.0,,,,0,0,0,0.0,0.0,,0.0,0.0,shooting
FRA-Ligue 1,2024,Lens,Nampalys Mendy,SEN,MF,32-292,1992,3.5,0,1,0,0.0,0.28,0.0,0.0,,27.2,0,0,0,0.0,0.0,0.03,0.0,0.0,shooting
FRA-Ligue 1,2024,Lens,Neil El Aynaoui,FRA,MF,23-283,2001,13.1,4,10,4,40.0,0.76,0.31,0.2,0.5,22.2,1,2,2,2.6,1.1,0.11,1.4,0.9,shooting
FRA-Ligue 1,2024,Lens,Przemysław Frankowski,POL,DF,29-364,1995,15.4,4,14,5,35.7,0.91,0.32,0.14,0.4,21.9,1,2,2,2.3,0.7,0.05,1.7,1.3,shooting
FRA-Ligue 1,2024,Lens,Rayan Fofana,FRA,"FW,MF",19-058,2006,0.3,0,0,0,,0.0,0.0,,,,0,0,0,0.0,0.0,,0.0,0.0,shooting
FRA-Ligue 1,2024,Lens,Ruben Aguilar,FRA,"DF,MF",31-350,1993,9.6,1,10,3,30.0,1.04,0.31,0.1,0.33,15.9,0,0,0,0.7,0.7,0.07,0.3,0.3,shooting
FRA-Ligue 1,2024,Lens,Rémy Labeau Lascary,GLP,"FW,MF",22-039,2003,7.1,2,14,5,35.7,1.98,0.71,0.14,0.4,13.2,0,0,0,2.5,2.5,0.18,-0.5,-0.5,shooting
FRA-Ligue 1,2024,Lens,Tom Pouilly,FRA,DF,21-297,2003,0.7,0,2,1,50.0,2.81,1.41,0.0,0.0,14.8,0,0,0,0.3,0.3,0.17,-0.3,-0.3,shooting
FRA-Ligue 1,2024,Lens,Wesley Saïd,FRA,FW,29-357,1995,9.4,2,15,5,33.3,1.6,0.53,0.13,0.4,11.4,0,0,0,3.0,3.0,0.2,-1.0,-1.0,shooting
FRA-Ligue 1,2024,Lille,Aaron Malouda,FRA,FW,19-132,2005,0.0,0,0,0,,0.0,0.0,,,,0,0,0,0.0,0.0,,0.0,0.0,shooting
FRA-Ligue 1,2024,Lille,Alexsandro Ribeiro,BRA,DF,25-245,1999,24.0,0,15,3,20.0,0.62,0.12,0.0,0.0,9.9,0,0,0,1.3,1.3,0.09,-1.3,-1.3,shooting
FRA-Ligue 1,2024,Lille,André Gomes,POR,MF,31-255,1993,11.4,0,10,3,30.0,0.87,0.26,0.0,0.0,24.2,1,0,0,0.5,0.5,0.05,-0.5,-0.5,shooting
FRA-Ligue 1,2024,Lille,Angel Gomes,ENG,MF,24-223,2000,8.2,1,8,2,25.0,0.98,0.24,0.13,0.5,21.8,2,0,1,1.7,0.9,0.11,-0.7,0.1,shooting
FRA-Ligue 1,2024,Lille,Ayyoub Bouaddi,FRA,MF,17-191,2007,11.5,0,1,1,100.0,0.09,0.09,0.0,0.0,12.6,0,0,0,0.0,0.0,0.04,0.0,0.0,shooting
FRA-Ligue 1,2024,Lille,Aïssa Mandi,ALG,DF,33-171,1991,16.1,0,6,2,33.3,0.37,0.12,0.0,0.0,9.0,0,0,0,0.3,0.3,0.06,-0.3,-0.3,shooting
FRA-Ligue 1,2024,Lille,Bafodé Diakité,FRA,DF,24-095,2001,27.0,4,14,7,50.0,0.52,0.26,0.29,0.57,8.4,0,0,0,2.1,2.1,0.15,1.9,1.9,shooting
FRA-Ligue 1,2024,Lille,Benjamin André,FRA,MF,34-251,1990,24.9,0,15,4,26.7,0.6,0.16,0.0,0.0,16.0,0,0,0,1.3,1.3,0.09,-1.3,-1.3,shooting
FRA-Ligue 1,2024,Lille,Chuba Akpom,ENG,FW,29-184,1995,3.8,2,11,7,63.6,2.91,1.85,0.18,0.29,12.6,0,0,1,2.6,1.8,0.17,-0.6,0.2,shooting
FRA-Ligue 1,2024,Lille,Edon Zhegrova,KVX,"FW,MF",26-011,1999,10.9,4,23,9,39.1,2.12,0.83,0.17,0.44,22.2,2,0,0,2.3,2.3,0.1,1.7,1.7,shooting
FRA-Ligue 1,2024,Lille,Ethan Mbappé,FRA,"MF,FW",18-103,2006,2.2,0,10,4,40.0,4.52,1.81,0.0,0.0,18.7,0,0,0,1.0,1.0,0.1,-1.0,-1.0,shooting
FRA-Ligue 1,2024,Lille,Gabriel Gudmundsson,SWE,DF,25-347,1999,18.5,2,17,5,29.4,0.92,0.27,0.12,0.4,18.9,0,0,0,0.7,0.7,0.04,1.3,1.3,shooting
FRA-Ligue 1,2024,Lille,Hákon Arnar Haraldsson,ISL,"MF,FW",22-001,2003,14.4,4,29,11,37.9,2.01,0.76,0.14,0.36,17.4,2,0,0,3.2,3.2,0.11,0.8,0.8,shooting
FRA-Ligue 1,2024,Lille,Ismaily,BRA,DF,35-090,1990,5.4,0,7,1,14.3,1.29,0.18,0.0,0.0,17.9,0,0,0,0.4,0.4,0.06,-0.4,-0.4,shooting
FRA-Ligue 1,2024,Lille,Jonathan David,CAN,FW,25-087,2000,22.9,14,50,22,44.0,2.18,0.96,0.16,0.36,15.6,0,6,7,14.1,8.6,0.17,-0.1,-0.6,shooting
FRA-Ligue 1,2024,Lille,Lucas Chevalier,FRA,GK,23-156,2001,28.0,0,0,0,,0.0,0.0,,,,0,0,0,0.0,0.0,,0.0,0.0,shooting
FRA-Ligue 1,2024,Lille,Matias Fernandez-Pardo,BEL,FW,20-067,2005,6.4,2,11,8,72.7,1.71,1.24,0.18,0.25,16.9,0,0,0,2.1,2.1,0.19,-0.1,-0.1,shooting
FRA-Ligue 1,2024,Lille,Mitchel Bakker,NED,"FW,DF",24-295,2000,11.2,2,21,9,42.9,1.87,0.8,0.1,0.22,18.2,3,0,0,2.9,2.9,0.14,-0.9,-0.9,shooting
FRA-Ligue 1,2024,Lille,Mohamed Lamine Bayo,GUI,FW,26-311,1998,3.4,2,10,4,40.0,2.91,1.17,0.2,0.5,12.2,0,0,0,2.2,2.2,0.22,-0.2,-0.2,shooting
FRA-Ligue 1,2024,Lille,Nabil Bentaleb,ALG,"MF,FW",30-138,1994,1.7,1,2,1,50.0,1.19,0.6,0.5,1.0,13.2,1,0,0,0.6,0.6,0.31,0.4,0.4,shooting
FRA-Ligue 1,2024,Lille,Ngal'Ayel Mukau,COD,MF,20-132,2004,12.1,0,11,2,18.2,0.91,0.16,0.0,0.0,22.3,0,0,0,0.8,0.8,0.07,-0.8,-0.8,shooting
FRA-Ligue 1,2024,Lille,Osame Sahraoui,MAR,"FW,MF",23-304,2001,12.9,3,22,7,31.8,1.7,0.54,0.14,0.43,15.8,0,0,0,2.8,2.8,0.13,0.2,0.2,shooting
FRA-Ligue 1,2024,Lille,Ousmane Toure,FRA,DF,20-052,2005,0.1,0,0,0,,0.0,0.0,,,,0,0,0,0.0,0.0,,0.0,0.0,shooting
FRA-Ligue 1,2024,Lille,Rémy Cabella,FRA,"FW,MF",35-034,1990,10.0,0,25,6,24.0,2.51,0.6,0.0,0.0,15.6,1,0,0,2.7,2.7,0.11,-2.7,-2.7,shooting
FRA-Ligue 1,2024,Lille,Thomas Meunier,BEL,DF,33-211,1991,16.3,1,24,8,33.3,1.47,0.49,0.04,0.13,16.0,0,0,0,1.6,1.6,0.07,-0.6,-0.6,shooting
FRA-Ligue 1,2024,Lille,Tiago Santos,POR,DF,22-262,2002,4.5,0,8,4,50.0,1.78,0.89,0.0,0.0,20.9,0,0,0,0.4,0.4,0.05,-0.4,-0.4,shooting
FRA-Ligue 1,2024,Lille,Younes Lachaab,FRA,"MF,FW",20-095,2005,0.1,0,1,0,0.0,10.0,0.0,0.0,,23.8,0,0,0,0.1,0.1,0.09,-0.1,-0.1,shooting
FRA-Ligue 1,2024,Lyon,Abner,BRA,DF,24-319,2000,10.0,1,6,3,50.0,0.6,0.3,0.17,0.33,19.9,0,0,0,0.2,0.2,0.03,0.8,0.8,shooting
FRA-Ligue 1,2024,Lyon,Adryelson,BRA,DF,27-019,1998,0.0,0,0,0,,0.0,0.0,,,,0,0,0,0.0,0.0,,0.0,0.0,shooting
FRA-Ligue 1,2024,Lyon,Ainsley Maitland-Niles,ENG,DF,27-225,1997,17.5,1,17,6,35.3,0.97,0.34,0.06,0.17,16.3,0,0,0,2.1,2.1,0.12,-1.1,-1.1,shooting
FRA-Ligue 1,2024,Lyon,Alexandre Lacazette,FRA,FW,33-318,1991,18.1,11,41,24,58.5,2.27,1.33,0.17,0.29,13.9,1,4,5,11.8,8.0,0.2,-0.8,-1.0,shooting
FRA-Ligue 1,2024,Lyon,Clinton Mata,ANG,DF,32-155,1992,24.1,0,4,0,0.0,0.17,0.0,0.0,,18.9,0,0,0,0.2,0.2,0.06,-0.2,-0.2,shooting
FRA-Ligue 1,2024,Lyon,Corentin Tolisso,FRA,MF,30-251,1994,22.7,6,47,17,36.2,2.07,0.75,0.13,0.35,16.3,0,0,0,5.0,5.0,0.11,1.0,1.0,shooting
FRA-Ligue 1,2024,Lyon,Duje Ćaleta-Car,CRO,DF,28-206,1996,13.9,1,7,1,14.3,0.51,0.07,0.14,1.0,10.4,0,0,0,1.7,1.7,0.25,-0.7,-0.7,shooting
FRA-Ligue 1,2024,Lyon,Ernest Nuamah,GHA,"FW,MF",21-161,2003,11.7,3,28,13,46.4,2.4,1.11,0.11,0.23,17.3,0,0,0,2.2,2.2,0.08,0.8,0.8,shooting
FRA-Ligue 1,2024,Lyon,Georges Mikautadze,GEO,FW,24-162,2000,12.6,8,40,18,45.0,3.16,1.42,0.15,0.33,13.9,0,2,3,7.9,5.5,0.14,0.1,0.5,shooting
FRA-Ligue 1,2024,Lyon,Gift Orban,NGA,"FW,DF",22-268,2002,2.1,2,4,3,75.0,1.94,1.45,0.5,0.67,8.7,0,0,0,1.2,1.2,0.3,0.8,0.8,shooting
FRA-Ligue 1,2024,Lyon,Jordan Veretout,FRA,MF,32-041,1993,14.7,2,15,8,53.3,1.02,0.54,0.13,0.25,17.8,0,0,0,1.7,1.7,0.11,0.3,0.3,shooting
FRA-Ligue 1,2024,Lyon,Lucas Perri,BRA,GK,27-122,1997,28.0,0,0,0,,0.0,0.0,,,,0,0,0,0.0,0.0,,0.0,0.0,shooting
FRA-Ligue 1,2024,Lyon,Mahamadou Diawara,FRA,MF,20-053,2005,0.2,0,0,0,,0.0,0.0,,,,0,0,0,0.0,0.0,,0.0,0.0,shooting
FRA-Ligue 1,2024,Lyon,Malick Fofana,BEL,FW,20-011,2005,13.4,4,26,13,50.0,1.94,0.97,0.15,0.31,13.9,0,0,0,3.6,3.6,0.14,0.4,0.4,shooting
FRA-Ligue 1,2024,Lyon,Mama Samba Baldé,GNB,FW,29-156,1995,0.4,0,1,0,0.0,2.73,0.0,0.0,,8.7,0,0,0,0.1,0.1,0.11,-0.1,-0.1,shooting
FRA-Ligue 1,2024,Lyon,Maxence Caqueret,FRA,MF,25-055,2000,6.4,0,7,1,14.3,1.1,0.16,0.0,0.0,21.8,0,0,0,0.7,0.7,0.09,-0.7,-0.7,shooting
FRA-Ligue 1,2024,Lyon,Moussa Niakhate,SEN,DF,29-034,1996,24.3,0,2,1,50.0,0.08,0.04,0.0,0.0,7.8,0,0,0,0.1,0.1,0.06,-0.1,-0.1,shooting
FRA-Ligue 1,2024,Lyon,Nemanja Matić,SRB,MF,36-253,1988,18.8,0,1,1,100.0,0.05,0.05,0.0,0.0,5.9,0,0,0,0.0,0.0,0.04,0.0,0.0,shooting
FRA-Ligue 1,2024,Lyon,Nicolás Tagliafico,ARG,DF,32-223,1992,17.1,3,22,7,31.8,1.28,0.41,0.14,0.43,13.4,0,0,0,2.6,2.6,0.12,0.4,0.4,shooting
FRA-Ligue 1,2024,Lyon,Orel Mangala,BEL,MF,27-024,1998,0.7,0,1,0,0.0,1.34,0.0,0.0,,21.5,0,0,0,0.1,0.1,0.05,-0.1,-0.1,shooting
FRA-Ligue 1,2024,Lyon,Paul Akouokou,CIV,MF,27-112,1997,0.0,0,0,0,,0.0,0.0,,,,0,0,0,0.0,0.0,,0.0,0.0,shooting
FRA-Ligue 1,2024,Lyon,Rayan Cherki,FRA,"FW,MF",21-237,2003,17.5,7,33,13,39.4,1.88,0.74,0.21,0.54,16.5,3,0,0,4.5,4.5,0.14,2.5,2.5,shooting
FRA-Ligue 1,2024,Lyon,Sael Kumbedi,FRA,DF,20-016,2005,8.8,0,2,2,100.0,0.23,0.23,0.0,0.0,10.4,0,0,0,0.3,0.3,0.13,-0.3,-0.3,shooting
FRA-Ligue 1,2024,Lyon,Saïd Benrahma,ALG,"FW,MF",29-244,1995,8.2,1,17,4,23.5,2.08,0.49,0.06,0.25,20.2,1,0,0,2.0,2.0,0.12,-1.0,-1.0,shooting
FRA-Ligue 1,2024,Lyon,Tanner Tessmann,USA,MF,23-199,2001,10.6,0,11,6,54.5,1.04,0.57,0.0,0.0,23.3,0,0,0,0.4,0.4,0.04,-0.4,-0.4,shooting
FRA-Ligue 1,2024,Lyon,Thiago Almada,ARG,"MF,FW",23-350,2001,5.3,1,14,4,28.6,2.65,0.76,0.07,0.25,21.1,0,0,0,1.6,1.6,0.11,-0.6,-0.6,shooting
FRA-Ligue 1,2024,Lyon,Warmed Omari,COM,DF,24-353,2000,0.1,0,0,0,,0.0,0.0,,,,0,0,0,0.0,0.0,,0.0,0.0,shooting
FRA-Ligue 1,2024,Lyon,Wilfried Zaha,CIV,FW,32-152,1992,0.8,0,1,1,100.0,1.23,1.23,0.0,0.0,17.2,0,0,0,0.1,0.1,0.06,-0.1,-0.1,shooting
FRA-Ligue 1,2024,Marseille,Adrien Rabiot,FRA,MF,30-008,1995,21.6,6,35,14,40.0,1.62,0.65,0.17,0.43,13.9,0,0,0,4.4,4.4,0.13,1.6,1.6,shooting
FRA-Ligue 1,2024,Marseille,Amar Dedić,BIH,DF,22-236,2002,2.8,0,5,2,40.0,1.76,0.7,0.0,0.0,17.4,0,0,0,0.9,0.9,0.17,-0.9,-0.9,shooting
FRA-Ligue 1,2024,Marseille,Amine Gouiri,ALG,"FW,MF",25-054,2000,6.9,4,35,15,42.9,5.04,2.16,0.11,0.27,15.7,0,0,0,4.6,4.6,0.13,-0.6,-0.6,shooting
FRA-Ligue 1,2024,Marseille,Amine Harit,MAR,MF,27-297,1997,5.2,2,5,3,60.0,0.95,0.57,0.4,0.67,18.5,0,0,0,0.7,0.7,0.14,1.3,1.3,shooting
FRA-Ligue 1,2024,Marseille,Bamo Meïté,CIV,DF,23-129,2001,0.3,0,0,0,,0.0,0.0,,,,0,0,0,0.0,0.0,,0.0,0.0,shooting
FRA-Ligue 1,2024,Marseille,Bilal Nadir,MAR,MF,21-134,2003,4.0,1,8,3,37.5,2.02,0.76,0.13,0.33,18.4,1,0,0,0.6,0.6,0.07,0.4,0.4,shooting
FRA-Ligue 1,2024,Marseille,Darryl Bakola,FRA,"DF,MF",17-132,2007,0.2,0,0,0,,0.0,0.0,,,,0,0,0,0.0,0.0,,0.0,0.0,shooting
FRA-Ligue 1,2024,Marseille,Derek Cornelius,CAN,DF,27-137,1997,14.6,0,8,1,12.5,0.55,0.07,0.0,0.0,12.0,0,0,0,0.8,0.8,0.1,-0.8,-0.8,shooting
FRA-Ligue 1,2024,Marseille,Elye Wahi,FRA,FW,22-099,2003,6.4,3,16,9,56.3,2.51,1.41,0.13,0.22,12.1,0,1,1,6.0,5.2,0.33,-3.0,-3.2,shooting
FRA-Ligue 1,2024,Marseille,Emmanuel Koum Mbondo,FRA,DF,19-065,2006,0.1,0,0,0,,0.0,0.0,,,,0,0,0,0.0,0.0,,0.0,0.0,shooting
FRA-Ligue 1,2024,Marseille,Enzo Sternal,FRA,"FW,MF",17-318,2007,0.3,0,0,0,,0.0,0.0,,,,0,0,0,0.0,0.0,,0.0,0.0,shooting
FRA-Ligue 1,2024,Marseille,Faris Pemi Moumbagna,CMR,FW,24-284,2000,0.1,0,0,0,,0.0,0.0,,,,0,0,0,0.0,0.0,,0.0,0.0,shooting
FRA-Ligue 1,2024,Marseille,Geoffrey Kondogbia,CTA,"DF,MF",32-055,1993,18.4,0,7,1,14.3,0.38,0.05,0.0,0.0,13.7,0,0,0,0.4,0.4,0.06,-0.4,-0.4,shooting
FRA-Ligue 1,2024,Marseille,Gerónimo Rulli,ARG,GK,32-326,1992,28.0,0,0,0,,0.0,0.0,,,,0,0,0,0.0,0.0,,0.0,0.0,shooting
FRA-Ligue 1,2024,Marseille,Ismaël Bennacer,ALG,MF,27-131,1997,5.1,0,3,0,0.0,0.59,0.0,0.0,,24.9,0,0,0,0.1,0.1,0.03,-0.1,-0.1,shooting
FRA-Ligue 1,2024,Marseille,Ismaël Koné,CAN,"MF,FW",22-309,2002,4.0,0,4,0,0.0,1.0,0.0,0.0,,22.5,0,0,0,0.3,0.3,0.07,-0.3,-0.3,shooting
FRA-Ligue 1,2024,Marseille,Jon Rowe,ENG,"FW,MF",21-346,2003,6.3,2,29,13,44.8,4.61,2.07,0.07,0.15,16.3,0,0,0,3.0,3.0,0.1,-1.0,-1.0,shooting
FRA-Ligue 1,2024,Marseille,Keyliane Abdallah,FRA,FW,19-006,2006,0.0,0,0,0,,0.0,0.0,,,,0,0,0,0.0,0.0,,0.0,0.0,shooting
FRA-Ligue 1,2024,Marseille,Leonardo Balerdi,ARG,DF,26-075,1999,21.4,0,11,1,9.1,0.51,0.05,0.0,0.0,19.8,0,0,0,0.6,0.6,0.06,-0.6,-0.6,shooting
FRA-Ligue 1,2024,Marseille,Lilian Brassier,FRA,DF,25-160,1999,8.7,0,5,1,20.0,0.58,0.12,0.0,0.0,11.3,0,0,0,0.2,0.2,0.05,-0.2,-0.2,shooting
FRA-Ligue 1,2024,Marseille,Luis Henrique,BRA,"DF,FW",23-118,2001,24.8,7,24,12,50.0,0.97,0.48,0.29,0.58,14.3,0,0,0,3.2,3.2,0.13,3.8,3.8,shooting
FRA-Ligue 1,2024,Marseille,Luiz Felipe,ITA,DF,28-020,1997,0.8,0,0,0,,0.0,0.0,,,,0,0,0,0.0,0.0,,0.0,0.0,shooting
FRA-Ligue 1,2024,Marseille,Mason Greenwood,ENG,"FW,MF",23-192,2001,25.3,16,90,37,41.1,3.55,1.46,0.12,0.3,20.1,2,5,6,12.3,7.5,0.08,3.7,3.5,shooting
FRA-Ligue 1,2024,Marseille,Michael Amir Murillo,PAN,DF,29-059,1996,21.1,1,12,3,25.0,0.57,0.14,0.08,0.33,19.4,2,0,0,1.5,1.5,0.12,-0.5,-0.5,shooting
FRA-Ligue 1,2024,Marseille,Neal Maupay,FRA,FW,28-240,1996,11.5,4,19,10,52.6,1.65,0.87,0.21,0.4,10.6,0,0,0,4.1,4.1,0.22,-0.1,-0.1,shooting
FRA-Ligue 1,2024,Marseille,Pierre Højbjerg,DEN,MF,29-249,1995,23.9,2,29,6,20.7,1.21,0.25,0.07,0.33,18.7,6,0,0,3.0,3.0,0.1,-1.0,-1.0,shooting
FRA-Ligue 1,2024,Marseille,Pol Lirola,ESP,DF,27-241,1997,6.8,1,5,1,20.0,0.73,0.15,0.2,1.0,18.2,0,0,0,0.5,0.5,0.1,0.5,0.5,shooting
FRA-Ligue 1,2024,Marseille,Quentin Merlin,FRA,DF,22-330,2002,15.0,1,22,8,36.4,1.46,0.53,0.05,0.13,17.2,0,0,0,1.5,1.5,0.07,-0.5,-0.5,shooting
FRA-Ligue 1,2024,Marseille,Robinio Vaz,FRA,FW,18-053,2007,0.8,0,2,0,0.0,2.4,0.0,0.0,,9.7,0,0,0,0.5,0.5,0.25,-0.5,-0.5,shooting
FRA-Ligue 1,2024,Marseille,Ulisses Garcia,SUI,DF,29-090,1996,5.9,2,7,2,28.6,1.19,0.34,0.29,1.0,12.2,0,0,0,1.5,1.5,0.21,0.5,0.5,shooting
FRA-Ligue 1,2024,Marseille,Valentin Carboni,ARG,"MF,FW",20-037,2005,1.1,0,2,1,50.0,1.75,0.87,0.0,0.0,21.4,0,0,0,0.0,0.0,0.02,0.0,0.0,shooting
FRA-Ligue 1,2024,Marseille,Valentin Rongier,FRA,"MF,DF",30-125,1994,13.4,3,12,7,58.3,0.89,0.52,0.25,0.43,20.7,0,0,0,0.9,0.9,0.08,2.1,2.1,shooting
FRA-Ligue 1,2024,Monaco,Aleksandr Golovin,RUS,"MF,FW",28-316,1996,12.8,3,24,9,37.5,1.87,0.7,0.13,0.33,21.4,0,0,0,2.3,2.3,0.1,0.7,0.7,shooting
FRA-Ligue 1,2024,Monaco,Almoatasem Al Musrati,LBY,MF,29-005,1996,3.5,0,7,1,14.3,2.01,0.29,0.0,0.0,16.9,0,0,0,0.3,0.3,0.04,-0.3,-0.3,shooting
FRA-Ligue 1,2024,Monaco,Breel Embolo,SUI,"FW,MF",28-056,1997,15.9,5,44,14,31.8,2.76,0.88,0.11,0.36,10.4,0,0,0,9.5,9.5,0.22,-4.5,-4.5,shooting
FRA-Ligue 1,2024,Monaco,Caio Henrique Oliveira Silva,BRA,DF,27-254,1997,15.8,0,3,1,33.3,0.19,0.06,0.0,0.0,20.2,1,0,0,0.1,0.1,0.04,-0.1,-0.1,shooting
FRA-Ligue 1,2024,Monaco,Christian Mawissa,FRA,DF,19-358,2005,13.6,0,1,1,100.0,0.07,0.07,0.0,0.0,13.5,0,0,0,0.1,0.1,0.07,-0.1,-0.1,shooting
FRA-Ligue 1,2024,Monaco,Denis Zakaria,SUI,MF,28-142,1996,18.8,4,21,7,33.3,1.12,0.37,0.14,0.43,17.9,0,1,1,3.8,3.0,0.14,0.2,0.0,shooting
FRA-Ligue 1,2024,Monaco,Eliesse Ben Seghir,MAR,"MF,FW",20-054,2005,17.3,6,53,19,35.8,3.06,1.1,0.08,0.21,21.3,3,2,2,5.2,3.7,0.07,0.8,0.3,shooting
FRA-Ligue 1,2024,Monaco,Eliot Matazo,BEL,MF,23-055,2002,0.8,0,0,0,,0.0,0.0,,,,0,0,0,0.0,0.0,,0.0,0.0,shooting
FRA-Ligue 1,2024,Monaco,Folarin Balogun,USA,FW,23-282,2001,5.4,3,25,6,24.0,4.6,1.1,0.12,0.5,12.3,0,0,0,3.9,3.9,0.16,-0.9,-0.9,shooting
FRA-Ligue 1,2024,Monaco,George Ilenikhena,FRA,FW,18-238,2006,7.1,3,19,7,36.8,2.68,0.99,0.16,0.43,12.9,0,0,0,4.8,4.8,0.25,-1.8,-1.8,shooting
FRA-Ligue 1,2024,Monaco,Ismail Jakobs,SEN,DF,25-237,1999,2.0,0,0,0,,0.0,0.0,,,,0,0,0,0.0,0.0,,0.0,0.0,shooting
FRA-Ligue 1,2024,Monaco,Jordan Teze,NED,DF,25-193,1999,4.2,1,4,1,25.0,0.95,0.24,0.25,1.0,10.8,0,0,0,1.2,1.2,0.3,-0.2,-0.2,shooting
FRA-Ligue 1,2024,Monaco,Kassoum Ouattara,FRA,"DF,FW",20-179,2004,4.3,0,2,1,50.0,0.46,0.23,0.0,0.0,21.2,0,0,0,0.2,0.2,0.08,-0.2,-0.2,shooting
FRA-Ligue 1,2024,Monaco,Krépin Diatta,SEN,DF,26-045,1999,4.4,0,2,1,50.0,0.45,0.23,0.0,0.0,13.1,0,0,0,0.2,0.2,0.08,-0.2,-0.2,shooting
FRA-Ligue 1,2024,Monaco,Lamine Camara,SEN,MF,21-100,2004,18.6,2,25,8,32.0,1.34,0.43,0.08,0.25,22.9,2,0,0,2.3,2.3,0.09,-0.3,-0.3,shooting
FRA-Ligue 1,2024,Monaco,Lucas Michal,FRA,"FW,MF",19-294,2005,1.1,0,3,1,33.3,2.7,0.9,0.0,0.0,12.5,0,0,0,0.2,0.2,0.08,-0.2,-0.2,shooting
FRA-Ligue 1,2024,Monaco,Maghnes Akliouche,FRA,"FW,MF",23-045,2002,21.7,4,48,12,25.0,2.21,0.55,0.06,0.25,16.3,1,1,1,7.1,6.3,0.13,-3.1,-3.3,shooting
FRA-Ligue 1,2024,Monaco,Mamadou Coulibaly,FRA,MF,20-355,2004,0.1,0,1,0,0.0,11.25,0.0,0.0,,22.2,0,0,0,0.1,0.1,0.08,-0.1,-0.1,shooting
FRA-Ligue 1,2024,Monaco,Mika Biereth,DEN,FW,22-062,2003,9.9,12,34,17,50.0,3.43,1.72,0.32,0.65,11.8,0,1,2,9.8,8.2,0.24,2.2,2.8,shooting
FRA-Ligue 1,2024,Monaco,Mohammed Salisu,GHA,DF,25-359,1999,11.3,1,8,4,50.0,0.71,0.35,0.13,0.25,8.1,0,0,0,0.8,0.8,0.1,0.2,0.2,shooting
FRA-Ligue 1,2024,Monaco,Philipp Köhn,SUI,GK,27-009,1998,13.0,0,0,0,,0.0,0.0,,,,0,0,0,0.0,0.0,,0.0,0.0,shooting
FRA-Ligue 1,2024,Monaco,Radosław Majecki,POL,GK,25-146,1999,15.0,0,0,0,,0.0,0.0,,,,0,0,0,0.0,0.0,,0.0,0.0,shooting
FRA-Ligue 1,2024,Monaco,Saïmon Bouabré,FRA,"MF,FW",18-314,2006,0.8,0,0,0,,0.0,0.0,,,,0,0,0,0.0,0.0,,0.0,0.0,shooting
FRA-Ligue 1,2024,Monaco,Soungoutou Magassa,FRA,MF,21-185,2003,9.8,0,8,3,37.5,0.82,0.31,0.0,0.0,19.0,0,0,0,0.5,0.5,0.06,-0.5,-0.5,shooting
FRA-Ligue 1,2024,Monaco,Takumi Minamino,JPN,"MF,FW",30-085,1995,19.9,4,45,15,33.3,2.26,0.75,0.09,0.27,14.8,0,0,0,7.3,7.3,0.16,-3.3,-3.3,shooting
FRA-Ligue 1,2024,Monaco,Thilo Kehrer,GER,DF,28-202,1996,23.5,4,10,8,80.0,0.43,0.34,0.4,0.5,8.7,0,0,0,1.3,1.3,0.13,2.7,2.7,shooting
FRA-Ligue 1,2024,Monaco,Vanderson,BRA,DF,23-294,2001,19.1,1,17,5,29.4,0.89,0.26,0.06,0.2,17.9,0,0,0,1.9,1.9,0.11,-0.9,-0.9,shooting
FRA-Ligue 1,2024,Monaco,Wilfried Singo,CIV,DF,24-107,2000,17.3,1,14,4,28.6,0.81,0.23,0.07,0.25,12.0,0,0,0,1.5,1.5,0.1,-0.5,-0.5,shooting
FRA-Ligue 1,2024,Montpellier,Akor Adams,NGA,FW,25-072,2000,11.9,3,26,12,46.2,2.18,1.0,0.12,0.25,13.3,0,0,0,4.3,4.3,0.16,-1.3,-1.3,shooting
FRA-Ligue 1,2024,Montpellier,Andy Delort,ALG,FW,33-184,1991,5.7,0,16,6,37.5,2.79,1.04,0.0,0.0,15.7,0,0,0,1.3,1.3,0.08,-1.3,-1.3,shooting
FRA-Ligue 1,2024,Montpellier,Arnaud Nordin,FRA,FW,26-298,1998,13.0,4,26,11,42.3,2.01,0.85,0.12,0.27,18.2,0,1,2,4.1,2.5,0.1,-0.1,0.5,shooting
FRA-Ligue 1,2024,Montpellier,Axel Gueguin,FRA,FW,20-018,2005,0.3,0,0,0,,0.0,0.0,,,,0,0,0,0.0,0.0,,0.0,0.0,shooting
FRA-Ligue 1,2024,Montpellier,Bamo Meïté,CIV,DF,23-129,2001,4.5,0,1,0,0.0,0.22,0.0,0.0,,13.1,0,0,0,0.0,0.0,0.02,0.0,0.0,shooting
FRA-Ligue 1,2024,Montpellier,Becir Omeragic,SUI,"DF,MF",23-081,2002,14.0,0,6,3,50.0,0.43,0.21,0.0,0.0,16.1,0,0,0,0.3,0.3,0.05,-0.3,-0.3,shooting
FRA-Ligue 1,2024,Montpellier,Benjamin Lecomte,FRA,GK,33-350,1991,24.0,0,0,0,,0.0,0.0,,,,0,0,0,0.0,0.0,,0.0,0.0,shooting
FRA-Ligue 1,2024,Montpellier,Birama Touré,MLI,"MF,DF",32-309,1992,3.3,0,3,1,33.3,0.9,0.3,0.0,0.0,26.6,0,0,0,0.0,0.0,0.01,0.0,0.0,shooting
FRA-Ligue 1,2024,Montpellier,Boubakar Kouyaté,MLI,DF,27-361,1997,6.4,0,7,0,0.0,1.09,0.0,0.0,,12.7,0,0,0,0.5,0.5,0.07,-0.5,-0.5,shooting
FRA-Ligue 1,2024,Montpellier,Dimitry Bertaud,COD,GK,26-309,1998,3.0,0,0,0,,0.0,0.0,,,,0,0,0,0.0,0.0,,0.0,0.0,shooting
FRA-Ligue 1,2024,Montpellier,Enzo Tchato,CMR,DF,22-139,2002,19.6,0,3,1,33.3,0.15,0.05,0.0,0.0,28.5,0,0,0,0.1,0.1,0.02,-0.1,-0.1,shooting
FRA-Ligue 1,2024,Montpellier,Falaye Sacko,MLI,DF,29-345,1995,12.2,0,0,0,,0.0,0.0,,,,0,0,0,0.0,0.0,,0.0,0.0,shooting
FRA-Ligue 1,2024,Montpellier,Gabriel Bares,SUI,"MF,DF",24-225,2000,0.6,0,0,0,,0.0,0.0,,,,0,0,0,0.0,0.0,,0.0,0.0,shooting
FRA-Ligue 1,2024,Montpellier,Issiaga Sylla,GUI,DF,31-100,1994,12.1,1,11,2,18.2,0.91,0.16,0.09,0.5,13.2,0,0,0,1.8,1.8,0.17,-0.8,-0.8,shooting
FRA-Ligue 1,2024,Montpellier,Jordan Ferri,FRA,MF,33-030,1992,14.5,0,12,3,25.0,0.83,0.21,0.0,0.0,26.5,0,0,0,0.3,0.3,0.03,-0.3,-0.3,shooting
FRA-Ligue 1,2024,Montpellier,Joris Chotard,FRA,MF,23-199,2001,16.7,1,15,2,13.3,0.9,0.12,0.07,0.5,20.9,1,0,0,1.1,1.1,0.07,-0.1,-0.1,shooting
FRA-Ligue 1,2024,Montpellier,Junior Ndiaye,FRA,FW,20-013,2005,1.2,0,1,0,0.0,0.8,0.0,0.0,,5.5,0,0,0,0.3,0.3,0.26,-0.3,-0.3,shooting
FRA-Ligue 1,2024,Montpellier,Khalil Fayad,FRA,"MF,FW",20-306,2004,7.8,0,9,2,22.2,1.16,0.26,0.0,0.0,24.5,0,0,0,0.8,0.8,0.09,-0.8,-0.8,shooting
FRA-Ligue 1,2024,Montpellier,Lucas Mincarelli,FRA,DF,21-096,2004,2.8,0,1,1,100.0,0.36,0.36,0.0,0.0,33.2,0,0,0,0.0,0.0,0.01,0.0,0.0,shooting
FRA-Ligue 1,2024,Montpellier,Modibo Sagnan,MLI,DF,25-362,1999,21.7,2,10,3,30.0,0.46,0.14,0.2,0.67,11.5,0,0,0,0.7,0.7,0.07,1.3,1.3,shooting
FRA-Ligue 1,2024,Montpellier,Musa Al-Taamari,JOR,"FW,MF",27-305,1997,12.4,2,27,11,40.7,2.18,0.89,0.07,0.18,17.7,0,0,0,2.6,2.6,0.09,-0.6,-0.6,shooting
FRA-Ligue 1,2024,Montpellier,Nicolas Pays,FRA,"FW,MF",21-247,2003,3.1,0,9,1,11.1,2.88,0.32,0.0,0.0,20.0,0,0,0,1.2,1.2,0.13,-1.2,-1.2,shooting
FRA-Ligue 1,2024,Montpellier,Nikola Maksimović,SRB,DF,33-137,1991,6.5,0,1,0,0.0,0.15,0.0,0.0,,13.3,0,0,0,0.0,0.0,0.02,0.0,0.0,shooting
FRA-Ligue 1,2024,Montpellier,Othmane Maamma,MAR,"FW,MF",19-187,2005,3.0,1,7,3,42.9,2.33,1.0,0.14,0.33,14.7,0,0,0,0.7,0.7,0.1,0.3,0.3,shooting
FRA-Ligue 1,2024,Montpellier,Rabby Nzingoula,CGO,MF,19-137,2005,14.2,1,13,5,38.5,0.92,0.35,0.08,0.2,20.2,0,0,0,0.8,0.8,0.06,0.2,0.2,shooting
FRA-Ligue 1,2024,Montpellier,Simon Cara,FRA,"MF,FW",19-315,2005,0.1,0,0,0,,0.0,0.0,,,,0,0,0,0.0,0.0,,0.0,0.0,shooting
FRA-Ligue 1,2024,Montpellier,Stefan Džodić,SRB,"DF,MF",20-027,2005,2.1,0,2,0,0.0,0.95,0.0,0.0,,21.8,0,0,0,0.1,0.1,0.03,-0.1,-0.1,shooting
FRA-Ligue 1,2024,Montpellier,Tanguy Coulibaly,FRA,"FW,MF",24-052,2001,9.8,2,22,10,45.5,2.25,1.02,0.09,0.2,16.4,0,0,0,2.6,2.6,0.12,-0.6,-0.6,shooting
FRA-Ligue 1,2024,Montpellier,Théo Chennahi,FRA,"MF,DF",20-064,2005,0.1,0,0,0,,0.0,0.0,,,,0,0,0,0.0,0.0,,0.0,0.0,shooting
FRA-Ligue 1,2024,Montpellier,Théo Sainte-Luce,FRA,DF,26-173,1998,7.2,1,5,3,60.0,0.7,0.42,0.2,0.33,10.3,0,0,0,0.9,0.9,0.19,0.1,0.1,shooting
FRA-Ligue 1,2024,Montpellier,Téji Savanier,FRA,MF,33-110,1991,23.9,2,42,12,28.6,1.76,0.5,0.0,0.0,26.9,13,2,2,3.8,2.3,0.05,-1.8,-2.3,shooting
FRA-Ligue 1,2024,Montpellier,Wahbi Khazri,TUN,"FW,MF",34-062,1991,11.3,1,33,6,18.2,2.92,0.53,0.03,0.17,25.1,4,0,0,2.2,2.2,0.07,-1.2,-1.2,shooting
FRA-Ligue 1,2024,Montpellier,Wilfried Ndollo,CMR,DF,19-272,2005,0.5,0,0,0,,0.0,0.0,,,,0,0,0,0.0,0.0,,0.0,0.0,shooting
FRA-Ligue 1,2024,Montpellier,Yael Mouanga,FRA,DF,19-262,2005,5.7,0,1,0,0.0,0.17,0.0,0.0,,5.4,0,0,0,0.1,0.1,0.1,-0.1,-0.1,shooting
FRA-Ligue 1,2024,Montpellier,Yanis Issoufou,FRA,"MF,FW",18-165,2006,0.9,0,2,0,0.0,2.34,0.0,0.0,,12.4,0,0,0,0.1,0.1,0.03,-0.1,-0.1,shooting
FRA-Ligue 1,2024,Nantes,Alban Lafont,FRA,GK,26-078,1999,12.0,0,0,0,,0.0,0.0,,,,0,0,0,0.0,0.0,,0.0,0.0,shooting
FRA-Ligue 1,2024,Nantes,Anthony Lopes,POR,GK,34-192,1990,13.0,0,0,0,,0.0,0.0,,,,0,0,0,0.0,0.0,,0.0,0.0,shooting
FRA-Ligue 1,2024,Nantes,Bahereba Guirassy,FRA,"FW,MF",18-225,2006,3.5,2,7,4,57.1,1.99,1.14,0.29,0.5,14.1,0,0,0,0.7,0.7,0.1,1.3,1.3,shooting
FRA-Ligue 1,2024,Nantes,Dehmaine Assoumani,FRA,"MF,FW",19-359,2005,0.9,0,3,2,66.7,3.29,2.2,0.0,0.0,26.1,0,0,0,0.1,0.1,0.03,-0.1,-0.1,shooting
FRA-Ligue 1,2024,Nantes,Douglas,BRA,MF,28-088,1997,21.1,3,28,12,42.9,1.32,0.57,0.11,0.25,16.0,0,0,0,3.0,3.0,0.11,0.0,0.0,shooting
FRA-Ligue 1,2024,Nantes,Fabien Centonze,FRA,DF,29-085,1996,0.9,0,0,0,,0.0,0.0,,,,0,0,0,0.0,0.0,,0.0,0.0,shooting
FRA-Ligue 1,2024,Nantes,Florent Mollet,FRA,"MF,FW",33-143,1991,2.7,0,6,2,33.3,2.23,0.74,0.0,0.0,15.6,0,0,0,0.3,0.3,0.05,-0.3,-0.3,shooting
FRA-Ligue 1,2024,Nantes,Francis Coquelin,FRA,"MF,FW",33-333,1991,0.7,0,2,0,0.0,2.69,0.0,0.0,,13.6,0,0,0,0.5,0.5,0.27,-0.5,-0.5,shooting
FRA-Ligue 1,2024,Nantes,Ignatius Ganago,CMR,"FW,MF",26-054,1999,2.7,0,7,0,0.0,2.61,0.0,0.0,,11.7,0,0,0,0.4,0.4,0.06,-0.4,-0.4,shooting
FRA-Ligue 1,2024,Nantes,Jean-Charles Castelletto,CMR,"DF,MF",30-075,1995,23.1,0,11,4,36.4,0.48,0.17,0.0,0.0,13.3,0,0,0,1.2,1.2,0.15,-1.2,-1.2,shooting
FRA-Ligue 1,2024,Nantes,Jean-Kevin Duverne,HAI,DF,27-273,1997,6.0,0,4,0,0.0,0.67,0.0,0.0,,17.0,0,0,0,0.3,0.3,0.07,-0.3,-0.3,shooting
FRA-Ligue 1,2024,Nantes,Jean-Philippe Gbamin,CIV,MF,29-198,1995,2.4,0,2,0,0.0,0.83,0.0,0.0,,8.0,0,0,0,0.5,0.5,0.26,-0.5,-0.5,shooting
FRA-Ligue 1,2024,Nantes,Johann Lepenant,FRA,MF,22-171,2002,19.6,2,16,5,31.3,0.82,0.25,0.13,0.4,16.6,0,0,0,1.2,1.2,0.08,0.8,0.8,shooting
FRA-Ligue 1,2024,Nantes,Kelvin Amian,FRA,DF,27-062,1998,19.4,1,6,3,50.0,0.31,0.15,0.17,0.33,15.6,0,0,0,0.9,0.9,0.16,0.1,0.1,shooting
FRA-Ligue 1,2024,Nantes,Louis Leroux,FRA,"MF,DF",19-078,2006,5.8,1,7,4,57.1,1.21,0.69,0.14,0.25,15.8,0,0,0,1.1,1.1,0.15,-0.1,-0.1,shooting
FRA-Ligue 1,2024,Nantes,Marcus Coco,FRA,DF,28-291,1996,10.3,0,2,0,0.0,0.19,0.0,0.0,,22.6,0,0,0,0.1,0.1,0.03,-0.1,-0.1,shooting
FRA-Ligue 1,2024,Nantes,Matthis Abline,FRA,FW,22-014,2003,25.0,8,65,24,36.9,2.6,0.96,0.11,0.29,14.9,0,1,1,7.6,6.8,0.1,0.4,0.2,shooting
FRA-Ligue 1,2024,Nantes,Meschak Elia,COD,FW,27-248,1997,1.7,1,5,1,20.0,2.88,0.58,0.2,1.0,16.0,0,0,0,1.1,1.1,0.22,-0.1,-0.1,shooting
FRA-Ligue 1,2024,Nantes,Moses Simon,NGA,"FW,MF",29-273,1995,23.3,7,37,13,35.1,1.59,0.56,0.11,0.31,19.2,2,3,3,4.9,2.6,0.07,2.1,1.4,shooting
FRA-Ligue 1,2024,Nantes,Mostafa Mohamed,EGY,FW,27-134,1997,11.1,4,36,14,38.9,3.25,1.26,0.11,0.29,13.8,1,0,0,4.2,4.2,0.12,-0.2,-0.2,shooting
FRA-Ligue 1,2024,Nantes,Nathan Zeze,FRA,DF,19-297,2005,11.6,0,4,1,25.0,0.35,0.09,0.0,0.0,10.2,0,0,0,0.2,0.2,0.05,-0.2,-0.2,shooting
FRA-Ligue 1,2024,Nantes,Nicolas Cozza,FRA,"DF,MF",26-093,1999,19.5,1,12,4,33.3,0.62,0.21,0.08,0.25,15.6,0,0,0,1.2,1.2,0.1,-0.2,-0.2,shooting
FRA-Ligue 1,2024,Nantes,Nicolas Pallois,FRA,DF,37-204,1987,19.2,0,3,1,33.3,0.16,0.05,0.0,0.0,22.0,0,0,0,0.4,0.4,0.14,-0.4,-0.4,shooting
FRA-Ligue 1,2024,Nantes,Patrik Carlgren,SWE,GK,33-093,1992,3.0,0,0,0,,0.0,0.0,,,,0,0,0,0.0,0.0,,0.0,0.0,shooting
FRA-Ligue 1,2024,Nantes,Pedro Chirivella,ESP,MF,27-323,1997,21.3,0,5,1,20.0,0.23,0.05,0.0,0.0,19.8,0,0,0,0.3,0.3,0.07,-0.3,-0.3,shooting
FRA-Ligue 1,2024,Nantes,Plamedi Nsingi,,MF,24-115,2000,0.2,0,1,1,100.0,5.63,5.63,0.0,0.0,10.9,0,0,0,0.2,0.2,0.23,-0.2,-0.2,shooting
FRA-Ligue 1,2024,Nantes,Saidou Sow,GUI,DF,22-281,2002,8.9,1,5,2,40.0,0.56,0.23,0.2,0.5,9.1,0,0,0,0.6,0.6,0.13,0.4,0.4,shooting
FRA-Ligue 1,2024,Nantes,Sorba Thomas,WAL,"FW,MF",25-232,1999,12.5,1,9,1,11.1,0.72,0.08,0.11,1.0,17.0,0,0,0,1.5,1.5,0.17,-0.5,-0.5,shooting
FRA-Ligue 1,2024,Nantes,Sékou Doucoure,FRA,DF,19-350,2005,0.1,0,0,0,,0.0,0.0,,,,0,0,0,0.0,0.0,,0.0,0.0,shooting
FRA-Ligue 1,2024,Nantes,Tino Kadewere,ZIM,"MF,FW",29-096,1996,5.3,1,7,5,71.4,1.33,0.95,0.14,0.2,16.0,0,0,0,1.6,1.6,0.22,-0.6,-0.6,shooting
FRA-Ligue 1,2024,Nice,Ali Abdi,TUN,"DF,MF",31-112,1993,12.2,3,22,8,36.4,1.8,0.66,0.14,0.38,20.1,1,0,0,1.9,1.9,0.09,1.1,1.1,shooting
FRA-Ligue 1,2024,Nice,Amidou Doumbouya,FRA,DF,17-249,2007,0.5,0,0,0,,0.0,0.0,,,,0,0,0,0.0,0.0,,0.0,0.0,shooting
FRA-Ligue 1,2024,Nice,Antoine Mendy,SEN,DF,20-319,2004,6.1,0,4,1,25.0,0.66,0.16,0.0,0.0,9.8,0,0,0,0.4,0.4,0.11,-0.4,-0.4,shooting
FRA-Ligue 1,2024,Nice,Badredine Bouanani,ALG,"MF,FW",20-124,2004,7.9,2,24,10,41.7,3.05,1.27,0.08,0.2,20.1,1,0,0,1.4,1.4,0.06,0.6,0.6,shooting
FRA-Ligue 1,2024,Nice,Baptiste Santamaria,FRA,MF,30-033,1995,8.3,0,14,3,21.4,1.69,0.36,0.0,0.0,20.9,0,0,0,0.8,0.8,0.06,-0.8,-0.8,shooting
FRA-Ligue 1,2024,Nice,Bernard Nguene,CMR,FW,18-250,2006,0.1,0,0,0,,0.0,0.0,,,,0,0,0,0.0,0.0,,0.0,0.0,shooting
FRA-Ligue 1,2024,Nice,Bilal Brahimi,ALG,MF,25-028,2000,0.8,0,1,1,100.0,1.18,1.18,0.0,0.0,23.0,1,0,0,0.0,0.0,0.04,0.0,0.0,shooting
FRA-Ligue 1,2024,Nice,Dante,BRA,DF,41-175,1983,19.2,0,8,2,25.0,0.42,0.1,0.0,0.0,12.1,0,0,0,0.4,0.4,0.05,-0.4,-0.4,shooting
FRA-Ligue 1,2024,Nice,Evann Guessand,CIV,"FW,MF",23-284,2001,26.0,11,57,25,43.9,2.19,0.96,0.19,0.44,12.3,0,0,0,8.0,8.0,0.14,3.0,3.0,shooting
FRA-Ligue 1,2024,Nice,Gaëtan Laborde,FRA,FW,30-343,1994,15.1,9,56,18,32.1,3.7,1.19,0.09,0.28,14.8,0,4,4,9.6,6.5,0.12,-0.6,-1.5,shooting
FRA-Ligue 1,2024,Nice,Hicham Boudaoui,ALG,MF,25-200,1999,21.3,2,32,15,46.9,1.5,0.7,0.06,0.13,18.6,0,0,0,2.5,2.5,0.08,-0.5,-0.5,shooting
FRA-Ligue 1,2024,Nice,Issiaga Camara,GUI,MF,20-068,2005,0.2,0,0,0,,0.0,0.0,,,,0,0,0,0.0,0.0,,0.0,0.0,shooting
FRA-Ligue 1,2024,Nice,Jeremie Boga,CIV,"MF,FW",28-098,1997,9.6,1,23,12,52.2,2.4,1.25,0.04,0.08,16.9,2,0,0,1.7,1.7,0.08,-0.7,-0.7,shooting
FRA-Ligue 1,2024,Nice,Jonathan Clauss,FRA,"DF,MF",32-198,1992,19.7,3,22,8,36.4,1.12,0.41,0.14,0.38,18.0,5,0,0,2.1,2.1,0.09,0.9,0.9,shooting
FRA-Ligue 1,2024,Nice,Jordan Lotomba,SUI,"MF,DF",26-194,1998,0.4,0,0,0,,0.0,0.0,,,,0,0,0,0.0,0.0,,0.0,0.0,shooting
FRA-Ligue 1,2024,Nice,Marcin Bułka,POL,GK,25-189,1999,28.0,0,0,0,,0.0,0.0,,,,0,0,0,0.0,0.0,,0.0,0.0,shooting
FRA-Ligue 1,2024,Nice,Melvin Bard,FRA,"DF,MF",24-156,2000,15.5,1,16,5,31.3,1.03,0.32,0.06,0.2,16.2,0,0,0,1.7,1.7,0.1,-0.7,-0.7,shooting
FRA-Ligue 1,2024,Nice,Mohamed Abdelmoneim,EGY,DF,26-069,1999,7.8,0,0,0,,0.0,0.0,,,,0,0,0,0.0,0.0,,0.0,0.0,shooting
FRA-Ligue 1,2024,Nice,Mohamed Ali Cho,FRA,"FW,MF",21-082,2004,17.5,3,34,15,44.1,1.94,0.86,0.09,0.2,17.8,0,0,0,3.7,3.7,0.11,-0.7,-0.7,shooting
FRA-Ligue 1,2024,Nice,Morgan Sanson,FRA,MF,30-236,1994,0.3,0,0,0,,0.0,0.0,,,,0,0,0,0.0,0.0,,0.0,0.0,shooting
FRA-Ligue 1,2024,Nice,Moïse Bombito,CAN,DF,25-012,2000,20.7,0,7,1,14.3,0.34,0.05,0.0,0.0,17.7,0,0,0,0.7,0.7,0.1,-0.7,-0.7,shooting
FRA-Ligue 1,2024,Nice,Pablo Rosario,NED,"MF,DF",28-094,1997,16.0,2,12,5,41.7,0.75,0.31,0.08,0.2,15.1,0,1,1,3.1,2.3,0.19,-1.1,-1.3,shooting
FRA-Ligue 1,2024,Nice,Rareş Ilie,ROU,MF,21-357,2003,0.1,0,1,0,0.0,6.92,0.0,0.0,,16.3,0,0,0,0.0,0.0,0.04,0.0,0.0,shooting
FRA-Ligue 1,2024,Nice,Sofiane Diop,FRA,"MF,FW",24-306,2000,10.6,6,21,11,52.4,1.99,1.04,0.29,0.55,16.7,3,0,0,5.9,5.9,0.28,0.1,0.1,shooting
FRA-Ligue 1,2024,Nice,Tanguy Ndombele,FRA,MF,28-104,1996,12.6,1,11,2,18.2,0.88,0.16,0.09,0.5,13.8,0,0,0,2.4,2.4,0.21,-1.4,-1.4,shooting
FRA-Ligue 1,2024,Nice,Terem Moffi,NGA,FW,25-321,1999,0.3,0,2,1,50.0,6.43,3.21,0.0,0.0,7.2,0,0,0,0.4,0.4,0.18,-0.4,-0.4,shooting
FRA-Ligue 1,2024,Nice,Tom Louchet,FRA,"DF,MF",21-342,2003,8.0,1,12,4,33.3,1.5,0.5,0.08,0.25,20.0,1,0,0,0.8,0.8,0.07,0.2,0.2,shooting
FRA-Ligue 1,2024,Nice,Victor Orakpo,NGA,FW,18-301,2006,0.4,0,2,0,0.0,5.0,0.0,0.0,,10.4,0,0,0,0.3,0.3,0.16,-0.3,-0.3,shooting
FRA-Ligue 1,2024,Nice,Yael Nandjou,FRA,DF,19-279,2005,1.7,0,1,0,0.0,0.58,0.0,0.0,,7.5,0,0,0,0.2,0.2,0.22,-0.2,-0.2,shooting
FRA-Ligue 1,2024,Nice,Youssouf Ndayishimiye,BDI,DF,26-166,1998,18.5,1,7,1,14.3,0.38,0.05,0.14,1.0,15.3,0,0,0,0.5,0.5,0.06,0.5,0.5,shooting
FRA-Ligue 1,2024,Nice,Youssoufa Moukoko,GER,"FW,MF",20-142,2004,2.3,2,6,2,33.3,2.65,0.88,0.33,1.0,11.6,0,0,0,2.2,2.2,0.37,-0.2,-0.2,shooting
FRA-Ligue 1,2024,Paris S-G,Achraf Hakimi,MAR,DF,26-158,1998,20.3,4,29,12,41.4,1.43,0.59,0.14,0.33,18.9,5,0,0,2.8,2.8,0.1,1.2,1.2,shooting
FRA-Ligue 1,2024,Paris S-G,Bradley Barcola,FRA,FW,22-221,2002,20.4,13,66,32,48.5,3.24,1.57,0.2,0.41,13.2,0,0,0,12.2,12.2,0.19,0.8,0.8,shooting
FRA-Ligue 1,2024,Paris S-G,Désiré Doué,FRA,"FW,MF",19-312,2005,15.9,5,48,17,35.4,3.02,1.07,0.1,0.29,18.3,0,0,0,3.7,3.7,0.08,1.3,1.3,shooting
FRA-Ligue 1,2024,Paris S-G,Fabián Ruiz Peña,ESP,MF,29-008,1996,18.5,3,37,9,24.3,2.0,0.49,0.08,0.33,18.9,0,0,0,3.8,3.8,0.1,-0.8,-0.8,shooting
FRA-Ligue 1,2024,Paris S-G,Gianluigi Donnarumma,ITA,GK,26-045,1999,20.2,0,0,0,,0.0,0.0,,,,0,0,0,0.0,0.0,,0.0,0.0,shooting
FRA-Ligue 1,2024,Paris S-G,Gonçalo Ramos,POR,FW,23-295,2001,8.1,6,36,20,55.6,4.45,2.47,0.14,0.25,10.1,0,1,1,8.9,8.1,0.22,-2.9,-3.1,shooting
FRA-Ligue 1,2024,Paris S-G,Ibrahim Mbaye,FRA,"FW,MF",17-077,2008,1.1,1,3,3,100.0,2.7,2.7,0.33,0.33,10.7,0,0,0,0.9,0.9,0.31,0.1,0.1,shooting
FRA-Ligue 1,2024,Paris S-G,João Neves,POR,"MF,DF",20-196,2004,17.3,3,25,9,36.0,1.44,0.52,0.12,0.33,13.6,0,0,0,2.7,2.7,0.11,0.3,0.3,shooting
FRA-Ligue 1,2024,Paris S-G,Khvicha Kvaratskhelia,GEO,FW,24-058,2001,7.2,2,24,9,37.5,3.33,1.25,0.08,0.22,19.0,1,0,0,2.3,2.3,0.1,-0.3,-0.3,shooting
FRA-Ligue 1,2024,Paris S-G,Lee Kang-in,KOR,"FW,MF",24-051,2001,15.5,6,37,14,37.8,2.39,0.9,0.16,0.43,18.8,1,0,0,3.1,3.1,0.08,2.9,2.9,shooting
FRA-Ligue 1,2024,Paris S-G,Lucas Beraldo,BRA,DF,21-138,2003,17.9,1,10,4,40.0,0.56,0.22,0.1,0.25,15.2,0,0,0,0.7,0.7,0.07,0.3,0.3,shooting
FRA-Ligue 1,2024,Paris S-G,Lucas Hernández,FRA,DF,29-056,1996,7.2,0,2,0,0.0,0.28,0.0,0.0,,22.9,0,0,0,0.0,0.0,0.02,0.0,0.0,shooting
FRA-Ligue 1,2024,Paris S-G,Marco Asensio,ESP,"FW,MF",29-080,1996,6.9,2,26,14,53.8,3.79,2.04,0.08,0.14,14.5,2,0,0,5.6,5.6,0.22,-3.6,-3.6,shooting
FRA-Ligue 1,2024,Paris S-G,Marquinhos,BRA,DF,30-332,1994,16.6,1,6,2,33.3,0.36,0.12,0.17,0.5,10.6,0,0,0,0.8,0.8,0.13,0.2,0.2,shooting
FRA-Ligue 1,2024,Paris S-G,Matvei Safonov,RUS,GK,26-045,1999,7.8,0,0,0,,0.0,0.0,,,,0,0,0,0.0,0.0,,0.0,0.0,shooting
FRA-Ligue 1,2024,Paris S-G,Milan Škriniar,SVK,DF,30-059,1995,4.2,0,3,0,0.0,0.71,0.0,0.0,,10.8,0,0,0,0.2,0.2,0.05,-0.2,-0.2,shooting
FRA-Ligue 1,2024,Paris S-G,Nuno Mendes,POR,DF,22-296,2002,15.6,1,17,9,52.9,1.09,0.58,0.06,0.11,19.1,0,0,0,2.0,2.0,0.12,-1.0,-1.0,shooting
FRA-Ligue 1,2024,Paris S-G,Ousmane Dembélé,FRA,FW,27-331,1997,17.0,21,82,43,52.4,4.83,2.53,0.24,0.47,15.9,0,1,1,14.9,14.2,0.17,6.1,5.8,shooting
FRA-Ligue 1,2024,Paris S-G,Presnel Kimpembe,FRA,DF,29-241,1995,0.1,0,0,0,,0.0,0.0,,,,0,0,0,0.0,0.0,,0.0,0.0,shooting
FRA-Ligue 1,2024,Paris S-G,Randal Kolo Muani,FRA,FW,26-127,1998,4.0,2,15,6,40.0,3.77,1.51,0.07,0.17,11.8,0,1,1,4.7,3.9,0.26,-2.7,-2.9,shooting
FRA-Ligue 1,2024,Paris S-G,Senny Mayulu,FRA,MF,18-329,2006,5.3,1,16,5,31.3,3.04,0.95,0.06,0.2,15.8,0,0,0,2.1,2.1,0.13,-1.1,-1.1,shooting
FRA-Ligue 1,2024,Paris S-G,Vitinha,POR,MF,25-057,2000,19.4,4,19,7,36.8,0.98,0.36,0.11,0.29,25.5,1,2,2,2.9,1.3,0.07,1.1,0.7,shooting
FRA-Ligue 1,2024,Paris S-G,Warren Zaïre-Emery,FRA,"MF,DF",19-034,2006,18.4,1,14,7,50.0,0.76,0.38,0.07,0.14,20.0,0,0,0,1.4,1.4,0.1,-0.4,-0.4,shooting
FRA-Ligue 1,2024,Paris S-G,Willian Pacho,ECU,DF,23-177,2001,21.4,0,3,1,33.3,0.14,0.05,0.0,0.0,8.7,0,0,0,0.2,0.2,0.07,-0.2,-0.2,shooting
FRA-Ligue 1,2024,Paris S-G,Yoram Zague,FRA,DF,18-331,2006,1.8,0,1,1,100.0,0.56,0.56,0.0,0.0,10.3,0,0,0,0.1,0.1,0.05,-0.1,-0.1,shooting
FRA-Ligue 1,2024,Reims,Abdoul Koné,FRA,DF,19-354,2005,1.3,0,0,0,,0.0,0.0,,,,0,0,0,0.0,0.0,,0.0,0.0,shooting
FRA-Ligue 1,2024,Reims,Amadou Koné,MLI,MF,19-332,2005,9.7,0,11,2,18.2,1.13,0.21,0.0,0.0,25.4,0,0,0,0.5,0.5,0.04,-0.5,-0.5,shooting
FRA-Ligue 1,2024,Reims,Amine Salama,FRA,FW,24-267,2000,4.1,0,9,3,33.3,2.17,0.72,0.0,0.0,16.3,1,0,0,0.7,0.7,0.08,-0.7,-0.7,shooting
FRA-Ligue 1,2024,Reims,Ange Martial Tia,MLI,MF,18-142,2006,0.0,0,0,0,,0.0,0.0,,,,0,0,0,0.0,0.0,,0.0,0.0,shooting
FRA-Ligue 1,2024,Reims,Aurélio Buta,POR,DF,28-060,1997,17.6,0,7,1,14.3,0.4,0.06,0.0,0.0,22.4,0,0,0,0.2,0.2,0.03,-0.2,-0.2,shooting
FRA-Ligue 1,2024,Reims,Cédric Kipré,CIV,DF,28-123,1996,19.8,0,7,1,14.3,0.35,0.05,0.0,0.0,13.2,0,0,0,0.6,0.6,0.09,-0.6,-0.6,shooting
FRA-Ligue 1,2024,Reims,Eloge Zabi,CIV,"DF,MF",18-199,2006,0.2,0,0,0,,0.0,0.0,,,,0,0,0,0.0,0.0,,0.0,0.0,shooting
FRA-Ligue 1,2024,Reims,Emmanuel Agbadou,CIV,DF,27-298,1997,14.0,0,15,3,20.0,1.07,0.21,0.0,0.0,28.8,1,0,0,0.5,0.5,0.04,-0.5,-0.5,shooting
FRA-Ligue 1,2024,Reims,Gabriel Moscardo,BRA,MF,19-195,2005,0.4,0,1,0,0.0,2.81,0.0,0.0,,26.8,0,0,0,0.0,0.0,0.03,0.0,0.0,shooting
FRA-Ligue 1,2024,Reims,Hafiz Ibrahim,NGA,FW,19-112,2005,2.5,0,3,0,0.0,1.21,0.0,0.0,,12.3,0,0,0,0.3,0.3,0.09,-0.3,-0.3,shooting
FRA-Ligue 1,2024,Reims,Hiroki Sekine,JPN,DF,22-243,2002,5.5,0,3,0,0.0,0.55,0.0,0.0,,15.0,0,0,0,0.1,0.1,0.02,-0.1,-0.1,shooting
FRA-Ligue 1,2024,Reims,Ike Orazi,IRL,MF,17-304,2007,0.0,0,0,0,,0.0,0.0,,,,0,0,0,0.0,0.0,,0.0,0.0,shooting
FRA-Ligue 1,2024,Reims,John Joe,IRL,MF,21-169,2003,5.1,0,2,1,50.0,0.39,0.2,0.0,0.0,20.2,0,0,0,0.0,0.0,0.02,0.0,0.0,shooting
FRA-Ligue 1,2024,Reims,Jordan Pefok,USA,FW,28-350,1996,0.1,0,1,0,0.0,10.0,0.0,0.0,,10.8,0,0,0,0.1,0.1,0.06,-0.1,-0.1,shooting
FRA-Ligue 1,2024,Reims,Joseph Okumu,KEN,DF,27-320,1997,15.9,1,12,2,16.7,0.76,0.13,0.08,0.5,16.5,0,0,0,1.0,1.0,0.08,0.0,0.0,shooting
FRA-Ligue 1,2024,Reims,Junya Ito,JPN,FW,32-033,1993,26.4,4,27,11,40.7,1.02,0.42,0.15,0.36,12.6,0,0,0,4.5,4.5,0.17,-0.5,-0.5,shooting
FRA-Ligue 1,2024,Reims,Keito Nakamura,JPN,FW,24-257,2000,24.6,9,68,26,38.2,2.77,1.06,0.13,0.35,16.9,1,0,0,7.2,7.2,0.11,1.8,1.8,shooting
FRA-Ligue 1,2024,Reims,Malcolm Jeng,SWE,DF,20-033,2005,0.5,0,0,0,,0.0,0.0,,,,0,0,0,0.0,0.0,,0.0,0.0,shooting
FRA-Ligue 1,2024,Reims,Mamadou Diakhon,FRA,"FW,MF",19-201,2005,8.0,2,15,7,46.7,1.87,0.87,0.13,0.29,19.1,2,0,0,0.9,0.9,0.06,1.1,1.1,shooting
FRA-Ligue 1,2024,Reims,Marshall Munetsi,ZIM,MF,28-293,1996,18.8,4,32,10,31.3,1.7,0.53,0.13,0.4,13.2,0,0,0,4.0,4.0,0.12,0.0,0.0,shooting
FRA-Ligue 1,2024,Reims,Martin Adeline,FRA,MF,21-130,2003,0.3,0,0,0,,0.0,0.0,,,,0,0,0,0.0,0.0,,0.0,0.0,shooting
FRA-Ligue 1,2024,Reims,Mohamed Bamba,CIV,MF,20-185,2004,0.1,0,0,0,,0.0,0.0,,,,0,0,0,0.0,0.0,,0.0,0.0,shooting
FRA-Ligue 1,2024,Reims,Mohammed Daramy,DEN,FW,23-094,2002,0.2,0,1,0,0.0,5.63,0.0,0.0,,16.7,0,0,0,0.0,0.0,0.03,0.0,0.0,shooting
FRA-Ligue 1,2024,Reims,Mory Gbane,CIV,"DF,MF",24-107,2000,7.5,0,3,1,33.3,0.4,0.13,0.0,0.0,28.1,0,0,0,0.1,0.1,0.04,-0.1,-0.1,shooting
FRA-Ligue 1,2024,Reims,Nhoa Sangui,FRA,"DF,MF",19-043,2006,10.5,0,3,0,0.0,0.28,0.0,0.0,,24.5,0,0,0,0.1,0.1,0.03,-0.1,-0.1,shooting
FRA-Ligue 1,2024,Reims,Niama Sissoko,MLI,"FW,MF",19-116,2005,0.5,0,3,0,0.0,5.74,0.0,0.0,,12.1,0,0,0,0.3,0.3,0.09,-0.3,-0.3,shooting
FRA-Ligue 1,2024,Reims,Oumar Diakité,CIV,FW,21-112,2003,17.8,4,26,9,34.6,1.46,0.51,0.15,0.44,12.1,0,0,1,5.5,4.7,0.18,-1.5,-0.7,shooting
FRA-Ligue 1,2024,Reims,Reda Khadra,GER,"MF,FW",23-281,2001,0.9,0,0,0,,0.0,0.0,,,,0,0,0,0.0,0.0,,0.0,0.0,shooting
FRA-Ligue 1,2024,Reims,Sergio Akieme,ESP,DF,27-116,1997,22.5,1,23,6,26.1,1.02,0.27,0.04,0.17,20.4,0,0,0,1.3,1.3,0.06,-0.3,-0.3,shooting
FRA-Ligue 1,2024,Reims,Teddy Teuma,MLT,MF,31-193,1993,8.3,1,13,2,15.4,1.56,0.24,0.0,0.0,23.9,2,1,1,1.4,0.6,0.05,-0.4,-0.6,shooting
FRA-Ligue 1,2024,Reims,Thibault De Smet,BEL,DF,26-310,1998,2.1,0,1,0,0.0,0.47,0.0,0.0,,12.3,0,0,0,0.1,0.1,0.14,-0.1,-0.1,shooting
FRA-Ligue 1,2024,Reims,Valentin Atangana Edoa,FRA,MF,19-229,2005,25.7,1,27,6,22.2,1.05,0.23,0.04,0.17,19.4,0,0,0,1.7,1.7,0.07,-0.7,-0.7,shooting
FRA-Ligue 1,2024,Reims,Yaya Kader Fofana,MLI,"MF,FW",20-303,2004,7.0,1,13,4,30.8,1.85,0.57,0.08,0.25,20.1,0,0,0,0.6,0.6,0.05,0.4,0.4,shooting
FRA-Ligue 1,2024,Reims,Yehvann Diouf,FRA,GK,25-146,1999,28.0,0,1,1,100.0,0.04,0.04,0.0,0.0,11.8,0,0,0,0.1,0.1,0.06,-0.1,-0.1,shooting
FRA-Ligue 1,2024,Rennes,Adrien Truffert,FRA,"DF,MF",23-142,2001,24.6,1,20,8,40.0,0.81,0.33,0.05,0.13,20.0,0,0,0,2.1,2.0,0.1,-1.1,-1.0,shooting
FRA-Ligue 1,2024,Rennes,Albert Grønbaek,DEN,"MF,FW",23-323,2001,9.0,2,22,9,40.9,2.44,1.0,0.09,0.22,18.6,2,0,0,1.5,1.5,0.07,0.5,0.5,shooting
FRA-Ligue 1,2024,Rennes,Alidu Seidu,GHA,DF,24-311,2000,8.9,0,3,0,0.0,0.34,0.0,0.0,,19.9,0,0,0,0.1,0.1,0.04,-0.1,-0.1,shooting
FRA-Ligue 1,2024,Rennes,Amine Gouiri,ALG,"MF,FW",25-054,2000,11.5,3,31,16,51.6,2.69,1.39,0.1,0.19,16.4,0,0,0,3.5,3.5,0.11,-0.5,-0.5,shooting
FRA-Ligue 1,2024,Rennes,Anthony Rouault,FRA,DF,23-317,2001,4.8,0,4,2,50.0,0.83,0.42,0.0,0.0,11.6,0,0,0,0.2,0.2,0.04,-0.2,-0.2,shooting
FRA-Ligue 1,2024,Rennes,Arnaud Kalimuendo,FRA,"FW,MF",23-081,2002,23.9,13,56,21,37.5,2.34,0.88,0.14,0.38,16.7,1,5,7,11.9,6.7,0.12,1.1,1.3,shooting
FRA-Ligue 1,2024,Rennes,Ayanda Sishuba,BEL,FW,20-068,2005,0.0,0,0,0,,0.0,0.0,,,,0,0,0,0.0,0.0,,0.0,0.0,shooting
FRA-Ligue 1,2024,Rennes,Azor Matusiwa,NED,MF,26-348,1998,18.2,0,5,0,0.0,0.28,0.0,0.0,,24.6,0,0,0,0.2,0.2,0.05,-0.2,-0.2,shooting
FRA-Ligue 1,2024,Rennes,Baptiste Santamaria,FRA,MF,30-033,1995,5.4,0,4,1,25.0,0.75,0.19,0.0,0.0,19.1,0,0,0,0.1,0.1,0.03,-0.1,-0.1,shooting
FRA-Ligue 1,2024,Rennes,Benjamin Bourigeaud,FRA,MF,31-087,1994,0.9,1,2,1,50.0,2.25,1.13,0.5,1.0,16.1,1,0,0,0.2,0.2,0.08,0.8,0.8,shooting
FRA-Ligue 1,2024,Rennes,Brice Samba,FRA,GK,30-351,1994,11.0,0,0,0,,0.0,0.0,,,,0,0,0,0.0,0.0,,0.0,0.0,shooting
FRA-Ligue 1,2024,Rennes,Carlos Gómez,COL,"MF,FW",22-211,2002,3.5,1,5,3,60.0,1.41,0.85,0.2,0.33,21.8,0,0,0,0.2,0.2,0.03,0.8,0.8,shooting
FRA-Ligue 1,2024,Rennes,Christopher Wooh,CMR,DF,23-205,2001,15.5,0,10,4,40.0,0.64,0.26,0.0,0.0,9.2,0,0,0,1.3,1.3,0.13,-1.3,-1.3,shooting
FRA-Ligue 1,2024,Rennes,Djaoui Cissé,FRA,MF,21-070,2004,7.3,1,12,6,50.0,1.64,0.82,0.08,0.17,28.5,0,0,0,0.3,0.3,0.03,0.7,0.7,shooting
FRA-Ligue 1,2024,Rennes,Gauthier Gallon,FRA,GK,31-353,1993,0.5,0,0,0,,0.0,0.0,,,,0,0,0,0.0,0.0,,0.0,0.0,shooting
FRA-Ligue 1,2024,Rennes,Glen Kamara,FIN,MF,29-165,1995,7.4,0,1,0,0.0,0.14,0.0,0.0,,16.2,0,0,0,0.2,0.2,0.17,-0.2,-0.2,shooting
FRA-Ligue 1,2024,Rennes,Hans Hateboer,NED,DF,31-092,1994,18.5,0,8,0,0.0,0.43,0.0,0.0,,16.5,0,0,0,0.4,0.4,0.05,-0.4,-0.4,shooting
FRA-Ligue 1,2024,Rennes,Henrik Meister,DEN,FW,21-145,2003,0.7,1,2,1,50.0,2.86,1.43,0.5,1.0,17.4,0,0,0,0.1,0.1,0.03,0.9,0.9,shooting
FRA-Ligue 1,2024,Rennes,Ismaël Koné,CAN,MF,22-309,2002,3.1,1,3,1,33.3,0.96,0.32,0.33,1.0,20.3,0,0,0,0.1,0.1,0.03,0.9,0.9,shooting
FRA-Ligue 1,2024,Rennes,Jordan James,WAL,MF,20-283,2004,11.6,0,16,3,18.8,1.38,0.26,0.0,0.0,22.1,0,0,0,0.7,0.7,0.04,-0.7,-0.7,shooting
FRA-Ligue 1,2024,Rennes,Jota,POR,"FW,MF",26-012,1999,3.7,1,4,2,50.0,1.08,0.54,0.25,0.5,9.7,0,0,0,1.3,1.3,0.33,-0.3,-0.3,shooting
FRA-Ligue 1,2024,Rennes,Jérémy Jacquet,FRA,DF,19-272,2005,5.6,0,5,3,60.0,0.89,0.53,0.0,0.0,9.7,0,0,0,0.4,0.4,0.09,-0.4,-0.4,shooting
FRA-Ligue 1,2024,Rennes,Kazeem Olaigbe,BEL,"MF,FW",22-099,2003,2.0,0,5,2,40.0,2.46,0.98,0.0,0.0,19.5,0,0,0,0.3,0.3,0.06,-0.3,-0.3,shooting
FRA-Ligue 1,2024,Rennes,Kyogo Furuhashi,JPN,FW,30-081,1995,1.3,0,1,0,0.0,0.78,0.0,0.0,,22.7,0,0,0,0.1,0.1,0.13,-0.1,-0.1,shooting
FRA-Ligue 1,2024,Rennes,Leo Skiri Østigård,NOR,DF,25-134,1999,13.6,1,6,2,33.3,0.44,0.15,0.17,0.5,8.8,0,0,0,0.7,0.7,0.11,0.3,0.3,shooting
FRA-Ligue 1,2024,Rennes,Lilian Brassier,FRA,DF,25-160,1999,7.7,1,10,1,10.0,1.3,0.13,0.1,1.0,14.2,0,0,0,1.3,1.3,0.13,-0.3,-0.3,shooting
FRA-Ligue 1,2024,Rennes,Lorenz Assignon,TOG,"DF,MF",24-293,2000,21.2,2,16,4,25.0,0.75,0.19,0.13,0.5,16.8,0,0,0,1.6,1.6,0.1,0.4,0.4,shooting
FRA-Ligue 1,2024,Rennes,Ludovic Blas,FRA,"MF,FW",27-101,1997,22.2,6,50,24,48.0,2.26,1.08,0.12,0.25,16.7,1,0,0,4.7,4.7,0.1,1.3,1.3,shooting
FRA-Ligue 1,2024,Rennes,Mahamadou Nagida,CMR,DF,19-287,2005,4.8,2,6,3,50.0,1.26,0.63,0.33,0.67,16.6,1,0,0,1.5,1.5,0.25,0.5,0.5,shooting
FRA-Ligue 1,2024,Rennes,Mikayil Ngor Faye,SEN,DF,20-271,2004,7.6,0,6,3,50.0,0.78,0.39,0.0,0.0,16.6,0,0,0,0.4,0.4,0.06,-0.4,-0.4,shooting
FRA-Ligue 1,2024,Rennes,Mohamed Meité,FRA,FW,17-182,2007,4.4,0,10,1,10.0,2.28,0.23,0.0,0.0,11.5,0,0,0,1.1,1.1,0.11,-1.1,-1.1,shooting
FRA-Ligue 1,2024,Rennes,Musa Al-Taamari,JOR,"MF,FW",27-305,1997,3.2,0,10,2,20.0,3.15,0.63,0.0,0.0,15.5,1,0,0,1.3,1.3,0.13,-1.3,-1.3,shooting
FRA-Ligue 1,2024,Rennes,Naouirou Ahamada,FRA,"MF,FW",23-013,2002,0.6,0,1,0,0.0,1.55,0.0,0.0,,28.2,0,0,0,0.0,0.0,0.02,0.0,0.0,shooting
FRA-Ligue 1,2024,Rennes,Seko Fofana,CIV,MF,29-339,1995,6.4,1,17,4,23.5,2.67,0.63,0.06,0.25,20.7,0,0,0,0.9,0.9,0.06,0.1,0.1,shooting
FRA-Ligue 1,2024,Rennes,Steve Mandanda,FRA,GK,40-014,1985,16.5,0,0,0,,0.0,0.0,,,,0,0,0,0.0,0.0,,0.0,0.0,shooting
FRA-Ligue 1,2024,Saint-Étienne,Aimen Moueffek,FRA,MF,24-002,2001,7.4,0,8,2,25.0,1.08,0.27,0.0,0.0,16.9,0,0,0,0.9,0.9,0.11,-0.9,-0.9,shooting
FRA-Ligue 1,2024,Saint-Étienne,Anthony Briançon,FRA,DF,30-134,1994,0.0,0,0,0,,0.0,0.0,,,,0,0,0,0.0,0.0,,0.0,0.0,shooting
FRA-Ligue 1,2024,Saint-Étienne,Augustine Boakye,GHA,"FW,MF",24-159,2000,8.1,3,24,9,37.5,2.95,1.11,0.13,0.33,20.8,1,0,0,1.8,1.8,0.08,1.2,1.2,shooting
FRA-Ligue 1,2024,Saint-Étienne,Ayman Aiki,FRA,"FW,MF",19-290,2005,1.4,0,3,1,33.3,2.13,0.71,0.0,0.0,23.5,0,0,0,0.1,0.1,0.03,-0.1,-0.1,shooting
FRA-Ligue 1,2024,Saint-Étienne,Ben Old,NZL,"MF,FW",22-241,2002,4.7,0,9,2,22.2,1.9,0.42,0.0,0.0,17.9,0,0,0,0.9,0.9,0.1,-0.9,-0.9,shooting
FRA-Ligue 1,2024,Saint-Étienne,Benjamin Bouchouari,MAR,MF,23-149,2001,17.4,1,13,2,15.4,0.75,0.11,0.08,0.5,23.4,0,0,0,0.6,0.6,0.05,0.4,0.4,shooting
FRA-Ligue 1,2024,Saint-Étienne,Beres Owusu,FRA,DF,21-204,2003,1.0,0,0,0,,0.0,0.0,,,,0,0,0,0.0,0.0,,0.0,0.0,shooting
FRA-Ligue 1,2024,Saint-Étienne,Dennis Appiah,FRA,DF,32-306,1992,17.7,0,3,1,33.3,0.17,0.06,0.0,0.0,21.0,0,0,0,0.1,0.1,0.04,-0.1,-0.1,shooting
FRA-Ligue 1,2024,Saint-Étienne,Djylian N'Guessan,FRA,FW,16-224,2008,1.4,0,3,0,0.0,2.11,0.0,0.0,,11.5,0,0,0,0.4,0.4,0.13,-0.4,-0.4,shooting
FRA-Ligue 1,2024,Saint-Étienne,Dylan Batubinsika,COD,DF,29-055,1996,21.9,0,5,1,20.0,0.23,0.05,0.0,0.0,11.5,0,0,0,0.5,0.5,0.11,-0.5,-0.5,shooting
FRA-Ligue 1,2024,Saint-Étienne,Florian Tardieu,FRA,MF,32-354,1992,7.6,0,5,0,0.0,0.66,0.0,0.0,,16.5,0,0,0,0.2,0.2,0.05,-0.2,-0.2,shooting
FRA-Ligue 1,2024,Saint-Étienne,Gautier Larsonneur,FRA,GK,28-047,1997,27.0,0,0,0,,0.0,0.0,,,,0,0,0,0.0,0.0,,0.0,0.0,shooting
FRA-Ligue 1,2024,Saint-Étienne,Ibrahim Sissoko,MLI,FW,29-135,1995,9.0,3,21,4,19.0,2.34,0.44,0.1,0.5,14.6,0,1,1,4.3,3.5,0.17,-1.3,-1.5,shooting
FRA-Ligue 1,2024,Saint-Étienne,Ibrahima Wadji,SEN,"FW,MF",29-341,1995,1.6,0,5,0,0.0,3.21,0.0,0.0,,14.9,0,0,0,0.3,0.3,0.06,-0.3,-0.3,shooting
FRA-Ligue 1,2024,Saint-Étienne,Igor Miladinović,SRB,"FW,MF",21-307,2003,0.3,0,0,0,,0.0,0.0,,,,0,0,0,0.0,0.0,,0.0,0.0,shooting
FRA-Ligue 1,2024,Saint-Étienne,Irvin Cardona,FRA,FW,27-246,1997,5.8,2,9,5,55.6,1.56,0.87,0.22,0.4,15.4,0,0,1,2.2,1.4,0.16,-0.2,0.6,shooting
FRA-Ligue 1,2024,Saint-Étienne,Jibril Othman,TUN,FW,20-350,2004,0.1,0,0,0,,0.0,0.0,,,,0,0,0,0.0,0.0,,0.0,0.0,shooting
FRA-Ligue 1,2024,Saint-Étienne,Kévin Pedro,FRA,DF,19-049,2006,0.1,0,0,0,,0.0,0.0,,,,0,0,0,0.0,0.0,,0.0,0.0,shooting
FRA-Ligue 1,2024,Saint-Étienne,Lamine Fomba,FRA,MF,27-075,1998,2.4,0,1,0,0.0,0.41,0.0,0.0,,27.0,0,0,0,0.0,0.0,0.02,0.0,0.0,shooting
FRA-Ligue 1,2024,Saint-Étienne,Louis Mouton,FRA,MF,22-312,2002,10.8,0,16,3,18.8,1.48,0.28,0.0,0.0,22.3,0,0,0,1.2,1.2,0.07,-1.2,-1.2,shooting
FRA-Ligue 1,2024,Saint-Étienne,Lucas Stassin,BEL,FW,20-134,2004,17.1,7,32,14,43.8,1.87,0.82,0.22,0.5,13.4,0,0,0,6.2,6.2,0.19,0.8,0.8,shooting
FRA-Ligue 1,2024,Saint-Étienne,Léo Pétrot,FRA,DF,27-361,1997,22.3,0,5,2,40.0,0.22,0.09,0.0,0.0,11.4,0,0,0,0.5,0.5,0.1,-0.5,-0.5,shooting
FRA-Ligue 1,2024,Saint-Étienne,Marwann Nzuzi,FRA,DF,20-330,2004,1.4,0,2,1,50.0,1.44,0.72,0.0,0.0,24.9,0,0,0,0.0,0.0,0.02,0.0,0.0,shooting
FRA-Ligue 1,2024,Saint-Étienne,Mathieu Cafaro,FRA,"MF,FW",28-017,1997,8.1,1,23,10,43.5,2.83,1.23,0.04,0.1,20.3,2,0,0,1.5,1.5,0.06,-0.5,-0.5,shooting
FRA-Ligue 1,2024,Saint-Étienne,Mathis Amougou,FRA,MF,19-083,2006,9.5,0,7,1,14.3,0.73,0.1,0.0,0.0,18.9,0,0,0,0.5,0.5,0.06,-0.5,-0.5,shooting
FRA-Ligue 1,2024,Saint-Étienne,Maxime Bernauer,FRA,DF,26-284,1998,2.5,0,2,0,0.0,0.8,0.0,0.0,,25.1,0,0,0,0.1,0.1,0.03,-0.1,-0.1,shooting
FRA-Ligue 1,2024,Saint-Étienne,Mickael Nade,FRA,DF,26-038,1999,18.6,1,3,1,33.3,0.16,0.05,0.33,1.0,9.5,0,0,0,0.7,0.7,0.22,0.3,0.3,shooting
FRA-Ligue 1,2024,Saint-Étienne,Pierre Cornud,FRA,DF,28-120,1996,6.4,0,0,0,,0.0,0.0,,,,0,0,0,0.0,0.0,,0.0,0.0,shooting
FRA-Ligue 1,2024,Saint-Étienne,Pierre Ekwah Elimby,FRA,MF,23-086,2002,21.6,1,13,2,15.4,0.6,0.09,0.08,0.5,26.0,0,0,0,0.4,0.4,0.03,0.6,0.6,shooting
FRA-Ligue 1,2024,Saint-Étienne,Yunis Abdelhamid,MAR,DF,37-195,1987,10.9,0,2,1,50.0,0.18,0.09,0.0,0.0,10.8,0,0,0,0.2,0.2,0.12,-0.2,-0.2,shooting
FRA-Ligue 1,2024,Saint-Étienne,Yvann Macon,FRA,DF,26-192,1998,7.8,0,10,2,20.0,1.29,0.26,0.0,0.0,20.3,0,0,0,0.3,0.3,0.03,-0.3,-0.3,shooting
FRA-Ligue 1,2024,Saint-Étienne,Zuriko Davitashvili,GEO,"FW,MF",24-055,2001,24.0,7,49,18,36.7,2.05,0.75,0.1,0.28,19.6,4,2,2,6.2,4.6,0.1,0.8,0.4,shooting
FRA-Ligue 1,2024,Strasbourg,Abakar Sylla,CIV,DF,22-107,2002,10.2,1,5,1,20.0,0.49,0.1,0.2,1.0,9.0,0,0,0,0.4,0.4,0.08,0.6,0.6,shooting
FRA-Ligue 1,2024,Strasbourg,Andrew Omobamidele,IRL,DF,22-292,2002,2.7,0,0,0,,0.0,0.0,,,,0,0,0,0.0,0.0,,0.0,0.0,shooting
FRA-Ligue 1,2024,Strasbourg,Andrey Santos,BRA,MF,20-343,2004,25.7,9,35,14,40.0,1.36,0.54,0.26,0.64,16.3,0,0,0,4.3,4.3,0.12,4.7,4.7,shooting
FRA-Ligue 1,2024,Strasbourg,Caleb Wiley,USA,"DF,MF",20-110,2004,3.0,0,1,0,0.0,0.34,0.0,0.0,,27.3,0,0,0,0.0,0.0,0.03,0.0,0.0,shooting
FRA-Ligue 1,2024,Strasbourg,Diego Moreira,POR,"DF,MF",20-248,2004,24.4,1,23,7,30.4,0.94,0.29,0.04,0.14,16.0,1,0,0,1.9,1.9,0.08,-0.9,-0.9,shooting
FRA-Ligue 1,2024,Strasbourg,Dilane Bakwa,FRA,"MF,FW",22-228,2002,22.3,4,41,19,46.3,1.84,0.85,0.1,0.21,21.5,5,0,0,4.0,4.0,0.1,0.0,0.0,shooting
FRA-Ligue 1,2024,Strasbourg,Eduard Sobol,UKR,DF,29-356,1995,1.0,0,0,0,,0.0,0.0,,,,0,0,0,0.0,0.0,,0.0,0.0,shooting
FRA-Ligue 1,2024,Strasbourg,Emanuel Emegha,NED,FW,22-067,2003,21.5,12,54,31,57.4,2.51,1.44,0.22,0.39,12.3,0,0,0,15.2,15.2,0.28,-3.2,-3.2,shooting
FRA-Ligue 1,2024,Strasbourg,Félix Lemaréchal,FRA,"MF,FW",21-247,2003,15.1,3,16,7,43.8,1.06,0.46,0.19,0.43,13.9,0,0,0,2.5,2.5,0.16,0.5,0.5,shooting
FRA-Ligue 1,2024,Strasbourg,Guela Doué,CIV,DF,22-176,2002,25.2,1,17,6,35.3,0.68,0.24,0.06,0.17,13.8,0,0,0,0.8,0.8,0.05,0.2,0.2,shooting
FRA-Ligue 1,2024,Strasbourg,Guimissongui Ouattara,FRA,"FW,DF",19-171,2005,4.2,1,4,1,25.0,0.94,0.24,0.25,1.0,18.8,0,0,0,0.3,0.3,0.08,0.7,0.7,shooting
FRA-Ligue 1,2024,Strasbourg,Habib Diarra,SEN,"MF,FW",21-098,2004,22.0,4,22,10,45.5,1.0,0.45,0.09,0.2,20.2,0,2,2,3.0,1.4,0.06,1.0,0.6,shooting
FRA-Ligue 1,2024,Strasbourg,Ismaël Doukouré,FRA,"DF,MF",21-261,2003,23.8,1,2,1,50.0,0.08,0.04,0.5,1.0,13.8,0,0,0,0.5,0.5,0.24,0.5,0.5,shooting
FRA-Ligue 1,2024,Strasbourg,Junior Mwanga,FRA,MF,21-335,2003,3.3,0,0,0,,0.0,0.0,,,,0,0,0,0.0,0.0,,0.0,0.0,shooting
FRA-Ligue 1,2024,Strasbourg,Jérémy Sebas,MTQ,"FW,MF",21-362,2003,2.1,0,6,2,33.3,2.84,0.95,0.0,0.0,15.6,0,0,0,0.7,0.7,0.12,-0.7,-0.7,shooting
FRA-Ligue 1,2024,Strasbourg,Karl-Johan Johnsson,SWE,GK,35-073,1990,3.0,0,0,0,,0.0,0.0,,,,0,0,0,0.0,0.0,,0.0,0.0,shooting
FRA-Ligue 1,2024,Strasbourg,Karol Fila,POL,MF,26-302,1998,0.1,0,0,0,,0.0,0.0,,,,0,0,0,0.0,0.0,,0.0,0.0,shooting
FRA-Ligue 1,2024,Strasbourg,Mamadou Sarr,FRA,DF,19-225,2005,21.5,0,4,0,0.0,0.19,0.0,0.0,,7.3,0,0,0,0.6,0.6,0.15,-0.6,-0.6,shooting
FRA-Ligue 1,2024,Strasbourg,Marvin Senaya,TOG,DF,24-073,2001,2.5,0,1,0,0.0,0.4,0.0,0.0,,22.5,0,0,0,0.0,0.0,0.01,0.0,0.0,shooting
FRA-Ligue 1,2024,Strasbourg,Milos Lukovic,SRB,"FW,MF",19-144,2005,0.1,0,0,0,,0.0,0.0,,,,0,0,0,0.0,0.0,,0.0,0.0,shooting
FRA-Ligue 1,2024,Strasbourg,Nordine Kandil,FRA,MF,23-162,2001,0.1,0,0,0,,0.0,0.0,,,,0,0,0,0.0,0.0,,0.0,0.0,shooting
FRA-Ligue 1,2024,Strasbourg,Pape Daouda Diongue,SEN,"MF,FW",,,0.9,1,5,2,40.0,5.77,2.31,0.2,0.5,11.5,0,0,0,1.0,1.0,0.2,0.0,0.0,shooting
FRA-Ligue 1,2024,Strasbourg,Saidou Sow,GUI,DF,22-281,2002,11.3,0,4,1,25.0,0.35,0.09,0.0,0.0,10.6,0,0,0,0.3,0.3,0.08,-0.3,-0.3,shooting
FRA-Ligue 1,2024,Strasbourg,Samuel Amo-Ameyaw,ENG,"DF,FW",18-267,2006,1.3,1,5,3,60.0,3.75,2.25,0.2,0.33,18.1,0,0,0,0.5,0.5,0.1,0.5,0.5,shooting
FRA-Ligue 1,2024,Strasbourg,Sebastian Nanasi,SWE,"FW,MF",22-330,2002,21.0,5,25,10,40.0,1.19,0.48,0.2,0.5,11.7,1,0,0,5.8,5.8,0.23,-0.8,-0.8,shooting
FRA-Ligue 1,2024,Strasbourg,Sekou Mara,FRA,"FW,MF",22-255,2002,7.1,1,15,3,20.0,2.1,0.42,0.07,0.33,16.3,0,0,0,1.1,1.1,0.07,-0.1,-0.1,shooting
FRA-Ligue 1,2024,Strasbourg,Thomas Delaine,FRA,DF,33-018,1992,0.1,0,0,0,,0.0,0.0,,,,0,0,0,0.0,0.0,,0.0,0.0,shooting
FRA-Ligue 1,2024,Strasbourg,Valentín Barco,ARG,"MF,DF",20-262,2004,7.3,0,5,0,0.0,0.69,0.0,0.0,,25.6,1,0,0,0.1,0.1,0.03,-0.1,-0.1,shooting
FRA-Ligue 1,2024,Strasbourg,Óscar Perea,COL,MF,19-196,2005,0.1,0,0,0,,0.0,0.0,,,,0,0,0,0.0,0.0,,0.0,0.0,shooting
FRA-Ligue 1,2024,Strasbourg,Đorđe Petrović,SRB,GK,25-185,1999,25.0,0,0,0,,0.0,0.0,,,,0,0,0,0.0,0.0,,0.0,0.0,shooting
FRA-Ligue 1,2024,Toulouse,Aron Dønnum,NOR,"DF,MF",26-356,1998,24.9,1,27,4,14.8,1.08,0.16,0.04,0.25,20.0,0,0,0,1.8,1.8,0.07,-0.8,-0.8,shooting
FRA-Ligue 1,2024,Toulouse,Charlie Cresswell,ENG,DF,22-237,2002,23.8,2,27,11,40.7,1.13,0.46,0.07,0.18,9.7,0,0,0,2.7,2.7,0.1,-0.7,-0.7,shooting
FRA-Ligue 1,2024,Toulouse,Cristian Cásseres Jr.,VEN,MF,25-081,2000,24.0,1,13,3,23.1,0.54,0.13,0.08,0.33,24.2,2,0,0,0.6,0.6,0.05,0.4,0.4,shooting
FRA-Ligue 1,2024,Toulouse,Denis Genreau,AUS,MF,25-325,1999,2.5,0,6,0,0.0,2.43,0.0,0.0,,21.2,0,0,0,0.3,0.3,0.05,-0.3,-0.3,shooting
FRA-Ligue 1,2024,Toulouse,Djibril Sidibé,FRA,DF,32-256,1992,17.6,0,4,1,25.0,0.23,0.06,0.0,0.0,12.0,1,0,0,0.3,0.3,0.09,-0.3,-0.3,shooting
FRA-Ligue 1,2024,Toulouse,Edhy Zuliani,ITA,DF,20-243,2004,0.1,0,0,0,,0.0,0.0,,,,0,0,0,0.0,0.0,,0.0,0.0,shooting
FRA-Ligue 1,2024,Toulouse,Frank Magri,CMR,FW,25-219,1999,11.4,5,33,13,39.4,2.89,1.14,0.15,0.38,12.3,0,0,0,4.7,4.7,0.14,0.3,0.3,shooting
FRA-Ligue 1,2024,Toulouse,Gabriel Suazo,CHI,DF,27-245,1997,20.8,0,7,4,57.1,0.34,0.19,0.0,0.0,17.1,2,0,0,0.8,0.8,0.12,-0.8,-0.8,shooting
FRA-Ligue 1,2024,Toulouse,Guillaume Restes,FRA,GK,20-031,2005,22.3,0,0,0,,0.0,0.0,,,,0,0,0,0.0,0.0,,0.0,0.0,shooting
FRA-Ligue 1,2024,Toulouse,Jaydee Canvot,FRA,"DF,MF",18-256,2006,8.3,0,3,1,33.3,0.36,0.12,0.0,0.0,16.6,0,0,0,0.1,0.1,0.05,-0.1,-0.1,shooting
FRA-Ligue 1,2024,Toulouse,Joshua King,NOR,"FW,MF",33-086,1992,14.4,5,36,15,41.7,2.5,1.04,0.14,0.33,15.6,0,0,0,5.2,5.2,0.15,-0.2,-0.2,shooting
FRA-Ligue 1,2024,Toulouse,Kjetil Haug,NOR,GK,26-303,1998,5.5,0,0,0,,0.0,0.0,,,,0,0,0,0.0,0.0,,0.0,0.0,shooting
FRA-Ligue 1,2024,Toulouse,Logan Costa,CPV,DF,24-010,2001,1.0,0,0,0,,0.0,0.0,,,,0,0,0,0.0,0.0,,0.0,0.0,shooting
FRA-Ligue 1,2024,Toulouse,Mark McKenzie,USA,DF,26-045,1999,24.4,1,7,2,28.6,0.29,0.08,0.14,0.5,9.6,0,0,0,1.4,1.4,0.19,-0.4,-0.4,shooting
FRA-Ligue 1,2024,Toulouse,Miha Zajc,SVN,MF,30-284,1994,2.7,0,6,2,33.3,2.2,0.73,0.0,0.0,22.1,0,0,0,0.2,0.2,0.04,-0.2,-0.2,shooting
FRA-Ligue 1,2024,Toulouse,Naatan Skyttä,FIN,FW,22-339,2002,0.1,0,0,0,,0.0,0.0,,,,0,0,0,0.0,0.0,,0.0,0.0,shooting
FRA-Ligue 1,2024,Toulouse,Niklas Schmidt,GER,MF,27-041,1998,2.3,0,3,1,33.3,1.32,0.44,0.0,0.0,25.3,0,0,0,0.1,0.1,0.03,-0.1,-0.1,shooting
FRA-Ligue 1,2024,Toulouse,Noah Edjouma,FRA,"MF,FW",19-189,2005,1.4,2,5,3,60.0,3.46,2.08,0.4,0.67,10.2,0,0,0,1.3,1.3,0.26,0.7,0.7,shooting
FRA-Ligue 1,2024,Toulouse,Rafik Messali,FRA,DF,21-348,2003,4.0,0,4,0,0.0,1.0,0.0,0.0,,15.1,0,0,0,0.3,0.3,0.07,-0.3,-0.3,shooting
FRA-Ligue 1,2024,Toulouse,Rasmus Nicolaisen,DEN,DF,28-026,1997,6.9,0,5,0,0.0,0.72,0.0,0.0,,8.7,0,0,0,0.4,0.4,0.09,-0.4,-0.4,shooting
FRA-Ligue 1,2024,Toulouse,Shavy Babicka,GAB,"MF,FW",24-314,2000,13.0,4,19,9,47.4,1.47,0.69,0.21,0.44,14.8,0,0,0,3.4,3.4,0.18,0.6,0.6,shooting
FRA-Ligue 1,2024,Toulouse,Vincent Sierro,SUI,MF,29-185,1995,20.7,5,20,3,15.0,0.96,0.14,0.15,1.0,20.2,0,2,2,3.4,1.8,0.09,1.6,1.2,shooting
FRA-Ligue 1,2024,Toulouse,Waren Kamanzi,NOR,"DF,MF",24-151,2000,8.8,0,4,0,0.0,0.45,0.0,0.0,,15.9,0,0,0,0.4,0.4,0.09,-0.4,-0.4,shooting
FRA-Ligue 1,2024,Toulouse,Yann Gboho,FRA,"MF,FW",24-087,2001,21.0,2,41,20,48.8,1.95,0.95,0.05,0.1,15.6,0,0,0,4.5,4.5,0.11,-2.5,-2.5,shooting
FRA-Ligue 1,2024,Toulouse,Zakaria Aboukhlal,MAR,"MF,FW",25-052,2000,20.3,7,59,24,40.7,2.91,1.18,0.1,0.25,14.5,0,1,2,10.1,8.5,0.14,-3.1,-2.5,shooting
FRA-Ligue 1,2024,Toulouse,Álex Domínguez,ESP,GK,26-255,1998,0.2,0,0,0,,0.0,0.0,,,,0,0,0,0.0,0.0,,0.0,0.0,shooting
FRA-Ligue 1,2024,Toulouse,Ümit Akdag,ROU,DF,21-187,2003,4.8,0,2,0,0.0,0.41,0.0,0.0,,24.3,0,0,0,0.1,0.1,0.04,-0.1,-0.1,shooting
