league,season,team,player,nation,pos,age,born,90s,Tackles,Tackles,Tackles,Tackles,Tackles,Challenges,Challenges,Challenges,Challenges,Blocks,Blocks,Blocks,Int,Tkl+Int,Clr,Err,stat_type
,,,,,,,,,Tkl,TklW,Def 3rd,Mid 3rd,Att 3rd,Tkl,Att,Tkl%,Lost,Blocks,Sh,Pass,,,,,
FRA-Ligue 1,2023,Brest,Achraf Dari,MAR,"DF,FW",24,1999,1.3,1,1,1,0,0,0,2,0.0,2,2,0,2,5,6,9,1,defense
FRA-Ligue 1,2023,Brest,Adrien Lebeau,FRA,"MF,FW",24,1999,0.6,0,0,0,0,0,0,3,0.0,3,2,1,1,0,0,1,0,defense
FRA-Ligue 1,2023,Brest,Axel Camblan,FRA,FW,19,2003,1.0,3,1,0,2,1,2,4,50.0,2,2,0,2,0,3,0,0,defense
FRA-Ligue 1,2023,Brest,Bilal Brahimi,ALG,"FW,MF",23,2000,2.5,0,0,0,0,0,0,3,0.0,3,3,0,3,0,0,0,0,defense
FRA-Ligue 1,2023,Brest,Bradley Locko,FRA,DF,21,2002,32.9,97,55,57,34,6,47,80,58.8,33,28,1,27,40,137,69,0,defense
FRA-Ligue 1,2023,Brest,Brendan Chardonnet,FRA,DF,28,1994,33.0,57,34,33,22,2,32,63,50.8,31,58,34,24,53,110,139,3,defense
FRA-Ligue 1,2023,Brest,Grégoire Coudert,FRA,GK,24,1999,2.0,0,0,0,0,0,0,0,,0,0,0,0,0,0,0,0,defense
FRA-Ligue 1,2023,Brest,Hianga Mananga Mbock,FRA,"MF,FW",23,1999,0.1,1,0,0,0,1,1,2,50.0,1,0,0,0,1,2,0,0,defense
FRA-Ligue 1,2023,Brest,Hugo Magnetti,FRA,MF,25,1998,26.0,49,27,18,26,5,24,58,41.4,34,19,1,18,18,67,18,0,defense
FRA-Ligue 1,2023,Brest,Jonas Martin,FRA,MF,33,1990,13.4,43,27,17,24,2,21,36,58.3,15,16,2,14,9,52,28,2,defense
FRA-Ligue 1,2023,Brest,Jordan Amavi,FRA,DF,29,1994,1.0,1,1,0,1,0,1,3,33.3,2,2,1,1,3,4,2,0,defense
FRA-Ligue 1,2023,Brest,Julien Le Cardinal,FRA,DF,25,1997,5.3,19,11,11,7,1,8,12,66.7,4,6,3,3,13,32,26,0,defense
FRA-Ligue 1,2023,Brest,Jérémy Le Douaron,FRA,FW,25,1998,18.0,21,10,7,9,5,11,26,42.3,15,14,1,13,2,23,10,0,defense
FRA-Ligue 1,2023,Brest,Kamory Doumbia,MLI,MF,20,2003,9.8,28,18,8,10,10,10,29,34.5,19,14,0,14,9,37,6,0,defense
FRA-Ligue 1,2023,Brest,Karamoko Dembélé,ENG,"MF,FW",20,2003,0.2,0,0,0,0,0,0,0,,0,0,0,0,0,0,0,0,defense
FRA-Ligue 1,2023,Brest,Kenny Lala,MAD,DF,31,1991,33.0,78,51,39,28,11,30,56,53.6,26,27,6,21,28,106,75,1,defense
FRA-Ligue 1,2023,Brest,Lilian Brassier,FRA,DF,23,1999,29.7,31,18,18,13,0,12,24,50.0,12,28,21,7,41,72,93,0,defense
FRA-Ligue 1,2023,Brest,Luc Zogbé,CIV,DF,18,2005,0.1,0,0,0,0,0,0,1,0.0,1,1,1,0,1,1,0,0,defense
FRA-Ligue 1,2023,Brest,Mahdi Camara,FRA,MF,25,1998,22.4,55,39,8,40,7,20,49,40.8,29,24,1,23,27,82,19,0,defense
FRA-Ligue 1,2023,Brest,Marco Bizot,NED,GK,32,1991,32.0,0,0,0,0,0,0,1,0.0,1,0,0,0,0,0,18,3,defense
FRA-Ligue 1,2023,Brest,Martin Satriano,URU,FW,22,2001,20.7,24,16,6,13,5,10,25,40.0,15,19,7,12,7,31,28,0,defense
FRA-Ligue 1,2023,Brest,Mathias Pereira Lage,POR,"FW,MF",26,1996,13.2,21,15,7,8,6,7,28,25.0,21,14,5,9,10,31,13,0,defense
FRA-Ligue 1,2023,Brest,Pierre Lees-Melou,FRA,MF,30,1993,28.0,96,67,51,41,4,49,129,38.0,80,61,11,50,43,139,64,3,defense
FRA-Ligue 1,2023,Brest,Romain Del Castillo,FRA,FW,27,1996,27.7,46,29,14,18,14,18,70,25.7,52,33,1,32,9,55,8,0,defense
FRA-Ligue 1,2023,Brest,Steve Mounié,BEN,FW,28,1994,19.7,8,7,0,3,5,3,11,27.3,8,13,3,10,2,10,18,0,defense
FRA-Ligue 1,2023,Clermont Foot,Abdellah Baallal,MAR,MF,18,2004,0.0,0,0,0,0,0,0,0,,0,1,0,1,0,0,0,0,defense
FRA-Ligue 1,2023,Clermont Foot,Alan Virginius,FRA,FW,20,2003,10.4,9,5,4,4,1,4,11,36.4,7,7,0,7,3,12,7,0,defense
FRA-Ligue 1,2023,Clermont Foot,Alidu Seidu,GHA,DF,23,2000,12.6,32,24,17,15,0,24,31,77.4,7,15,7,8,25,57,37,0,defense
FRA-Ligue 1,2023,Clermont Foot,Andy Pelmard,FRA,DF,23,2000,33.2,51,38,41,9,1,32,40,80.0,8,37,20,17,33,84,99,2,defense
FRA-Ligue 1,2023,Clermont Foot,Aïman Maurer,MAR,"MF,FW",18,2004,0.6,1,1,1,0,0,1,3,33.3,2,0,0,0,0,1,0,0,defense
FRA-Ligue 1,2023,Clermont Foot,Bilal Boutobba,FRA,"FW,MF",24,1998,10.3,22,12,6,10,6,10,23,43.5,13,9,0,9,8,30,3,0,defense
FRA-Ligue 1,2023,Clermont Foot,Cheick Konaté,MLI,DF,19,2004,11.9,26,15,17,9,0,20,36,55.6,16,16,2,14,13,39,21,0,defense
FRA-Ligue 1,2023,Clermont Foot,Chrislain Matsima,FRA,DF,21,2002,13.1,18,11,11,7,0,10,18,55.6,8,14,10,4,13,31,74,1,defense
FRA-Ligue 1,2023,Clermont Foot,Elba Rashani,KVX,"MF,FW",30,1993,13.1,30,18,4,17,9,11,24,45.8,13,17,3,14,12,42,15,0,defense
FRA-Ligue 1,2023,Clermont Foot,Florent Ogier,FRA,DF,34,1989,10.5,19,9,13,6,0,11,18,61.1,7,25,19,6,9,28,35,3,defense
FRA-Ligue 1,2023,Clermont Foot,Grejohn Kyei,FRA,FW,27,1995,11.4,6,4,2,2,2,2,3,66.7,1,5,1,4,1,7,10,0,defense
FRA-Ligue 1,2023,Clermont Foot,Habib Keita,MLI,MF,21,2002,14.2,34,19,14,15,5,17,28,60.7,11,27,10,17,29,63,30,0,defense
FRA-Ligue 1,2023,Clermont Foot,Ilhan Fakili,FRA,"MF,FW",17,2006,1.0,0,0,0,0,0,0,1,0.0,1,1,0,1,1,1,0,0,defense
FRA-Ligue 1,2023,Clermont Foot,Jim Allevinah,GAB,"MF,DF",28,1995,20.7,30,18,11,14,5,14,35,40.0,21,20,3,17,13,43,30,0,defense
FRA-Ligue 1,2023,Clermont Foot,Johan Gastien,FRA,MF,35,1988,25.1,43,22,18,21,4,23,81,28.4,58,31,9,22,36,79,24,4,defense
FRA-Ligue 1,2023,Clermont Foot,Joshua M'Bahia,CIV,MF,18,2005,0.2,0,0,0,0,0,0,0,,0,0,0,0,0,0,0,0,defense
FRA-Ligue 1,2023,Clermont Foot,Jérémie Bela,ANG,"MF,FW",30,1993,2.3,1,1,0,1,0,1,3,33.3,2,1,0,1,0,1,1,0,defense
FRA-Ligue 1,2023,Clermont Foot,Jérémy Jacquet,FRA,DF,18,2005,2.8,4,3,4,0,0,3,3,100.0,0,7,3,4,6,10,10,0,defense
FRA-Ligue 1,2023,Clermont Foot,Komnen Andrić,SRB,FW,28,1995,1.9,2,1,0,1,1,0,4,0.0,4,2,0,2,0,2,1,0,defense
FRA-Ligue 1,2023,Clermont Foot,Massamba Ndiaye,SEN,GK,21,2001,4.0,0,0,0,0,0,0,0,,0,0,0,0,0,0,2,0,defense
FRA-Ligue 1,2023,Clermont Foot,Mateusz Wieteska,POL,DF,26,1997,1.9,4,1,3,1,0,3,5,60.0,2,4,2,2,5,9,8,0,defense
FRA-Ligue 1,2023,Clermont Foot,Maxime Gonalons,FRA,MF,34,1989,14.4,47,33,14,27,6,25,57,43.9,32,18,3,15,20,67,11,0,defense
FRA-Ligue 1,2023,Clermont Foot,Maximiliano Caufriez,BEL,DF,26,1997,18.4,38,28,31,5,2,19,29,65.5,10,18,12,6,18,56,69,2,defense
FRA-Ligue 1,2023,Clermont Foot,Mehdi Zeffane,ALG,"DF,MF",31,1992,13.7,31,20,17,11,3,17,34,50.0,17,14,3,11,16,47,34,0,defense
FRA-Ligue 1,2023,Clermont Foot,Mohamed Bouchenna,FRA,"MF,FW",17,2006,0.3,1,0,1,0,0,0,0,,0,0,0,0,0,1,0,0,defense
FRA-Ligue 1,2023,Clermont Foot,Mory Diaw,SEN,GK,30,1993,30.0,1,1,1,0,0,1,2,50.0,1,0,0,0,1,2,13,5,defense
FRA-Ligue 1,2023,Clermont Foot,Muhammed Cham,AUT,"MF,FW",22,2000,28.4,25,14,10,13,2,11,27,40.7,16,20,2,18,8,33,5,1,defense
FRA-Ligue 1,2023,Clermont Foot,Neto Borges,BRA,DF,26,1996,28.0,48,24,25,18,5,28,63,44.4,35,28,6,22,57,105,84,0,defense
FRA-Ligue 1,2023,Clermont Foot,Shamar Nicholson,JAM,FW,26,1997,16.5,6,2,0,4,2,1,4,25.0,3,6,2,4,0,6,15,0,defense
FRA-Ligue 1,2023,Clermont Foot,Yohann Magnin,FRA,MF,26,1997,18.7,49,31,12,32,5,22,47,46.8,25,38,13,25,19,68,26,1,defense
FRA-Ligue 1,2023,Clermont Foot,Yoël Armougom,FRA,"DF,MF",25,1998,2.6,3,3,2,0,1,2,3,66.7,1,1,0,1,1,4,3,0,defense
FRA-Ligue 1,2023,Le Havre,Abdoulaye Touré,GUI,MF,29,1994,25.4,47,28,22,22,3,30,60,50.0,30,30,8,22,25,72,33,0,defense
FRA-Ligue 1,2023,Le Havre,Alois Confais,FRA,"MF,FW",26,1996,0.1,2,2,1,1,0,1,1,100.0,0,0,0,0,0,2,0,0,defense
FRA-Ligue 1,2023,Le Havre,André Ayew,GHA,FW,33,1989,12.3,15,11,7,6,2,6,9,66.7,3,8,3,5,2,17,11,0,defense
FRA-Ligue 1,2023,Le Havre,Antoine Joujou,FRA,"FW,MF",20,2003,8.7,20,12,7,7,6,11,21,52.4,10,11,2,9,7,27,5,0,defense
FRA-Ligue 1,2023,Le Havre,Arouna Sangante,SEN,DF,21,2002,29.9,53,33,27,23,3,24,40,60.0,16,35,18,17,66,119,93,2,defense
FRA-Ligue 1,2023,Le Havre,Arthur Desmas,FRA,GK,29,1994,33.0,0,0,0,0,0,0,2,0.0,2,0,0,0,0,0,13,1,defense
FRA-Ligue 1,2023,Le Havre,Christopher Operi,CIV,DF,26,1997,27.2,55,36,37,15,3,32,59,54.2,27,45,7,38,35,90,68,1,defense
FRA-Ligue 1,2023,Le Havre,Daler Kuzyaev,RUS,MF,30,1993,23.2,34,19,11,13,10,15,43,34.9,28,18,5,13,22,56,18,1,defense
FRA-Ligue 1,2023,Le Havre,Elysée Logbo,FRA,FW,19,2004,2.8,0,0,0,0,0,0,3,0.0,3,7,3,4,0,0,2,0,defense
FRA-Ligue 1,2023,Le Havre,Emmanuel Sabbi,USA,"FW,MF",25,1997,17.6,38,19,15,15,8,16,39,41.0,23,26,2,24,19,57,7,0,defense
FRA-Ligue 1,2023,Le Havre,Etienne Youte Kinkoue,FRA,DF,21,2002,21.6,15,9,13,2,0,7,11,63.6,4,21,16,5,44,59,104,0,defense
FRA-Ligue 1,2023,Le Havre,Gautier Lloris,FRA,DF,28,1995,30.9,50,28,40,9,1,28,42,66.7,14,50,30,20,32,82,142,1,defense
FRA-Ligue 1,2023,Le Havre,Issa Soumaré,SEN,"FW,MF",22,2000,2.6,2,0,2,0,0,0,4,0.0,4,0,0,0,0,2,2,0,defense
FRA-Ligue 1,2023,Le Havre,Josué Casimir,FRA,"FW,DF",21,2001,22.4,31,18,14,14,3,7,18,38.9,11,23,2,21,13,44,25,0,defense
FRA-Ligue 1,2023,Le Havre,Loïc Nego,HUN,"DF,MF",32,1991,17.3,37,26,21,12,4,18,30,60.0,12,12,2,10,16,53,17,0,defense
FRA-Ligue 1,2023,Le Havre,Mathieu Gorgelin,FRA,GK,32,1990,1.0,0,0,0,0,0,0,0,,0,0,0,0,0,0,0,0,defense
FRA-Ligue 1,2023,Le Havre,Mohamed Lamine Bayo,GUI,FW,25,1998,15.4,13,5,2,5,6,2,10,20.0,8,8,1,7,2,15,11,0,defense
FRA-Ligue 1,2023,Le Havre,Nabil Alioui,FRA,"MF,FW",24,1999,11.2,3,2,2,1,0,2,4,50.0,2,6,1,5,3,6,4,0,defense
FRA-Ligue 1,2023,Le Havre,Nolan Mbemba,CGO,MF,28,1995,0.2,2,1,0,1,1,1,2,50.0,1,0,0,0,0,2,0,0,defense
FRA-Ligue 1,2023,Le Havre,Oualid El Hajjam,MAR,"DF,MF",32,1991,4.4,8,7,5,2,1,2,9,22.2,7,5,1,4,6,14,10,0,defense
FRA-Ligue 1,2023,Le Havre,Oussama Targhalline,MAR,MF,21,2002,11.4,23,11,16,7,0,15,25,60.0,10,9,3,6,20,43,14,2,defense
FRA-Ligue 1,2023,Le Havre,Rassoul Ndiaye,SEN,"MF,FW",21,2001,5.8,25,17,8,16,1,12,24,50.0,12,2,1,1,4,29,5,0,defense
FRA-Ligue 1,2023,Le Havre,Samuel Grandsir,FRA,"MF,FW",26,1996,6.7,16,12,5,9,2,8,18,44.4,10,4,0,4,3,19,3,1,defense
FRA-Ligue 1,2023,Le Havre,Simon Ebonog,CMR,MF,18,2004,0.2,1,1,0,1,0,1,1,100.0,0,1,1,0,0,1,1,0,defense
FRA-Ligue 1,2023,Le Havre,Steve Ngoura,FRA,"FW,MF",18,2005,2.5,2,1,1,1,0,1,4,25.0,3,0,0,0,0,2,3,0,defense
FRA-Ligue 1,2023,Le Havre,Yassine Kechta,MAR,MF,21,2002,20.5,46,24,24,19,3,31,73,42.5,42,20,3,17,23,69,16,1,defense
FRA-Ligue 1,2023,Le Havre,Yoann Salmier,GUF,DF,30,1992,17.4,22,10,13,6,3,13,20,65.0,7,21,15,6,21,43,57,0,defense
FRA-Ligue 1,2023,Lens,Abdukodir Khusanov,UZB,DF,19,2004,9.0,21,12,13,8,0,9,17,52.9,8,13,8,5,13,34,32,2,defense
FRA-Ligue 1,2023,Lens,Adrien Thomasson,FRA,MF,29,1993,13.3,25,14,4,16,5,11,34,32.4,23,14,0,14,9,34,10,1,defense
FRA-Ligue 1,2023,Lens,Andy Diouf,FRA,MF,20,2003,14.6,28,19,12,11,5,14,22,63.6,8,13,3,10,3,31,5,1,defense
FRA-Ligue 1,2023,Lens,Angelo Fulgini,FRA,MF,26,1996,15.3,23,14,6,13,4,11,19,57.9,8,22,1,21,8,31,11,0,defense
FRA-Ligue 1,2023,Lens,Ayanda Sishuba,BEL,"MF,FW",18,2005,0.7,3,1,0,2,1,1,2,50.0,1,1,0,1,0,3,0,0,defense
FRA-Ligue 1,2023,Lens,Brice Samba,FRA,GK,29,1994,33.0,1,1,1,0,0,1,1,100.0,0,0,0,0,0,1,10,3,defense
FRA-Ligue 1,2023,Lens,David Costa,POR,MF,22,2001,16.6,18,10,5,12,1,10,23,43.5,13,21,4,17,16,34,8,1,defense
FRA-Ligue 1,2023,Lens,Deiver Machado,COL,DF,29,1993,12.5,24,18,10,10,4,15,20,75.0,5,13,2,11,7,31,8,0,defense
FRA-Ligue 1,2023,Lens,Elye Wahi,FRA,FW,20,2003,18.8,6,4,1,3,2,2,10,20.0,8,5,1,4,3,9,3,0,defense
FRA-Ligue 1,2023,Lens,Facundo Medina,ARG,DF,24,1999,30.2,64,38,25,31,8,44,69,63.8,25,38,13,25,24,88,59,2,defense
FRA-Ligue 1,2023,Lens,Faitout Maouassa,FRA,"MF,DF",25,1998,0.8,1,1,1,0,0,1,1,100.0,0,1,0,1,0,1,3,0,defense
FRA-Ligue 1,2023,Lens,Florian Sotoca,FRA,"MF,FW",32,1990,28.9,33,22,9,21,3,17,38,44.7,21,41,4,37,20,53,34,0,defense
FRA-Ligue 1,2023,Lens,Jean-Louis Leca,FRA,GK,37,1985,1.0,0,0,0,0,0,0,0,,0,0,0,0,0,0,1,0,defense
FRA-Ligue 1,2023,Lens,Jhoanner Chávez,ECU,DF,21,2002,5.3,6,5,2,2,2,3,9,33.3,6,2,0,2,5,11,11,0,defense
FRA-Ligue 1,2023,Lens,Jonathan Gradit,FRA,DF,30,1992,23.5,32,20,15,14,3,19,35,54.3,16,30,17,13,37,69,61,0,defense
FRA-Ligue 1,2023,Lens,Julien Le Cardinal,FRA,DF,25,1997,0.6,6,2,4,2,0,4,9,44.4,5,2,1,1,0,6,0,0,defense
FRA-Ligue 1,2023,Lens,Kevin Danso,AUT,DF,24,1998,29.5,24,14,12,11,1,15,30,50.0,15,43,30,13,23,47,115,1,defense
FRA-Ligue 1,2023,Lens,Massadio Haïdara,MLI,DF,30,1992,8.2,9,8,5,3,1,4,6,66.7,2,7,2,5,11,20,32,3,defense
FRA-Ligue 1,2023,Lens,Morgan Guilavogui,GUI,"FW,MF",25,1998,6.3,21,10,4,12,5,5,11,45.5,6,11,2,9,4,25,7,0,defense
FRA-Ligue 1,2023,Lens,Nampalys Mendy,SEN,MF,31,1992,11.7,29,18,10,13,6,16,20,80.0,4,11,4,7,14,43,14,1,defense
FRA-Ligue 1,2023,Lens,Neil El Aynaoui,FRA,MF,22,2001,17.4,37,20,13,20,4,20,46,43.5,26,20,6,14,32,69,21,1,defense
FRA-Ligue 1,2023,Lens,Oscar Cortés,COL,"FW,MF",19,2003,0.5,0,0,0,0,0,0,0,,0,1,0,1,0,0,0,0,defense
FRA-Ligue 1,2023,Lens,Przemysław Frankowski,POL,DF,28,1995,24.4,60,39,25,26,9,31,74,41.9,43,30,7,23,25,85,36,0,defense
FRA-Ligue 1,2023,Lens,Ruben Aguilar,FRA,DF,30,1993,21.4,53,31,27,23,3,27,45,60.0,18,35,5,30,26,79,46,0,defense
FRA-Ligue 1,2023,Lens,Salis Abdul Samed,GHA,MF,23,2000,16.9,21,14,8,10,3,8,18,44.4,10,12,1,11,12,33,18,0,defense
FRA-Ligue 1,2023,Lens,Stijn Spierings,NED,MF,27,1996,1.3,1,0,0,1,0,1,1,100.0,0,2,1,1,2,3,1,0,defense
FRA-Ligue 1,2023,Lens,Wesley Saïd,FRA,"FW,MF",28,1995,11.3,8,4,1,2,5,2,9,22.2,7,4,0,4,4,12,3,0,defense
FRA-Ligue 1,2023,Lille,Aaron Malouda,FRA,FW,17,2005,0.0,0,0,0,0,0,0,0,,0,0,0,0,0,0,0,0,defense
FRA-Ligue 1,2023,Lille,Adam Ounas,ALG,FW,26,1996,4.6,4,3,2,2,0,2,7,28.6,5,2,0,2,6,10,1,0,defense
FRA-Ligue 1,2023,Lille,Alan Virginius,FRA,FW,20,2003,0.8,1,1,1,0,0,0,1,0.0,1,0,0,0,0,1,0,0,defense
FRA-Ligue 1,2023,Lille,Alexsandro Ribeiro,BRA,DF,23,1999,24.7,32,22,24,8,0,16,31,51.6,15,25,15,10,35,67,116,5,defense
FRA-Ligue 1,2023,Lille,Andrej Ilic,SRB,FW,23,2000,0.1,0,0,0,0,0,0,0,,0,0,0,0,0,0,0,0,defense
FRA-Ligue 1,2023,Lille,Angel Gomes,ENG,MF,22,2000,28.6,26,13,4,15,7,14,32,43.8,18,23,6,17,18,44,28,1,defense
FRA-Ligue 1,2023,Lille,Ayyoub Bouaddi,FRA,MF,15,2007,1.5,6,2,6,0,0,2,5,40.0,3,2,0,2,1,7,3,0,defense
FRA-Ligue 1,2023,Lille,Bafodé Diakité,FRA,DF,22,2001,18.8,29,20,12,15,2,24,32,75.0,8,16,8,8,21,50,49,1,defense
FRA-Ligue 1,2023,Lille,Benjamin André,FRA,MF,32,1990,28.6,89,49,39,45,5,43,81,53.1,38,34,5,29,35,124,60,0,defense
FRA-Ligue 1,2023,Lille,Carlos Baleba,CMR,MF,19,2004,0.7,6,2,1,4,1,3,4,75.0,1,0,0,0,2,8,0,0,defense
FRA-Ligue 1,2023,Lille,Edon Zhegrova,KVX,FW,24,1999,25.4,32,18,9,15,8,14,36,38.9,22,17,1,16,8,40,8,0,defense
FRA-Ligue 1,2023,Lille,Gabriel Gudmundsson,SWE,"DF,FW",24,1999,14.1,22,16,7,13,2,12,20,60.0,8,14,3,11,15,37,25,0,defense
FRA-Ligue 1,2023,Lille,Hákon Arnar Haraldsson,ISL,"FW,MF",20,2003,14.3,12,8,4,7,1,5,21,23.8,16,7,2,5,3,15,5,0,defense
FRA-Ligue 1,2023,Lille,Ichem Ferrah,FRA,FW,17,2005,0.0,0,0,0,0,0,0,0,,0,0,0,0,0,0,0,0,defense
FRA-Ligue 1,2023,Lille,Ignacio Miramon,ARG,MF,20,2003,0.4,1,0,0,1,0,0,1,0.0,1,1,0,1,0,1,0,0,defense
FRA-Ligue 1,2023,Lille,Ismaily,BRA,DF,33,1990,27.4,72,47,34,25,13,31,60,51.7,29,33,6,27,32,104,77,0,defense
FRA-Ligue 1,2023,Lille,Ivan Cavaleiro,POR,FW,29,1993,8.6,10,6,3,4,3,7,20,35.0,13,9,2,7,5,15,6,0,defense
FRA-Ligue 1,2023,Lille,Jonathan David,CAN,FW,23,2000,29.2,26,15,6,13,7,8,26,30.8,18,16,0,16,9,35,4,0,defense
FRA-Ligue 1,2023,Lille,Leny Yoro,FRA,DF,17,2005,29.7,36,25,27,7,2,17,31,54.8,14,20,14,6,36,72,97,1,defense
FRA-Ligue 1,2023,Lille,Lucas Chevalier,FRA,GK,21,2001,33.0,3,0,3,0,0,3,4,75.0,1,1,0,1,0,3,11,2,defense
FRA-Ligue 1,2023,Lille,Nabil Bentaleb,ALG,MF,28,1994,21.9,49,32,29,18,2,22,43,51.2,21,33,12,21,37,86,33,0,defense
FRA-Ligue 1,2023,Lille,Rémy Cabella,FRA,"FW,MF",33,1990,16.4,54,36,19,20,15,20,54,37.0,34,32,0,32,5,59,5,0,defense
FRA-Ligue 1,2023,Lille,Samuel Umtiti,FRA,DF,29,1993,2.1,1,1,0,1,0,1,4,25.0,3,0,0,0,2,3,4,0,defense
FRA-Ligue 1,2023,Lille,Tiago Fonseca Morais,POR,FW,19,2003,0.5,1,1,0,1,0,0,0,,0,0,0,0,1,2,0,0,defense
FRA-Ligue 1,2023,Lille,Tiago Santos,POR,DF,21,2002,26.3,63,42,31,19,13,30,52,57.7,22,24,5,19,15,78,37,0,defense
FRA-Ligue 1,2023,Lille,Trévis Dago,CIV,"FW,MF",18,2005,0.3,0,0,0,0,0,0,0,,0,0,0,0,1,1,0,0,defense
FRA-Ligue 1,2023,Lille,Vito Mannone,ITA,GK,35,1988,1.0,0,0,0,0,0,0,0,,0,0,0,0,0,0,0,0,defense
FRA-Ligue 1,2023,Lille,Yusuf Yazıcı,TUR,"MF,FW",26,1997,14.6,19,11,6,9,4,4,15,26.7,11,10,1,9,5,24,5,0,defense
FRA-Ligue 1,2023,Lorient,Adrian Grbić,AUT,FW,26,1996,0.3,0,0,0,0,0,0,0,,0,0,0,0,0,0,0,0,defense
FRA-Ligue 1,2023,Lorient,Aurélien Pelon,FRA,DF,19,2004,1.0,1,0,1,0,0,0,2,0.0,2,2,2,0,0,1,7,0,defense
FRA-Ligue 1,2023,Lorient,Ayman Kari,FRA,MF,18,2004,9.9,18,14,9,9,0,12,19,63.2,7,19,2,17,6,24,9,1,defense
FRA-Ligue 1,2023,Lorient,Badredine Bouanani,ALG,MF,18,2004,4.9,4,2,1,1,2,2,4,50.0,2,3,0,3,2,6,3,0,defense
FRA-Ligue 1,2023,Lorient,Bamba Dieng,SEN,FW,23,2000,6.1,3,3,0,3,0,1,3,33.3,2,3,0,3,0,3,7,0,defense
FRA-Ligue 1,2023,Lorient,Bamo Meïté,CIV,DF,21,2001,1.6,2,1,2,0,0,0,1,0.0,1,3,2,1,3,5,9,0,defense
FRA-Ligue 1,2023,Lorient,Bassirou Ndiaye,SEN,FW,21,2002,1.7,5,2,2,2,1,3,5,60.0,2,1,1,0,1,6,0,0,defense
FRA-Ligue 1,2023,Lorient,Benjamin Mendy,FRA,DF,29,1994,7.9,3,1,2,1,0,1,5,20.0,4,8,2,6,7,10,20,0,defense
FRA-Ligue 1,2023,Lorient,Bonke Innocent,NGA,MF,27,1996,2.3,6,4,2,2,2,2,9,22.2,7,2,1,1,4,10,2,0,defense
FRA-Ligue 1,2023,Lorient,Darlin Yongwa,CMR,DF,22,2000,12.9,30,23,17,11,2,14,25,56.0,11,14,2,12,15,45,36,0,defense
FRA-Ligue 1,2023,Lorient,Dembo Sylla,GUI,DF,20,2002,0.5,1,1,0,1,0,0,0,,0,0,0,0,1,2,2,0,defense
FRA-Ligue 1,2023,Lorient,Eli Junior Kroupi,FRA,"FW,MF",17,2006,12.0,7,4,2,2,3,1,9,11.1,8,6,0,6,10,17,5,0,defense
FRA-Ligue 1,2023,Lorient,Formose Mendy,SEN,DF,22,2001,14.0,33,19,24,8,1,20,33,60.6,13,23,12,11,20,53,59,1,defense
FRA-Ligue 1,2023,Lorient,Gedeon Kalulu,COD,DF,25,1997,10.8,23,17,13,8,2,12,22,54.5,10,18,2,16,5,28,30,0,defense
FRA-Ligue 1,2023,Lorient,Gino Caoki,FRA,MF,19,2004,0.1,0,0,0,0,0,0,1,0.0,1,0,0,0,0,0,0,0,defense
FRA-Ligue 1,2023,Lorient,Ibrahima Koné,MLI,FW,24,1999,0.4,0,0,0,0,0,0,1,0.0,1,0,0,0,0,0,0,0,defense
FRA-Ligue 1,2023,Lorient,Igor Carioca,BRA,"DF,MF",26,1996,2.9,8,6,6,1,1,4,6,66.7,2,0,0,0,3,11,6,0,defense
FRA-Ligue 1,2023,Lorient,Imran Louza,MAR,MF,24,1999,9.6,13,7,2,8,3,2,8,25.0,6,8,1,7,9,22,4,0,defense
FRA-Ligue 1,2023,Lorient,Jean-Victor Makengo,FRA,"MF,FW",25,1998,5.3,5,4,3,2,0,2,6,33.3,4,12,1,11,8,13,5,0,defense
FRA-Ligue 1,2023,Lorient,Joel Mvuka,NOR,"DF,FW",20,2002,2.2,5,3,3,1,1,3,7,42.9,4,1,0,1,2,7,1,0,defense
FRA-Ligue 1,2023,Lorient,Julien Laporte,FRA,DF,29,1993,20.2,23,14,15,7,1,16,36,44.4,20,36,26,10,11,34,116,1,defense
FRA-Ligue 1,2023,Lorient,Julien Ponceau,FRA,MF,22,2000,24.9,32,15,12,14,6,9,30,30.0,21,22,1,21,19,51,20,0,defense
FRA-Ligue 1,2023,Lorient,Laurent Abergel,FRA,MF,30,1993,31.8,85,52,43,34,8,38,96,39.6,58,29,6,23,61,146,61,3,defense
FRA-Ligue 1,2023,Lorient,Loris Mouyokolo,FRA,DF,22,2001,1.0,4,1,4,0,0,1,1,100.0,0,1,0,1,0,4,3,0,defense
FRA-Ligue 1,2023,Lorient,Mohamed Bamba,CIV,FW,21,2001,12.6,14,9,3,8,3,4,10,40.0,6,7,1,6,2,16,3,0,defense
FRA-Ligue 1,2023,Lorient,Montassar Talbi,TUN,DF,25,1998,24.5,38,22,23,13,2,19,32,59.4,13,39,23,16,32,70,114,0,defense
FRA-Ligue 1,2023,Lorient,Nathaniel Adjei,GHA,DF,20,2002,13.8,13,9,8,3,2,6,7,85.7,1,15,8,7,18,31,64,1,defense
FRA-Ligue 1,2023,Lorient,Pablo Pagis,FRA,MF,20,2002,1.8,10,6,5,4,1,6,10,60.0,4,2,0,2,3,13,1,0,defense
FRA-Ligue 1,2023,Lorient,Panos Katseris,GRE,DF,22,2001,11.6,26,20,16,8,2,16,25,64.0,9,20,4,16,8,34,18,0,defense
FRA-Ligue 1,2023,Lorient,Romain Faivre,FRA,"MF,FW",25,1998,16.1,13,6,5,4,4,6,15,40.0,9,6,1,5,7,20,3,1,defense
FRA-Ligue 1,2023,Lorient,Royce Openda Owaga,GAB,FW,21,2002,0.2,0,0,0,0,0,0,0,,0,0,0,0,0,0,0,0,defense
FRA-Ligue 1,2023,Lorient,Siriné Doucouré,MLI,FW,21,2002,4.7,8,6,0,4,4,3,3,100.0,0,4,0,4,1,9,6,0,defense
FRA-Ligue 1,2023,Lorient,Souleymane Touré,FRA,DF,20,2003,22.8,25,12,16,9,0,8,14,57.1,6,38,20,18,36,61,101,2,defense
FRA-Ligue 1,2023,Lorient,Théo Le Bris,FRA,"DF,MF",20,2002,16.8,35,22,25,7,3,19,40,47.5,21,24,3,21,12,47,42,0,defense
FRA-Ligue 1,2023,Lorient,Tiemoué Bakayoko,FRA,MF,28,1994,14.6,34,17,14,17,3,15,28,53.6,13,10,4,6,26,60,15,1,defense
FRA-Ligue 1,2023,Lorient,Tosin Aiyegun,BEN,"MF,FW",25,1998,10.0,6,4,2,3,1,3,9,33.3,6,4,1,3,2,8,8,0,defense
FRA-Ligue 1,2023,Lorient,Vincent Le Goff,FRA,"DF,MF",33,1989,6.0,5,0,4,0,1,4,8,50.0,4,11,3,8,3,8,10,0,defense
FRA-Ligue 1,2023,Lorient,Yvon Mvogo,SUI,GK,29,1994,34.0,0,0,0,0,0,0,1,0.0,1,0,0,0,0,0,15,3,defense
FRA-Ligue 1,2023,Lyon,Adryelson,BRA,"DF,FW",25,1998,0.1,0,0,0,0,0,0,0,,0,0,0,0,1,1,3,0,defense
FRA-Ligue 1,2023,Lyon,Ainsley Maitland-Niles,ENG,"DF,MF",25,1997,15.9,34,18,12,14,8,19,37,51.4,18,16,6,10,17,51,29,1,defense
FRA-Ligue 1,2023,Lyon,Alexandre Lacazette,FRA,FW,32,1991,25.5,19,12,8,9,2,5,17,29.4,12,22,3,19,8,27,9,0,defense
FRA-Ligue 1,2023,Lyon,Amin Sarr,SWE,"FW,MF",22,2001,1.1,1,0,0,1,0,0,0,,0,1,0,1,0,1,1,0,defense
FRA-Ligue 1,2023,Lyon,Anthony Lopes,POR,GK,32,1990,31.0,0,0,0,0,0,0,0,,0,0,0,0,0,0,16,0,defense
FRA-Ligue 1,2023,Lyon,Bradley Barcola,FRA,FW,20,2002,3.0,5,2,0,2,3,1,7,14.3,6,4,0,4,2,7,0,0,defense
FRA-Ligue 1,2023,Lyon,Chaim El Djebali,TUN,MF,19,2004,0.1,0,0,0,0,0,0,0,,0,0,0,0,0,0,0,0,defense
FRA-Ligue 1,2023,Lyon,Clinton Mata,ANG,DF,30,1992,24.7,43,24,29,8,6,23,40,57.5,17,35,16,19,40,83,61,0,defense
FRA-Ligue 1,2023,Lyon,Corentin Tolisso,FRA,MF,28,1994,19.3,33,21,13,11,9,14,33,42.4,19,26,9,17,10,43,18,0,defense
FRA-Ligue 1,2023,Lyon,Dejan Lovren,CRO,DF,34,1989,8.0,9,7,6,3,0,3,7,42.9,4,6,5,1,12,21,37,0,defense
FRA-Ligue 1,2023,Lyon,Diego Moreira,POR,"FW,MF",18,2004,3.0,0,0,0,0,0,0,3,0.0,3,3,0,3,2,2,5,0,defense
FRA-Ligue 1,2023,Lyon,Duje Ćaleta-Car,CRO,DF,26,1996,22.1,26,11,19,6,1,18,22,81.8,4,27,14,13,18,44,94,1,defense
FRA-Ligue 1,2023,Lyon,Ernest Nuamah,GHA,"FW,MF",19,2003,20.4,28,14,18,6,4,12,38,31.6,26,15,1,14,8,36,9,0,defense
FRA-Ligue 1,2023,Lyon,Gift Orban,NGA,FW,21,2002,5.3,4,3,0,1,3,1,4,25.0,3,2,0,2,1,5,2,1,defense
FRA-Ligue 1,2023,Lyon,Henrique,BRA,DF,29,1994,6.7,10,6,6,4,0,6,11,54.5,5,8,2,6,10,20,3,0,defense
FRA-Ligue 1,2023,Lyon,Jake O'Brien,IRL,DF,22,2001,26.3,22,16,16,5,1,14,20,70.0,6,23,18,5,12,34,98,1,defense
FRA-Ligue 1,2023,Lyon,Jeffinho,BRA,"FW,MF",23,1999,3.4,11,4,3,5,3,4,11,36.4,7,1,0,1,0,11,0,0,defense
FRA-Ligue 1,2023,Lyon,Johann Lepenant,FRA,MF,20,2002,2.8,4,3,2,2,0,1,8,12.5,7,5,0,5,4,8,0,0,defense
FRA-Ligue 1,2023,Lyon,Mahamadou Diawara,FRA,MF,18,2005,4.0,9,6,4,5,0,3,11,27.3,8,4,1,3,4,13,4,0,defense
FRA-Ligue 1,2023,Lyon,Malick Fofana,BEL,FW,18,2005,6.2,5,4,3,1,1,4,9,44.4,5,3,0,3,5,10,9,0,defense
FRA-Ligue 1,2023,Lyon,Mama Samba Baldé,GNB,"FW,MF",27,1995,6.1,8,5,1,2,5,3,9,33.3,6,0,0,0,3,11,1,1,defense
FRA-Ligue 1,2023,Lyon,Mamadou Sarr,FRA,DF,17,2005,0.1,0,0,0,0,0,0,0,,0,0,0,0,0,0,0,0,defense
FRA-Ligue 1,2023,Lyon,Maxence Caqueret,FRA,MF,23,2000,33.6,91,64,39,37,15,38,107,35.5,69,40,9,31,48,139,26,2,defense
FRA-Ligue 1,2023,Lyon,Mohamed El Arouch,FRA,FW,19,2004,0.0,0,0,0,0,0,0,0,,0,0,0,0,0,0,0,0,defense
FRA-Ligue 1,2023,Lyon,Nemanja Matić,SRB,MF,34,1988,13.9,17,11,8,7,2,9,19,47.4,10,17,6,11,16,33,17,1,defense
FRA-Ligue 1,2023,Lyon,Nicolás Tagliafico,ARG,DF,30,1992,23.6,54,34,23,22,9,22,49,44.9,27,25,8,17,28,82,43,0,defense
FRA-Ligue 1,2023,Lyon,Orel Mangala,BEL,MF,25,1998,4.4,5,3,0,2,3,1,3,33.3,2,3,2,1,5,10,6,0,defense
FRA-Ligue 1,2023,Lyon,Paul Akouokou,CIV,MF,25,1997,3.4,14,9,2,10,2,6,7,85.7,1,5,1,4,6,20,11,0,defense
FRA-Ligue 1,2023,Lyon,Rayan Cherki,FRA,"MF,FW",19,2003,19.1,28,15,4,16,8,17,46,37.0,29,13,3,10,7,35,1,0,defense
FRA-Ligue 1,2023,Lyon,Rémy Riou,FRA,GK,35,1987,3.0,0,0,0,0,0,0,1,0.0,1,0,0,0,0,0,1,1,defense
FRA-Ligue 1,2023,Lyon,Sael Kumbedi,FRA,DF,18,2005,10.3,30,20,14,12,4,9,22,40.9,13,12,3,9,14,44,18,2,defense
FRA-Ligue 1,2023,Lyon,Saïd Benrahma,ALG,"FW,MF",27,1995,8.6,9,7,1,6,2,5,7,71.4,2,7,0,7,1,10,3,0,defense
FRA-Ligue 1,2023,Lyon,Sinaly Diomande,CIV,DF,22,2001,9.9,10,4,5,3,2,9,16,56.3,7,12,9,3,15,25,26,1,defense
FRA-Ligue 1,2023,Lyon,Skelly Alvero,FRA,MF,21,2002,4.7,8,7,5,2,1,2,9,22.2,7,5,1,4,2,10,5,0,defense
FRA-Ligue 1,2023,Lyon,Tino Kadewere,ZIM,"FW,MF",27,1996,3.3,1,1,0,1,0,1,5,20.0,4,3,1,2,5,6,7,0,defense
FRA-Ligue 1,2023,Marseille,Amine Harit,MAR,"MF,FW",26,1997,20.2,28,16,8,17,3,13,37,35.1,24,31,4,27,12,40,4,0,defense
FRA-Ligue 1,2023,Marseille,Azzedine Ounahi,MAR,MF,23,2000,13.4,25,11,9,14,2,11,32,34.4,21,6,1,5,11,36,8,0,defense
FRA-Ligue 1,2023,Marseille,Bamo Meïté,CIV,DF,21,2001,7.1,16,10,13,3,0,8,12,66.7,4,11,5,6,11,27,35,0,defense
FRA-Ligue 1,2023,Marseille,Bilal Nadir,MAR,"MF,FW",19,2003,1.3,4,3,2,2,0,1,2,50.0,1,0,0,0,2,6,2,0,defense
FRA-Ligue 1,2023,Marseille,Chancel Mbemba,COD,DF,28,1994,24.5,33,21,25,7,1,17,30,56.7,13,21,13,8,13,46,95,1,defense
FRA-Ligue 1,2023,Marseille,Emran Soglo,ENG,"MF,DF",18,2005,1.2,2,1,0,2,0,1,3,33.3,2,6,0,6,1,3,3,0,defense
FRA-Ligue 1,2023,Marseille,Faris Pemi Moumbagna,CMR,FW,23,2000,6.1,2,1,0,2,0,0,3,0.0,3,4,0,4,3,5,1,0,defense
FRA-Ligue 1,2023,Marseille,François Mughe,CMR,"MF,DF",19,2004,2.0,0,0,0,0,0,0,3,0.0,3,2,0,2,1,1,1,0,defense
FRA-Ligue 1,2023,Marseille,Geoffrey Kondogbia,CTA,MF,30,1993,16.3,48,31,18,25,5,13,32,40.6,19,21,4,17,30,78,25,0,defense
FRA-Ligue 1,2023,Marseille,Iliman Ndiaye,SEN,"FW,MF",23,2000,18.0,21,18,5,11,5,11,29,37.9,18,14,2,12,6,27,6,0,defense
FRA-Ligue 1,2023,Marseille,Ismaila Sarr,SEN,"FW,MF",25,1998,16.1,14,8,2,10,2,6,17,35.3,11,21,6,15,13,27,11,0,defense
FRA-Ligue 1,2023,Marseille,Jean Onana,CMR,MF,23,2000,6.3,23,14,6,14,3,13,25,52.0,12,10,2,8,11,34,11,1,defense
FRA-Ligue 1,2023,Marseille,Joaquín Correa,ARG,"FW,MF",28,1994,4.8,7,5,4,2,1,0,8,0.0,8,2,0,2,1,8,1,0,defense
FRA-Ligue 1,2023,Marseille,Jonathan Clauss,FRA,DF,30,1992,23.0,47,20,22,19,6,26,49,53.1,23,17,3,14,36,83,46,0,defense
FRA-Ligue 1,2023,Marseille,Jordan Veretout,FRA,MF,30,1993,24.3,38,22,19,13,6,18,39,46.2,21,20,4,16,13,51,25,0,defense
FRA-Ligue 1,2023,Marseille,Keyliane Abdallah,FRA,FW,17,2006,0.0,0,0,0,0,0,0,0,,0,0,0,0,0,0,0,0,defense
FRA-Ligue 1,2023,Marseille,Leonardo Balerdi,ARG,DF,24,1999,25.2,79,50,55,23,1,49,67,73.1,18,38,15,23,51,130,91,0,defense
FRA-Ligue 1,2023,Marseille,Luis Henrique,BRA,"FW,DF",21,2001,8.7,8,7,4,1,3,4,7,57.1,3,9,0,9,8,16,3,0,defense
FRA-Ligue 1,2023,Marseille,Mattéo Guendouzi,FRA,MF,24,1999,0.2,0,0,0,0,0,0,0,,0,1,1,0,0,0,0,0,defense
FRA-Ligue 1,2023,Marseille,Michael Amir Murillo,PAN,DF,27,1996,11.1,23,11,13,6,4,15,23,65.2,8,9,2,7,11,34,34,2,defense
FRA-Ligue 1,2023,Marseille,Noam Mayoka-Tika,BEL,MF,19,2003,0.0,0,0,0,0,0,0,0,,0,0,0,0,0,0,0,0,defense
FRA-Ligue 1,2023,Marseille,Pape Gueye,SEN,"MF,DF",24,1999,8.5,33,21,11,19,3,13,19,68.4,6,17,3,14,13,46,12,0,defense
FRA-Ligue 1,2023,Marseille,Pau López,ESP,GK,28,1994,32.7,0,0,0,0,0,0,2,0.0,2,0,0,0,0,0,10,1,defense
FRA-Ligue 1,2023,Marseille,Pierre-Emerick Aubameyang,GAB,FW,34,1989,29.1,22,14,4,11,7,7,26,26.9,19,30,5,25,9,31,26,0,defense
FRA-Ligue 1,2023,Marseille,Quentin Merlin,FRA,DF,21,2002,7.8,13,12,7,5,1,8,20,40.0,12,4,0,4,6,19,14,0,defense
FRA-Ligue 1,2023,Marseille,Raimane Daou,COM,"DF,MF",18,2004,0.3,1,1,1,0,0,1,2,50.0,1,0,0,0,0,1,2,0,defense
FRA-Ligue 1,2023,Marseille,Renan Lodi,BRA,DF,25,1998,13.7,24,16,8,13,3,13,21,61.9,8,7,2,5,16,40,35,0,defense
FRA-Ligue 1,2023,Marseille,Rubén Blanco,ESP,GK,28,1995,1.3,0,0,0,0,0,0,0,,0,0,0,0,0,0,0,0,defense
FRA-Ligue 1,2023,Marseille,Samuel Gigot,FRA,DF,29,1993,19.2,33,22,16,13,4,13,19,68.4,6,28,18,10,25,58,93,1,defense
FRA-Ligue 1,2023,Marseille,Sofiane Sidi Ali,FRA,MF,28,1995,0.2,2,0,0,2,0,1,2,50.0,1,1,0,1,2,4,0,0,defense
FRA-Ligue 1,2023,Marseille,Ulisses Garcia,SUI,DF,27,1996,10.1,21,16,6,13,2,13,20,65.0,7,8,3,5,7,28,13,2,defense
FRA-Ligue 1,2023,Marseille,Valentin Rongier,FRA,MF,28,1994,9.5,23,12,9,12,2,14,26,53.8,12,16,4,12,15,38,18,0,defense
FRA-Ligue 1,2023,Marseille,Vitinha,POR,FW,23,2000,10.3,14,8,3,5,6,3,12,25.0,9,11,2,9,5,19,8,0,defense
FRA-Ligue 1,2023,Metz,Ablie Jallow,GAM,"MF,FW",24,1998,10.2,8,5,2,3,3,3,5,60.0,2,4,0,4,8,16,3,0,defense
FRA-Ligue 1,2023,Metz,Abou Lô,SEN,"MF,DF",23,2000,2.2,3,1,2,1,0,1,4,25.0,3,5,2,3,4,7,8,0,defense
FRA-Ligue 1,2023,Metz,Alexandre Oukidja,ALG,GK,35,1988,33.2,2,1,2,0,0,1,2,50.0,1,1,0,1,3,5,24,3,defense
FRA-Ligue 1,2023,Metz,Arthur Atta,FRA,"MF,FW",20,2003,10.3,18,14,8,7,3,8,19,42.1,11,13,3,10,10,28,23,0,defense
FRA-Ligue 1,2023,Metz,Benjamin Tetteh,GHA,"FW,MF",26,1997,3.1,6,6,1,5,0,4,7,57.1,3,0,0,0,0,6,1,0,defense
FRA-Ligue 1,2023,Metz,Cheikh Tidiane Sabaly,SEN,"FW,MF",24,1999,15.3,40,20,23,12,5,16,40,40.0,24,19,2,17,10,50,14,0,defense
FRA-Ligue 1,2023,Metz,Christophe Hérelle,MTQ,DF,30,1992,18.0,32,15,24,7,1,13,23,56.5,10,16,9,7,18,50,68,2,defense
FRA-Ligue 1,2023,Metz,Danley Jean-Jacques,HAI,MF,23,2000,29.8,54,28,24,21,9,19,56,33.9,37,48,7,41,44,98,44,0,defense
FRA-Ligue 1,2023,Metz,Didier Lamkel Zé,CMR,"FW,MF",26,1996,6.1,7,2,2,4,1,2,5,40.0,3,4,0,4,0,7,11,0,defense
FRA-Ligue 1,2023,Metz,Fali Candé,GNB,DF,25,1998,20.5,40,19,31,9,0,20,35,57.1,15,41,28,13,20,60,107,1,defense
FRA-Ligue 1,2023,Metz,Georges Mikautadze,GEO,FW,22,2000,19.4,4,3,1,2,1,0,9,0.0,9,11,0,11,8,12,3,0,defense
FRA-Ligue 1,2023,Metz,Guillaume Dietsch,FRA,GK,22,2001,0.8,0,0,0,0,0,0,0,,0,0,0,0,0,0,0,0,defense
FRA-Ligue 1,2023,Metz,Habib Maïga,CIV,"MF,FW",27,1996,1.6,2,2,1,0,1,1,3,33.3,2,2,0,2,4,6,2,0,defense
FRA-Ligue 1,2023,Metz,Ibou Sané,SEN,"MF,FW",18,2005,1.4,6,4,2,1,3,2,2,100.0,0,3,0,3,1,7,2,0,defense
FRA-Ligue 1,2023,Metz,Ismaël Traoré,CIV,DF,36,1986,24.7,19,12,13,6,0,8,21,38.1,13,33,20,13,30,49,86,0,defense
FRA-Ligue 1,2023,Metz,Joel Asoro,SWE,"FW,MF",24,1999,9.4,13,9,7,6,0,3,10,30.0,7,7,1,6,6,19,9,0,defense
FRA-Ligue 1,2023,Metz,Joseph Nduquidi,FRA,"MF,DF",18,2004,8.3,11,4,6,3,2,1,9,11.1,8,11,3,8,11,22,15,1,defense
FRA-Ligue 1,2023,Metz,Koffi Kouao,CIV,DF,25,1998,9.6,20,13,12,7,1,11,17,64.7,6,9,6,3,13,33,38,1,defense
FRA-Ligue 1,2023,Metz,Kévin N'Doram,FRA,MF,27,1996,17.8,31,22,20,9,2,17,38,44.7,21,17,8,9,27,58,38,0,defense
FRA-Ligue 1,2023,Metz,Kévin Van Den Kerkhof,ALG,"FW,MF",27,1996,21.3,31,24,11,13,7,13,32,40.6,19,15,2,13,11,42,32,1,defense
FRA-Ligue 1,2023,Metz,Lamine Camara,SEN,MF,19,2004,25.1,62,42,26,30,6,24,49,49.0,25,35,2,33,28,90,34,0,defense
FRA-Ligue 1,2023,Metz,Malick Mbaye,SEN,"MF,FW",19,2004,1.7,5,1,0,1,4,1,2,50.0,1,1,0,1,1,6,2,0,defense
FRA-Ligue 1,2023,Metz,Matthieu Udol,FRA,DF,27,1996,30.0,55,37,38,12,5,38,56,67.9,18,62,16,46,50,105,108,0,defense
FRA-Ligue 1,2023,Metz,Maxime Colin,FRA,DF,31,1991,20.4,39,23,25,7,7,16,29,55.2,13,22,7,15,20,59,71,0,defense
FRA-Ligue 1,2023,Metz,N'Guessan Kouadio,CIV,"MF,FW",20,2003,1.2,3,1,0,3,0,0,3,0.0,3,3,0,3,1,4,0,0,defense
FRA-Ligue 1,2023,Metz,Oscar Estupiñan,COL,FW,26,1996,2.9,5,4,0,3,2,1,2,50.0,1,2,0,2,0,5,0,0,defense
FRA-Ligue 1,2023,Metz,Papa Amadou Diallo,SEN,FW,19,2004,9.9,18,8,10,7,1,7,21,33.3,14,11,1,10,11,29,16,0,defense
FRA-Ligue 1,2023,Metz,Sadibou Sané,SEN,DF,19,2004,9.4,19,12,16,2,1,6,7,85.7,1,14,9,5,8,27,64,0,defense
FRA-Ligue 1,2023,Metz,Simon Elisor,FRA,FW,24,1999,8.5,9,2,3,2,4,2,6,33.3,4,6,1,5,0,9,9,0,defense
FRA-Ligue 1,2023,Metz,Youssef Maziz,FRA,"FW,MF",25,1998,1.4,0,0,0,0,0,0,2,0.0,2,1,0,1,1,1,2,0,defense
FRA-Ligue 1,2023,Monaco,Aleksandr Golovin,RUS,"MF,FW",27,1996,23.9,42,30,14,22,6,15,42,35.7,27,37,3,34,21,63,14,0,defense
FRA-Ligue 1,2023,Monaco,Antonin Cartillier,FRA,DF,19,2004,0.1,0,0,0,0,0,0,0,,0,1,0,1,0,0,0,0,defense
FRA-Ligue 1,2023,Monaco,Breel Embolo,SUI,FW,26,1997,2.0,3,3,0,2,1,1,4,25.0,3,1,0,1,1,4,2,0,defense
FRA-Ligue 1,2023,Monaco,Caio Henrique Oliveira Silva,BRA,DF,26,1997,6.9,13,7,3,7,3,6,9,66.7,3,8,2,6,6,19,9,0,defense
FRA-Ligue 1,2023,Monaco,Chrislain Matsima,FRA,DF,21,2002,3.3,9,7,5,3,1,2,7,28.6,5,4,1,3,4,13,4,0,defense
FRA-Ligue 1,2023,Monaco,Denis Zakaria,SUI,"MF,DF",26,1996,23.7,38,27,11,20,7,12,30,40.0,18,39,13,26,47,85,41,0,defense
FRA-Ligue 1,2023,Monaco,Edan Diop,FRA,"MF,DF",18,2004,1.8,10,8,6,3,1,7,9,77.8,2,3,0,3,1,11,5,0,defense
FRA-Ligue 1,2023,Monaco,Eliesse Ben Seghir,MAR,"MF,FW",18,2005,4.8,9,6,2,5,2,3,7,42.9,4,6,0,6,2,11,2,0,defense
FRA-Ligue 1,2023,Monaco,Eliot Matazo,BEL,MF,21,2002,1.1,3,1,0,3,0,2,4,50.0,2,1,1,0,3,6,0,0,defense
FRA-Ligue 1,2023,Monaco,Folarin Balogun,USA,FW,22,2001,18.8,12,4,3,8,1,5,13,38.5,8,10,0,10,3,15,4,0,defense
FRA-Ligue 1,2023,Monaco,Guillermo Maripán,CHI,DF,29,1994,19.6,22,8,15,6,1,10,27,37.0,17,26,13,13,30,52,106,4,defense
FRA-Ligue 1,2023,Monaco,Ismail Jakobs,SEN,DF,23,1999,16.3,57,41,27,21,9,29,47,61.7,18,19,2,17,11,68,40,0,defense
FRA-Ligue 1,2023,Monaco,Kassoum Ouattara,FRA,"DF,FW",18,2004,7.1,17,12,8,5,4,9,20,45.0,11,11,0,11,13,30,20,0,defense
FRA-Ligue 1,2023,Monaco,Krépin Diatta,SEN,"DF,FW",24,1999,13.4,37,20,17,16,4,27,49,55.1,22,17,2,15,16,53,22,0,defense
FRA-Ligue 1,2023,Monaco,Lucas Michal,FRA,FW,18,2005,0.1,0,0,0,0,0,0,0,,0,0,0,0,0,0,0,0,defense
FRA-Ligue 1,2023,Monaco,Maghnes Akliouche,FRA,"MF,FW",21,2002,17.9,37,23,12,20,5,12,36,33.3,24,21,0,21,9,46,3,0,defense
FRA-Ligue 1,2023,Monaco,Mamadou Coulibaly,FRA,MF,19,2004,1.3,7,4,2,3,2,3,8,37.5,5,4,0,4,0,7,0,0,defense
FRA-Ligue 1,2023,Monaco,Mohamed Camara,MLI,MF,23,2000,11.5,35,21,10,20,5,15,29,51.7,14,8,2,6,11,46,7,0,defense
FRA-Ligue 1,2023,Monaco,Mohammed Salisu,GHA,DF,24,1999,11.5,27,12,11,13,3,17,26,65.4,9,21,12,9,22,49,44,0,defense
FRA-Ligue 1,2023,Monaco,Myron Boadu,NED,FW,22,2001,0.9,2,2,0,1,1,1,2,50.0,1,2,0,2,0,2,0,0,defense
FRA-Ligue 1,2023,Monaco,Philipp Köhn,SUI,GK,25,1998,22.0,1,1,1,0,0,1,1,100.0,0,0,0,0,1,2,5,3,defense
FRA-Ligue 1,2023,Monaco,Radosław Majecki,POL,GK,23,1999,12.0,0,0,0,0,0,0,0,,0,1,0,1,0,0,5,1,defense
FRA-Ligue 1,2023,Monaco,Saïmon Bouabré,FRA,MF,17,2006,0.5,2,2,0,2,0,1,2,50.0,1,1,0,1,0,2,0,0,defense
FRA-Ligue 1,2023,Monaco,Soungoutou Magassa,FRA,"DF,MF",19,2003,15.0,56,26,22,32,2,26,48,54.2,22,21,4,17,21,77,36,2,defense
FRA-Ligue 1,2023,Monaco,Takumi Minamino,JPN,MF,28,1995,23.5,34,17,10,13,11,16,54,29.6,38,29,1,28,11,45,8,0,defense
FRA-Ligue 1,2023,Monaco,Thilo Kehrer,GER,DF,26,1996,14.7,32,22,22,7,3,22,39,56.4,17,18,6,12,30,62,55,0,defense
FRA-Ligue 1,2023,Monaco,Vanderson,BRA,DF,22,2001,18.2,60,41,20,30,10,32,70,45.7,38,29,2,27,35,95,37,1,defense
FRA-Ligue 1,2023,Monaco,Wilfried Singo,CIV,DF,22,2000,24.3,34,25,18,14,2,17,26,65.4,9,27,14,13,51,85,81,2,defense
FRA-Ligue 1,2023,Monaco,Wissam Ben Yedder,FRA,FW,32,1990,25.7,4,3,1,2,1,1,11,9.1,10,18,0,18,8,12,1,0,defense
FRA-Ligue 1,2023,Monaco,Youssouf Fofana,FRA,MF,24,1999,30.0,61,39,19,36,6,30,66,45.5,36,35,7,28,37,98,31,1,defense
FRA-Ligue 1,2023,Montpellier,Akor Adams,NGA,FW,23,2000,25.0,12,4,3,4,5,3,7,42.9,4,9,2,7,5,17,11,0,defense
FRA-Ligue 1,2023,Montpellier,Arnaud Nordin,FRA,"FW,MF",25,1998,13.8,12,6,3,5,4,6,16,37.5,10,11,0,11,2,14,10,0,defense
FRA-Ligue 1,2023,Montpellier,Axel Gueguin,FRA,"DF,FW",18,2005,1.5,9,5,6,2,1,2,6,33.3,4,2,0,2,2,11,6,0,defense
FRA-Ligue 1,2023,Montpellier,Becir Omeragic,SUI,"DF,MF",21,2002,25.7,48,29,31,13,4,20,33,60.6,13,51,29,22,27,75,65,0,defense
FRA-Ligue 1,2023,Montpellier,Benjamin Lecomte,FRA,GK,32,1991,30.0,0,0,0,0,0,0,1,0.0,1,0,0,0,0,0,16,1,defense
FRA-Ligue 1,2023,Montpellier,Boubakar Kouyaté,MLI,DF,26,1997,21.4,49,30,39,8,2,28,51,54.9,23,31,20,11,29,78,123,1,defense
FRA-Ligue 1,2023,Montpellier,Christopher Jullien,FRA,DF,30,1993,13.7,16,12,11,5,0,6,17,35.3,11,25,20,5,12,28,106,2,defense
FRA-Ligue 1,2023,Montpellier,Dimitry Bertaud,COD,GK,25,1998,4.0,0,0,0,0,0,0,0,,0,0,0,0,0,0,0,0,defense
FRA-Ligue 1,2023,Montpellier,Elye Wahi,FRA,FW,20,2003,0.2,0,0,0,0,0,0,0,,0,0,0,0,0,0,0,0,defense
FRA-Ligue 1,2023,Montpellier,Enzo Tchato,CMR,DF,20,2002,12.5,26,17,18,4,4,11,25,44.0,14,20,7,13,11,37,25,0,defense
FRA-Ligue 1,2023,Montpellier,Falaye Sacko,MLI,DF,28,1995,15.4,28,16,13,10,5,21,32,65.6,11,19,7,12,24,52,37,0,defense
FRA-Ligue 1,2023,Montpellier,Issiaga Sylla,GUI,"DF,FW",29,1994,16.2,28,17,20,6,2,16,34,47.1,18,21,7,14,23,51,53,0,defense
FRA-Ligue 1,2023,Montpellier,Jordan Ferri,FRA,MF,31,1992,22.6,36,22,16,17,3,20,67,29.9,47,19,1,18,13,49,23,0,defense
FRA-Ligue 1,2023,Montpellier,Joris Chotard,FRA,MF,21,2001,28.7,81,52,45,25,11,48,96,50.0,48,47,21,26,44,125,60,0,defense
FRA-Ligue 1,2023,Montpellier,Kelvin Yeboah,ITA,FW,23,2000,3.1,4,2,2,2,0,1,3,33.3,2,3,2,1,1,5,3,0,defense
FRA-Ligue 1,2023,Montpellier,Khalil Fayad,FRA,"FW,MF",19,2004,11.4,28,15,17,7,4,9,22,40.9,13,15,3,12,14,42,6,0,defense
FRA-Ligue 1,2023,Montpellier,Lucas Mincarelli,FRA,"DF,MF",19,2004,10.9,29,16,19,6,4,17,34,50.0,17,17,4,13,8,37,27,0,defense
FRA-Ligue 1,2023,Montpellier,Léo Leroy,FRA,MF,23,2000,5.5,19,10,8,8,3,6,21,28.6,15,12,3,9,7,26,8,0,defense
FRA-Ligue 1,2023,Montpellier,Mamadou Sakho,FRA,DF,33,1990,0.1,1,1,1,0,0,1,1,100.0,0,0,0,0,0,1,1,0,defense
FRA-Ligue 1,2023,Montpellier,Maxime Estève,FRA,DF,21,2002,11.1,16,12,11,5,0,10,15,66.7,5,13,9,4,18,34,50,0,defense
FRA-Ligue 1,2023,Montpellier,Modibo Sagnan,MLI,DF,24,1999,11.7,34,22,23,9,2,15,25,60.0,10,13,9,4,15,49,67,0,defense
FRA-Ligue 1,2023,Montpellier,Musa Al-Taamari,JOR,FW,26,1997,21.4,20,16,10,5,5,9,21,42.9,12,18,2,16,4,24,5,0,defense
FRA-Ligue 1,2023,Montpellier,Othmane Maamma,MAR,FW,17,2005,1.0,3,3,2,0,1,1,1,100.0,0,3,0,3,0,3,0,0,defense
FRA-Ligue 1,2023,Montpellier,Sacha Delaye,FRA,"MF,FW",21,2002,1.4,7,2,2,2,3,1,6,16.7,5,2,0,2,0,7,1,0,defense
FRA-Ligue 1,2023,Montpellier,Silvan Hefti,SUI,"DF,FW",25,1997,7.9,21,15,10,7,4,15,29,51.7,14,7,2,5,8,29,11,0,defense
FRA-Ligue 1,2023,Montpellier,Tanguy Coulibaly,FRA,"FW,MF",22,2001,6.9,13,11,8,4,1,4,9,44.4,5,11,1,10,2,15,2,0,defense
FRA-Ligue 1,2023,Montpellier,Théo Sainte-Luce,FRA,DF,24,1998,3.8,17,7,10,6,1,11,19,57.9,8,9,4,5,3,20,15,0,defense
FRA-Ligue 1,2023,Montpellier,Téji Savanier,FRA,MF,31,1991,30.7,37,20,16,15,6,14,63,22.2,49,36,8,28,33,70,28,1,defense
FRA-Ligue 1,2023,Montpellier,Wahbi Khazri,TUN,FW,32,1991,12.6,24,17,8,12,4,14,35,40.0,21,10,0,10,3,27,7,0,defense
FRA-Ligue 1,2023,Montpellier,Yanis Issoufou,FRA,MF,16,2006,0.1,0,0,0,0,0,0,0,,0,0,0,0,0,0,0,0,defense
FRA-Ligue 1,2023,Montpellier,Yann Karamoh,FRA,"FW,MF",25,1998,3.2,1,0,0,0,1,1,2,50.0,1,3,0,3,0,1,0,0,defense
FRA-Ligue 1,2023,Nantes,Abdoul Kader Bamba,FRA,"FW,MF",29,1994,6.8,10,7,2,5,3,5,15,33.3,10,4,0,4,4,14,4,1,defense
FRA-Ligue 1,2023,Nantes,Adel Mahamoud,COM,FW,20,2003,0.1,0,0,0,0,0,0,1,0.0,1,0,0,0,0,0,0,0,defense
FRA-Ligue 1,2023,Nantes,Adson,BRA,"MF,FW",22,2000,2.6,7,6,1,6,0,2,2,100.0,0,5,0,5,2,9,2,0,defense
FRA-Ligue 1,2023,Nantes,Alban Lafont,FRA,GK,24,1999,27.7,0,0,0,0,0,0,2,0.0,2,0,0,0,0,0,14,0,defense
FRA-Ligue 1,2023,Nantes,Bastien Meupiyou,FRA,DF,17,2006,0.1,0,0,0,0,0,0,0,,0,0,0,0,0,0,1,0,defense
FRA-Ligue 1,2023,Nantes,Bénie Traoré,CIV,"FW,MF",20,2002,5.6,8,4,2,5,1,3,7,42.9,4,3,0,3,1,9,1,0,defense
FRA-Ligue 1,2023,Nantes,Denis Petrić,SRB,GK,35,1988,0.3,0,0,0,0,0,0,0,,0,0,0,0,0,0,0,0,defense
FRA-Ligue 1,2023,Nantes,Douglas,BRA,MF,26,1997,19.7,70,42,34,30,6,30,59,50.8,29,22,8,14,26,96,30,0,defense
FRA-Ligue 1,2023,Nantes,Enzo Mongo,FRA,DF,18,2005,0.1,1,1,1,0,0,1,2,50.0,1,1,1,0,1,2,0,0,defense
FRA-Ligue 1,2023,Nantes,Eray Cömert,SUI,DF,25,1998,22.2,42,28,28,13,1,28,38,73.7,10,35,18,17,36,78,77,1,defense
FRA-Ligue 1,2023,Nantes,Fabien Centonze,FRA,DF,27,1996,1.0,2,1,2,0,0,2,3,66.7,1,2,1,1,0,2,1,0,defense
FRA-Ligue 1,2023,Nantes,Florent Mollet,FRA,"MF,FW",31,1991,23.1,18,11,8,6,4,10,31,32.3,21,18,5,13,13,31,17,0,defense
FRA-Ligue 1,2023,Nantes,Hugo Boutsingkham,FRA,"MF,FW",20,2003,0.1,0,0,0,0,0,0,0,,0,0,0,0,0,0,1,0,defense
FRA-Ligue 1,2023,Nantes,Ignatius Ganago,CMR,"FW,MF",24,1999,2.0,0,0,0,0,0,0,1,0.0,1,1,0,1,1,1,1,0,defense
FRA-Ligue 1,2023,Nantes,Jaouen Hadjam,ALG,DF,20,2003,1.2,6,4,5,1,0,1,2,50.0,1,0,0,0,3,9,2,0,defense
FRA-Ligue 1,2023,Nantes,Jean-Charles Castelletto,CMR,DF,28,1995,27.4,34,26,22,10,2,18,29,62.1,11,19,10,9,32,66,81,0,defense
FRA-Ligue 1,2023,Nantes,Jean-Kevin Duverne,HAI,DF,26,1997,15.0,37,19,16,17,4,18,44,40.9,26,17,5,12,18,55,34,0,defense
FRA-Ligue 1,2023,Nantes,Kelvin Amian,FRA,DF,25,1998,8.9,16,7,12,4,0,11,15,73.3,4,6,0,6,7,23,28,0,defense
FRA-Ligue 1,2023,Nantes,Lamine Diack,SEN,MF,22,2000,0.0,0,0,0,0,0,0,0,,0,0,0,0,0,0,0,0,defense
FRA-Ligue 1,2023,Nantes,Marcus Coco,FRA,"DF,FW",27,1996,16.5,43,26,29,10,4,28,60,46.7,32,19,1,18,21,64,38,0,defense
FRA-Ligue 1,2023,Nantes,Marquinhos,BRA,"FW,MF",20,2003,1.7,3,2,2,0,1,1,4,25.0,3,7,2,5,6,9,1,0,defense
FRA-Ligue 1,2023,Nantes,Matthis Abline,FRA,FW,20,2003,11.6,9,4,4,3,2,3,8,37.5,5,3,0,3,3,12,5,0,defense
FRA-Ligue 1,2023,Nantes,Moses Simon,NGA,"FW,MF",28,1995,19.9,7,5,2,5,0,2,8,25.0,6,9,1,8,3,10,5,1,defense
FRA-Ligue 1,2023,Nantes,Mostafa Mohamed,EGY,FW,25,1997,22.2,21,14,7,11,3,6,28,21.4,22,21,5,16,12,33,29,0,defense
FRA-Ligue 1,2023,Nantes,Moussa Sissoko,FRA,MF,33,1989,20.2,27,16,13,8,6,12,25,48.0,13,8,2,6,12,39,31,0,defense
FRA-Ligue 1,2023,Nantes,Nathan Zeze,FRA,DF,18,2005,11.4,11,6,9,2,0,7,14,50.0,7,12,3,9,12,23,47,1,defense
FRA-Ligue 1,2023,Nantes,Nicolas Cozza,FRA,DF,24,1999,9.9,35,23,23,10,2,17,24,70.8,7,7,0,7,14,49,32,0,defense
FRA-Ligue 1,2023,Nantes,Nicolas Pallois,FRA,DF,35,1987,17.7,34,19,21,11,2,19,35,54.3,16,37,26,11,26,60,111,0,defense
FRA-Ligue 1,2023,Nantes,Pedro Chirivella,ESP,MF,26,1997,28.8,50,28,20,29,1,30,76,39.5,46,22,5,17,31,81,28,0,defense
FRA-Ligue 1,2023,Nantes,Quentin Merlin,FRA,DF,21,2002,14.3,29,20,15,12,2,16,25,64.0,9,22,1,21,18,47,22,0,defense
FRA-Ligue 1,2023,Nantes,Ronaël Pierre-Gabriel,FRA,DF,25,1998,6.6,15,9,12,2,1,5,7,71.4,2,13,4,9,8,23,25,0,defense
FRA-Ligue 1,2023,Nantes,Rémy Descamps,FRA,GK,27,1996,6.0,0,0,0,0,0,0,0,,0,0,0,0,0,0,7,0,defense
FRA-Ligue 1,2023,Nantes,Samuel Moutoussamy,COD,MF,26,1996,12.3,38,20,14,17,7,17,37,45.9,20,16,3,13,11,49,13,0,defense
FRA-Ligue 1,2023,Nantes,Stredair Appuah,FRA,"FW,MF",19,2004,0.9,0,0,0,0,0,0,3,0.0,3,0,0,0,1,1,1,0,defense
FRA-Ligue 1,2023,Nantes,Tino Kadewere,ZIM,"FW,MF",27,1996,8.7,9,4,3,3,3,6,11,54.5,5,10,1,9,10,19,8,0,defense
FRA-Ligue 1,2023,Nice,Alexis Claude-Maurice,FRA,MF,25,1998,5.6,12,5,3,6,3,1,5,20.0,4,4,1,3,5,17,7,0,defense
FRA-Ligue 1,2023,Nice,Aliou Badara Baldé,GUI,"FW,DF",20,2002,0.8,4,1,0,3,1,1,1,100.0,0,2,1,1,3,7,0,0,defense
FRA-Ligue 1,2023,Nice,Antoine Mendy,SEN,DF,19,2004,4.6,7,5,4,3,0,3,7,42.9,4,4,1,3,8,15,16,0,defense
FRA-Ligue 1,2023,Nice,Badredine Bouanani,ALG,FW,18,2004,1.8,3,2,1,1,1,3,4,75.0,1,5,0,5,3,6,0,0,defense
FRA-Ligue 1,2023,Nice,Bilal Brahimi,ALG,FW,23,2000,0.1,0,0,0,0,0,0,1,0.0,1,0,0,0,0,0,0,0,defense
FRA-Ligue 1,2023,Nice,Dante,BRA,DF,39,1983,31.6,62,30,44,16,2,38,52,73.1,14,43,22,21,37,99,77,2,defense
FRA-Ligue 1,2023,Nice,Daouda Traoré,FRA,MF,17,2006,0.2,0,0,0,0,0,0,0,,0,0,0,0,0,0,0,0,defense
FRA-Ligue 1,2023,Nice,Evann Guessand,CIV,FW,22,2001,17.3,16,7,2,7,7,6,7,85.7,1,12,1,11,12,28,7,0,defense
FRA-Ligue 1,2023,Nice,Gaëtan Laborde,FRA,"FW,MF",29,1994,21.2,18,12,8,4,6,11,30,36.7,19,20,2,18,6,24,8,1,defense
FRA-Ligue 1,2023,Nice,Hicham Boudaoui,ALG,MF,23,1999,17.9,41,19,16,22,3,21,30,70.0,9,15,1,14,11,52,15,0,defense
FRA-Ligue 1,2023,Nice,Jean-Clair Todibo,FRA,DF,23,1999,29.5,58,28,35,17,6,34,56,60.7,22,34,15,19,38,96,97,1,defense
FRA-Ligue 1,2023,Nice,Jeremie Boga,CIV,FW,26,1997,22.2,18,7,6,10,2,10,20,50.0,10,26,2,24,8,26,4,0,defense
FRA-Ligue 1,2023,Nice,Jordan Lotomba,SUI,DF,24,1998,20.0,36,28,18,9,9,25,35,71.4,10,30,9,21,16,52,26,1,defense
FRA-Ligue 1,2023,Nice,Khéphren Thuram,FRA,MF,22,2001,23.4,42,29,13,23,6,20,40,50.0,20,21,10,11,18,60,37,0,defense
FRA-Ligue 1,2023,Nice,Marcin Bułka,POL,GK,23,1999,34.0,0,0,0,0,0,0,2,0.0,2,0,0,0,0,0,9,3,defense
FRA-Ligue 1,2023,Nice,Melvin Bard,FRA,DF,22,2000,29.5,69,38,28,30,11,37,63,58.7,26,46,12,34,42,111,46,0,defense
FRA-Ligue 1,2023,Nice,Mohamed Ali Cho,FRA,FW,19,2004,9.6,12,9,4,7,1,3,11,27.3,8,10,0,10,3,15,6,0,defense
FRA-Ligue 1,2023,Nice,Morgan Sanson,FRA,MF,28,1994,21.8,26,19,12,7,7,12,31,38.7,19,34,5,29,20,46,16,0,defense
FRA-Ligue 1,2023,Nice,Pablo Rosario,NED,"MF,DF",26,1997,22.3,36,25,15,16,5,23,34,67.6,11,27,13,14,29,65,39,0,defense
FRA-Ligue 1,2023,Nice,Reda Belahyane,MAR,MF,19,2004,0.3,1,0,0,1,0,1,1,100.0,0,0,0,0,0,1,0,0,defense
FRA-Ligue 1,2023,Nice,Romain Perraud,FRA,"DF,FW",25,1997,4.1,7,6,5,1,1,4,11,36.4,7,4,0,4,6,13,15,1,defense
FRA-Ligue 1,2023,Nice,Sofiane Diop,FRA,FW,23,2000,5.5,8,6,3,4,1,4,10,40.0,6,4,0,4,3,11,3,0,defense
FRA-Ligue 1,2023,Nice,Terem Moffi,NGA,FW,24,1999,21.7,7,4,0,5,2,3,12,25.0,9,14,1,13,3,10,15,0,defense
FRA-Ligue 1,2023,Nice,Tom Louchet,FRA,"MF,DF",20,2003,4.5,14,5,6,6,2,7,11,63.6,4,7,3,4,3,17,9,0,defense
FRA-Ligue 1,2023,Nice,Valentin Rosier,FRA,"DF,MF",26,1996,0.6,1,0,1,0,0,0,0,,0,1,0,1,2,3,5,0,defense
FRA-Ligue 1,2023,Nice,Youcef Atal,ALG,DF,27,1996,4.0,9,3,6,2,1,6,8,75.0,2,7,1,6,4,13,1,0,defense
FRA-Ligue 1,2023,Nice,Youssouf Ndayishimiye,BDI,"MF,DF",24,1998,19.0,31,20,17,12,2,12,23,52.2,11,19,11,8,12,43,47,1,defense
FRA-Ligue 1,2023,Paris S-G,Achraf Hakimi,MAR,DF,24,1998,21.5,29,19,14,9,6,17,34,50.0,17,28,4,24,12,41,28,2,defense
FRA-Ligue 1,2023,Paris S-G,Arnau Tenas,ESP,GK,22,2001,5.9,0,0,0,0,0,0,0,,0,0,0,0,0,0,0,0,defense
FRA-Ligue 1,2023,Paris S-G,Bradley Barcola,FRA,"FW,MF",20,2002,15.2,34,16,12,13,9,7,25,28.0,18,27,2,25,10,44,13,1,defense
FRA-Ligue 1,2023,Paris S-G,Carlos Soler,ESP,"MF,DF",26,1997,12.1,15,10,9,2,4,6,21,28.6,15,10,3,7,5,20,11,1,defense
FRA-Ligue 1,2023,Paris S-G,Cher Ndour,ITA,MF,19,2004,0.3,2,2,0,2,0,1,2,50.0,1,0,0,0,0,2,0,0,defense
FRA-Ligue 1,2023,Paris S-G,Danilo Pereira,POR,DF,31,1991,22.2,22,12,14,6,2,9,17,52.9,8,29,26,3,23,45,100,1,defense
FRA-Ligue 1,2023,Paris S-G,Ethan Mbappé,FRA,"MF,DF",16,2006,0.5,0,0,0,0,0,0,2,0.0,2,1,0,1,0,0,0,0,defense
FRA-Ligue 1,2023,Paris S-G,Fabián Ruiz Peña,ESP,MF,27,1996,13.3,34,23,17,14,3,23,42,54.8,19,8,2,6,11,45,21,2,defense
FRA-Ligue 1,2023,Paris S-G,Gianluigi Donnarumma,ITA,GK,24,1999,24.1,0,0,0,0,0,0,0,,0,0,0,0,1,1,9,4,defense
FRA-Ligue 1,2023,Paris S-G,Gonçalo Ramos,POR,FW,22,2001,15.8,25,15,4,12,9,6,20,30.0,14,12,2,10,5,30,16,0,defense
FRA-Ligue 1,2023,Paris S-G,Hugo Ekitike,FRA,FW,21,2002,0.1,0,0,0,0,0,0,0,,0,0,0,0,0,0,0,0,defense
FRA-Ligue 1,2023,Paris S-G,Keylor Navas,CRC,GK,36,1986,4.0,0,0,0,0,0,0,0,,0,0,0,0,0,0,2,0,defense
FRA-Ligue 1,2023,Paris S-G,Kylian Mbappé,FRA,FW,24,1998,24.0,4,1,1,1,2,4,9,44.4,5,4,0,4,2,6,2,0,defense
FRA-Ligue 1,2023,Paris S-G,Layvin Kurzawa,FRA,DF,30,1992,0.1,0,0,0,0,0,0,0,,0,0,0,0,0,0,0,0,defense
FRA-Ligue 1,2023,Paris S-G,Lee Kang-in,KOR,"FW,MF",22,2001,16.3,26,13,7,9,10,15,36,41.7,21,7,0,7,6,32,3,0,defense
FRA-Ligue 1,2023,Paris S-G,Lucas Beraldo,BRA,DF,19,2003,11.2,22,14,14,8,0,10,25,40.0,15,15,6,9,20,42,25,0,defense
FRA-Ligue 1,2023,Paris S-G,Lucas Hernández,FRA,DF,27,1996,21.2,52,36,28,15,9,29,50,58.0,21,21,5,16,27,79,38,0,defense
FRA-Ligue 1,2023,Paris S-G,Manuel Ugarte Ribeiro,URU,MF,22,2001,21.5,98,57,39,43,16,43,89,48.3,46,27,6,21,40,138,25,2,defense
FRA-Ligue 1,2023,Paris S-G,Marco Asensio,ESP,"MF,FW",27,1996,12.4,12,10,4,7,1,4,13,30.8,9,7,0,7,5,17,2,0,defense
FRA-Ligue 1,2023,Paris S-G,Marquinhos,BRA,DF,29,1994,17.1,19,11,10,7,2,11,17,64.7,6,29,19,10,17,36,58,1,defense
FRA-Ligue 1,2023,Paris S-G,Milan Škriniar,SVK,DF,28,1995,18.1,24,18,17,7,0,14,22,63.6,8,19,10,9,12,36,51,2,defense
FRA-Ligue 1,2023,Paris S-G,Nordi Mukiele,FRA,DF,25,1997,8.8,12,8,6,5,1,8,15,53.3,7,17,4,13,14,26,28,0,defense
FRA-Ligue 1,2023,Paris S-G,Nuno Mendes,POR,DF,21,2002,3.0,5,5,4,1,0,4,7,57.1,3,4,0,4,4,9,2,0,defense
FRA-Ligue 1,2023,Paris S-G,Ousmane Dembélé,FRA,"MF,FW",26,1997,16.7,19,14,2,7,10,6,13,46.2,7,11,0,11,5,24,4,1,defense
FRA-Ligue 1,2023,Paris S-G,Randal Kolo Muani,FRA,"FW,MF",24,1998,14.1,10,8,5,3,2,5,13,38.5,8,5,0,5,4,14,10,0,defense
FRA-Ligue 1,2023,Paris S-G,Senny Mayulu,FRA,"FW,MF",17,2006,3.6,13,8,6,6,1,6,7,85.7,1,1,0,1,3,16,0,0,defense
FRA-Ligue 1,2023,Paris S-G,Vitinha,POR,MF,23,2000,23.6,39,24,12,16,11,16,48,33.3,32,29,11,18,23,62,30,2,defense
FRA-Ligue 1,2023,Paris S-G,Warren Zaïre-Emery,FRA,"MF,DF",17,2006,21.8,51,28,18,24,9,28,51,54.9,23,32,8,24,15,66,22,2,defense
FRA-Ligue 1,2023,Paris S-G,Yoram Zague,FRA,DF,17,2006,4.1,18,8,11,4,3,11,24,45.8,13,3,0,3,4,22,9,1,defense
FRA-Ligue 1,2023,Reims,Abdoul Koné,FRA,DF,18,2005,2.1,7,7,5,2,0,4,11,36.4,7,2,0,2,2,9,9,0,defense
FRA-Ligue 1,2023,Reims,Adama Bojang,GAM,FW,19,2004,0.9,2,1,1,0,1,0,0,,0,2,1,1,1,3,0,0,defense
FRA-Ligue 1,2023,Reims,Amadou Koné,MLI,MF,18,2005,5.3,13,8,11,2,0,6,10,60.0,4,8,3,5,10,23,10,0,defense
FRA-Ligue 1,2023,Reims,Amine Salama,FRA,FW,23,2000,3.5,0,0,0,0,0,0,0,,0,1,0,1,1,1,1,0,defense
FRA-Ligue 1,2023,Reims,Amir Richardson,MAR,MF,21,2002,15.0,33,23,12,18,3,10,22,45.5,12,26,5,21,15,48,30,0,defense
FRA-Ligue 1,2023,Reims,Azor Matusiwa,NED,MF,25,1998,15.4,39,27,17,19,3,22,32,68.8,10,21,3,18,33,72,32,1,defense
FRA-Ligue 1,2023,Reims,Benjamin Stambouli,FRA,MF,32,1990,3.2,9,7,3,5,1,6,11,54.5,5,3,1,2,2,11,8,0,defense
FRA-Ligue 1,2023,Reims,Christ Mbondi,FRA,FW,18,2004,0.0,1,1,1,0,0,1,1,100.0,0,0,0,0,0,1,0,0,defense
FRA-Ligue 1,2023,Reims,Emmanuel Agbadou,CIV,DF,26,1997,28.8,65,41,38,23,4,44,64,68.8,20,47,25,22,55,120,116,1,defense
FRA-Ligue 1,2023,Reims,Ibrahim Diakité,GUI,DF,19,2003,1.2,1,0,0,1,0,0,1,0.0,1,3,0,3,2,3,5,0,defense
FRA-Ligue 1,2023,Reims,Joseph Okumu,KEN,DF,26,1997,19.4,44,28,28,14,2,24,38,63.2,14,27,19,8,35,79,112,2,defense
FRA-Ligue 1,2023,Reims,Josh Wilson-Esbrand,ENG,"DF,MF",20,2002,5.1,5,4,2,3,0,2,8,25.0,6,5,2,3,6,11,7,0,defense
FRA-Ligue 1,2023,Reims,Junya Ito,JPN,"FW,MF",30,1993,30.2,33,15,11,14,8,10,36,27.8,26,23,1,22,14,47,7,0,defense
FRA-Ligue 1,2023,Reims,Keito Nakamura,JPN,"FW,MF",23,2000,15.3,28,11,9,10,9,17,37,45.9,20,15,2,13,6,34,7,0,defense
FRA-Ligue 1,2023,Reims,Mamadou Diakhon,FRA,"FW,MF",17,2005,2.3,5,3,2,1,2,3,9,33.3,6,1,0,1,1,6,1,0,defense
FRA-Ligue 1,2023,Reims,Marshall Munetsi,ZIM,MF,27,1996,24.1,61,39,18,34,9,33,61,54.1,28,21,7,14,14,75,33,0,defense
FRA-Ligue 1,2023,Reims,Maxime Busi,BEL,"FW,DF",23,1999,1.8,2,0,0,1,1,0,2,0.0,2,6,1,5,4,6,5,0,defense
FRA-Ligue 1,2023,Reims,Mohammed Daramy,DEN,"FW,MF",21,2002,18.3,10,9,4,4,2,6,16,37.5,10,5,1,4,4,14,4,0,defense
FRA-Ligue 1,2023,Reims,Oumar Diakité,CIV,FW,19,2003,17.6,25,12,10,9,6,7,21,33.3,14,13,0,13,7,32,7,0,defense
FRA-Ligue 1,2023,Reims,Reda Khadra,GER,"FW,MF",22,2001,15.2,16,10,5,4,7,8,20,40.0,12,8,2,6,3,19,13,0,defense
FRA-Ligue 1,2023,Reims,Sergio Akieme,ESP,DF,25,1997,9.1,11,5,6,3,2,8,11,72.7,3,9,3,6,10,21,25,0,defense
FRA-Ligue 1,2023,Reims,Teddy Teuma,MLT,MF,29,1993,23.5,54,36,19,21,14,25,62,40.3,37,33,4,29,20,74,6,0,defense
FRA-Ligue 1,2023,Reims,Therence Koudou,FRA,DF,18,2004,3.5,2,2,1,1,0,0,2,0.0,2,4,3,1,4,6,9,0,defense
FRA-Ligue 1,2023,Reims,Thibault De Smet,BEL,DF,25,1998,20.3,56,35,36,16,4,33,59,55.9,26,25,5,20,21,77,51,1,defense
FRA-Ligue 1,2023,Reims,Thomas Foket,BEL,DF,28,1994,20.4,32,17,21,8,3,20,45,44.4,25,34,12,22,25,57,36,0,defense
FRA-Ligue 1,2023,Reims,Valentin Atangana Edoa,FRA,MF,17,2005,6.2,19,13,6,9,4,5,13,38.5,8,5,1,4,6,25,9,0,defense
FRA-Ligue 1,2023,Reims,Yaya Kader Fofana,MLI,"MF,DF",19,2004,0.4,3,3,1,1,1,0,1,0.0,1,0,0,0,1,4,0,0,defense
FRA-Ligue 1,2023,Reims,Yehvann Diouf,FRA,GK,23,1999,34.0,0,0,0,0,0,0,1,0.0,1,0,0,0,1,1,19,3,defense
FRA-Ligue 1,2023,Reims,Yunis Abdelhamid,MAR,DF,35,1987,30.9,64,35,36,23,5,26,45,57.8,19,51,32,19,39,103,109,2,defense
FRA-Ligue 1,2023,Rennes,Adrien Truffert,FRA,DF,21,2001,23.8,39,21,23,10,6,25,40,62.5,15,31,5,26,19,58,49,0,defense
FRA-Ligue 1,2023,Rennes,Alidu Seidu,GHA,DF,23,2000,6.6,21,9,17,3,1,14,19,73.7,5,11,3,8,10,31,13,0,defense
FRA-Ligue 1,2023,Rennes,Amine Gouiri,ALG,"FW,MF",23,2000,23.0,20,10,4,11,5,8,19,42.1,11,18,1,17,14,34,12,0,defense
FRA-Ligue 1,2023,Rennes,Arnaud Kalimuendo,FRA,FW,21,2002,23.8,5,4,2,2,1,2,5,40.0,3,13,2,11,4,9,4,0,defense
FRA-Ligue 1,2023,Rennes,Arthur Theate,BEL,DF,23,2000,25.5,30,17,19,6,5,24,37,64.9,13,40,23,17,31,61,90,2,defense
FRA-Ligue 1,2023,Rennes,Azor Matusiwa,NED,MF,25,1998,8.8,7,3,3,4,0,4,7,57.1,3,9,2,7,11,18,17,0,defense
FRA-Ligue 1,2023,Rennes,Baptiste Santamaria,FRA,MF,28,1995,21.4,52,33,21,25,6,29,46,63.0,17,15,6,9,34,86,33,1,defense
FRA-Ligue 1,2023,Rennes,Benjamin Bourigeaud,FRA,"MF,FW",29,1994,26.9,31,18,14,9,8,13,44,29.5,31,31,2,29,22,53,39,2,defense
FRA-Ligue 1,2023,Rennes,Bertuğ Yıldırım,TUR,FW,21,2002,5.2,7,5,2,3,2,3,8,37.5,5,8,0,8,0,7,4,0,defense
FRA-Ligue 1,2023,Rennes,Birger Meling,NOR,DF,28,1994,0.2,1,1,1,0,0,1,1,100.0,0,1,0,1,0,1,0,0,defense
FRA-Ligue 1,2023,Rennes,Christopher Wooh,CMR,DF,21,2001,15.4,18,12,12,6,0,8,15,53.3,7,19,9,10,18,36,51,0,defense
FRA-Ligue 1,2023,Rennes,Djaoui Cissé,FRA,MF,19,2004,0.0,0,0,0,0,0,0,0,,0,0,0,0,0,0,0,0,defense
FRA-Ligue 1,2023,Rennes,Désiré Doué,FRA,"MF,FW",18,2005,18.1,32,18,11,14,7,10,33,30.3,23,30,1,29,14,46,8,0,defense
FRA-Ligue 1,2023,Rennes,Enzo Le Fée,FRA,MF,23,2000,17.0,50,35,23,17,10,23,47,48.9,24,17,3,14,19,69,20,0,defense
FRA-Ligue 1,2023,Rennes,Fabian Rieder,SUI,MF,21,2002,4.1,13,7,2,9,2,6,11,54.5,5,3,1,2,5,18,2,0,defense
FRA-Ligue 1,2023,Rennes,Guela Doué,CIV,DF,20,2002,13.7,28,21,14,12,2,22,32,68.8,10,12,1,11,15,43,65,1,defense
FRA-Ligue 1,2023,Rennes,Ibrahim Salah,MAR,"FW,MF",21,2001,5.8,15,7,5,6,4,11,18,61.1,7,4,0,4,10,25,5,0,defense
FRA-Ligue 1,2023,Rennes,Jeanuël Belocian,FRA,DF,18,2005,16.1,32,22,23,8,1,22,28,78.6,6,18,10,8,13,45,49,0,defense
FRA-Ligue 1,2023,Rennes,Jeremy Doku,BEL,FW,21,2002,1.2,2,2,1,0,1,1,1,100.0,0,0,0,0,0,2,0,0,defense
FRA-Ligue 1,2023,Rennes,Jérémy Jacquet,FRA,MF,18,2005,0.1,1,1,1,0,0,0,1,0.0,1,0,0,0,1,2,0,0,defense
FRA-Ligue 1,2023,Rennes,Lorenz Assignon,TOG,DF,23,2000,11.2,24,12,12,8,4,9,24,37.5,15,9,4,5,9,33,27,1,defense
FRA-Ligue 1,2023,Rennes,Lovro Majer,CRO,MF,25,1998,0.2,0,0,0,0,0,0,0,,0,0,0,0,0,0,1,0,defense
FRA-Ligue 1,2023,Rennes,Ludovic Blas,FRA,"FW,MF",25,1997,17.4,30,14,16,13,1,12,28,42.9,16,13,1,12,6,36,9,0,defense
FRA-Ligue 1,2023,Rennes,Mahamadou Nagida,CMR,DF,18,2005,1.2,1,1,0,0,1,0,2,0.0,2,2,1,1,4,5,0,0,defense
FRA-Ligue 1,2023,Rennes,Martin Terrier,FRA,"FW,MF",26,1997,17.0,14,9,3,8,3,6,14,42.9,8,21,4,17,9,23,17,0,defense
FRA-Ligue 1,2023,Rennes,Mathis Lambourde,FRA,FW,17,2006,0.1,0,0,0,0,0,0,1,0.0,1,1,0,1,0,0,1,0,defense
FRA-Ligue 1,2023,Rennes,Nemanja Matić,SRB,MF,34,1988,11.4,19,10,7,9,3,9,12,75.0,3,15,7,8,27,46,19,0,defense
FRA-Ligue 1,2023,Rennes,Steve Mandanda,FRA,GK,38,1985,34.0,2,0,2,0,0,2,4,50.0,2,0,0,0,0,2,6,1,defense
FRA-Ligue 1,2023,Rennes,Warmed Omari,COM,DF,23,2000,23.0,32,19,23,7,2,16,28,57.1,12,30,20,10,33,65,77,2,defense
FRA-Ligue 1,2023,Strasbourg,Abakar Sylla,CIV,DF,20,2002,19.9,54,23,30,19,5,29,40,72.5,11,40,11,29,26,80,70,2,defense
FRA-Ligue 1,2023,Strasbourg,Aboubacar Ali,COM,"MF,FW",17,2006,1.4,2,0,0,2,0,0,0,,0,1,0,1,1,3,2,0,defense
FRA-Ligue 1,2023,Strasbourg,Alaa Bellaarouch,MAR,GK,21,2002,15.0,0,0,0,0,0,0,0,,0,0,0,0,1,1,11,2,defense
FRA-Ligue 1,2023,Strasbourg,Andrey Santos,BRA,MF,19,2004,9.2,29,18,15,13,1,17,26,65.4,9,8,0,8,10,39,11,1,defense
FRA-Ligue 1,2023,Strasbourg,Dilane Bakwa,FRA,"FW,MF",20,2002,24.2,30,22,12,13,5,11,40,27.5,29,26,1,25,20,50,11,0,defense
FRA-Ligue 1,2023,Strasbourg,Dion Moise Sahi,CIV,"MF,FW",21,2001,7.0,5,5,1,2,2,0,3,0.0,3,11,1,10,1,6,7,0,defense
FRA-Ligue 1,2023,Strasbourg,Eduard Sobol,UKR,DF,28,1995,0.3,0,0,0,0,0,0,0,,0,0,0,0,0,0,1,0,defense
FRA-Ligue 1,2023,Strasbourg,Emanuel Emegha,NED,FW,20,2003,23.1,8,5,2,4,2,4,9,44.4,5,13,3,10,2,10,25,0,defense
FRA-Ligue 1,2023,Strasbourg,Frederic Guilbert,FRA,"DF,MF",28,1994,27.7,87,50,49,30,8,47,72,65.3,25,39,10,29,71,158,99,1,defense
FRA-Ligue 1,2023,Strasbourg,Gerzino Nyamsi,FRA,DF,26,1997,12.1,18,14,13,5,0,12,18,66.7,6,19,11,8,10,28,43,0,defense
FRA-Ligue 1,2023,Strasbourg,Habib Diarra,SEN,"MF,FW",19,2004,25.6,30,23,8,20,2,9,33,27.3,24,23,4,19,17,47,15,0,defense
FRA-Ligue 1,2023,Strasbourg,Ibrahima Sissoko,MLI,MF,25,1997,18.2,47,33,13,25,9,23,30,76.7,7,21,8,13,19,66,30,0,defense
FRA-Ligue 1,2023,Strasbourg,Ismaël Doukouré,FRA,"MF,DF",20,2003,18.4,23,16,7,14,2,13,21,61.9,8,19,7,12,19,42,29,2,defense
FRA-Ligue 1,2023,Strasbourg,Jean-Ricner Bellegarde,FRA,"MF,FW",25,1998,3.0,5,3,3,2,0,3,6,50.0,3,4,0,4,4,9,0,0,defense
FRA-Ligue 1,2023,Strasbourg,Jessy Deminguet,FRA,"MF,FW",25,1998,7.7,14,9,6,8,0,6,18,33.3,12,8,0,8,9,23,5,1,defense
FRA-Ligue 1,2023,Strasbourg,Junior Mwanga,FRA,"MF,FW",20,2003,16.1,40,20,23,12,5,12,24,50.0,12,20,5,15,18,58,19,0,defense
FRA-Ligue 1,2023,Strasbourg,Jérémy Sebas,MTQ,"FW,MF",20,2003,4.4,7,1,2,3,2,3,5,60.0,2,3,1,2,1,8,1,0,defense
FRA-Ligue 1,2023,Strasbourg,Kévin Gameiro,FRA,"FW,MF",36,1987,15.0,10,10,5,3,2,2,17,11.8,15,9,0,9,3,13,7,0,defense
FRA-Ligue 1,2023,Strasbourg,Lebo Mothiba,RSA,FW,27,1996,6.9,5,2,1,4,0,3,4,75.0,1,6,1,5,0,5,11,0,defense
FRA-Ligue 1,2023,Strasbourg,Lucas Perrin,FRA,DF,24,1998,30.3,47,30,33,14,0,28,46,60.9,18,45,32,13,28,75,113,0,defense
FRA-Ligue 1,2023,Strasbourg,Marvin Senaya,TOG,"DF,MF",22,2001,23.8,72,53,38,25,9,42,68,61.8,26,40,13,27,41,113,68,0,defense
FRA-Ligue 1,2023,Strasbourg,Matz Sels,BEL,GK,31,1992,19.0,0,0,0,0,0,0,0,,0,2,0,2,0,0,13,1,defense
FRA-Ligue 1,2023,Strasbourg,Mohamed Bechikh,FRA,"FW,MF",18,2005,0.2,0,0,0,0,0,0,0,,0,0,0,0,0,0,0,0,defense
FRA-Ligue 1,2023,Strasbourg,Patrick Ouotro,CIV,FW,17,2005,0.1,0,0,0,0,0,0,0,,0,0,0,0,0,0,0,0,defense
FRA-Ligue 1,2023,Strasbourg,Rabby Nzingoula,CGO,"MF,FW",17,2005,1.5,3,3,0,3,0,3,4,75.0,1,4,0,4,5,8,0,0,defense
FRA-Ligue 1,2023,Strasbourg,Saidou Sow,GUI,DF,21,2002,8.0,20,12,17,3,0,9,13,69.2,4,7,4,3,12,32,36,3,defense
FRA-Ligue 1,2023,Strasbourg,Sanjin Prcić,BIH,MF,29,1993,1.0,0,0,0,0,0,0,1,0.0,1,2,1,1,3,3,1,0,defense
FRA-Ligue 1,2023,Strasbourg,Steven Baseya,FRA,DF,18,2005,0.1,2,1,1,1,0,1,1,100.0,0,0,0,0,0,2,1,0,defense
FRA-Ligue 1,2023,Strasbourg,Thomas Delaine,FRA,"DF,MF",31,1992,22.7,38,19,29,8,1,20,42,47.6,22,18,2,16,17,55,51,0,defense
FRA-Ligue 1,2023,Strasbourg,Ângelo,BRA,"FW,MF",18,2004,12.2,24,11,9,7,8,11,31,35.5,20,18,0,18,9,33,2,0,defense
FRA-Ligue 1,2023,Toulouse,Aron Dønnum,NOR,"FW,MF",25,1998,17.7,16,10,3,8,5,7,22,31.8,15,13,0,13,8,24,16,1,defense
FRA-Ligue 1,2023,Toulouse,Christian Mawissa,FRA,DF,18,2005,12.4,22,15,14,4,4,9,23,39.1,14,22,11,11,22,44,41,1,defense
FRA-Ligue 1,2023,Toulouse,Cristian Cásseres Jr.,VEN,MF,23,2000,21.6,70,34,31,33,6,29,61,47.5,32,34,4,30,27,97,33,1,defense
FRA-Ligue 1,2023,Toulouse,Denis Genreau,AUS,"MF,FW",24,1999,5.2,12,9,6,6,0,8,15,53.3,7,8,1,7,6,18,8,0,defense
FRA-Ligue 1,2023,Toulouse,Fares Chaïbi,ALG,"FW,MF",20,2002,0.6,0,0,0,0,0,0,0,,0,0,0,0,0,0,2,0,defense
FRA-Ligue 1,2023,Toulouse,Frank Magri,CMR,"FW,MF",23,1999,16.0,22,14,5,12,5,15,21,71.4,6,16,4,12,4,26,17,0,defense
FRA-Ligue 1,2023,Toulouse,Gabriel Suazo,CHI,DF,25,1997,26.2,66,32,40,19,7,38,86,44.2,48,37,4,33,26,92,33,0,defense
FRA-Ligue 1,2023,Toulouse,Gelabert,ESP,"MF,FW",22,2000,8.4,14,8,5,6,3,7,20,35.0,13,8,2,6,5,19,8,0,defense
FRA-Ligue 1,2023,Toulouse,Guillaume Restes,FRA,GK,18,2005,34.0,0,0,0,0,0,0,3,0.0,3,0,0,0,0,0,19,1,defense
FRA-Ligue 1,2023,Toulouse,Ibrahim Cissoko,NED,"FW,MF",20,2003,2.7,4,3,3,1,0,1,3,33.3,2,3,0,3,1,5,0,0,defense
FRA-Ligue 1,2023,Toulouse,Kévin Keben Biakolo,CMR,DF,19,2004,5.8,4,2,4,0,0,3,6,50.0,3,7,0,7,8,12,17,0,defense
FRA-Ligue 1,2023,Toulouse,Logan Costa,CPV,DF,22,2001,29.4,40,24,31,9,0,15,24,62.5,9,42,27,15,23,63,120,1,defense
FRA-Ligue 1,2023,Toulouse,Mamady Bangré,BFA,"FW,MF",22,2001,1.1,4,2,2,2,0,3,4,75.0,1,0,0,0,4,8,3,0,defense
FRA-Ligue 1,2023,Toulouse,Mikkel Desler,DEN,DF,28,1995,17.2,18,12,8,7,3,9,17,52.9,8,32,13,19,19,37,38,0,defense
FRA-Ligue 1,2023,Toulouse,Moussa Diarra,MLI,DF,22,2000,15.5,32,12,16,15,1,13,27,48.1,14,30,14,16,20,52,43,0,defense
FRA-Ligue 1,2023,Toulouse,Naatan Skyttä,FIN,"MF,FW",21,2002,1.3,4,4,2,1,1,1,1,100.0,0,0,0,0,0,4,0,0,defense
FRA-Ligue 1,2023,Toulouse,Niklas Schmidt,GER,MF,25,1998,14.1,36,21,13,19,4,16,33,48.5,17,14,7,7,4,40,13,0,defense
FRA-Ligue 1,2023,Toulouse,Rasmus Nicolaisen,DEN,DF,26,1997,32.5,50,30,39,11,0,26,44,59.1,18,44,33,11,42,92,158,1,defense
FRA-Ligue 1,2023,Toulouse,Shavy Babicka,GAB,"FW,MF",23,2000,4.1,11,8,2,7,2,2,5,40.0,3,6,1,5,0,11,2,0,defense
FRA-Ligue 1,2023,Toulouse,Stijn Spierings,NED,MF,27,1996,16.8,53,40,26,20,7,29,52,55.8,23,22,5,17,26,79,32,0,defense
FRA-Ligue 1,2023,Toulouse,Thijs Dallinga,NED,FW,22,2000,27.9,29,15,6,11,12,9,15,60.0,6,11,4,7,3,32,35,0,defense
FRA-Ligue 1,2023,Toulouse,Vincent Sierro,SUI,MF,27,1995,25.1,41,24,15,20,6,27,77,35.1,50,37,13,24,27,68,33,0,defense
FRA-Ligue 1,2023,Toulouse,Waren Kamanzi,NOR,"DF,FW",22,2000,13.2,36,24,16,16,4,13,23,56.5,10,11,3,8,9,45,35,0,defense
FRA-Ligue 1,2023,Toulouse,Yanis Begraoui,MAR,"FW,MF",22,2001,3.3,5,3,1,3,1,3,9,33.3,6,4,0,4,5,10,5,0,defense
FRA-Ligue 1,2023,Toulouse,Yann Gboho,FRA,"MF,FW",22,2001,13.3,14,4,6,6,2,8,23,34.8,15,21,1,20,4,18,2,0,defense
FRA-Ligue 1,2023,Toulouse,Zakaria Aboukhlal,MAR,"MF,FW",23,2000,8.4,9,8,1,5,3,3,12,25.0,9,9,1,8,1,10,2,0,defense
