league,season,team,player,nation,pos,age,born,90s,Total,Total,Total,Total,Total,Short,Short,Short,Medium,Medium,Medium,Long,Long,Long,Ast,xAG,Expected,Expected,KP,1/3,PPA,CrsPA,PrgP,stat_type
,,,,,,,,,Cmp,Att,Cmp%,TotDist,PrgDist,Cmp,Att,Cmp%,Cmp,Att,Cmp%,Cmp,Att,Cmp%,,,xA,A-xAG,,,,,,
ITA-Serie A,2021,Atalanta,Aleksei Miranchuk,RUS,"MF,FW",24,1995,7.5,316,408,77.5,4745,1061,169,198,85.4,111,135,82.2,23,39,59.0,2,1.7,1.6,0.3,14,26,21,3,47,passing
ITA-Serie A,2021,Atalanta,Amad Diallo,CIV,MF,18,2002,0.2,9,10,90.0,159,63,5,5,100.0,3,4,75.0,1,1,100.0,0,0.1,0.0,-0.1,1,2,1,0,3,passing
ITA-Serie A,2021,Atalanta,Berat Djimsiti,ALB,DF,27,1993,29.2,1568,1798,87.2,25553,8946,777,845,92.0,634,706,89.8,113,166,68.1,3,2.3,2.5,0.7,21,135,23,2,150,passing
ITA-Serie A,2021,Atalanta,Bosko Sutalo,CRO,DF,20,2000,2.6,128,165,77.6,1813,671,82,97,84.5,36,47,76.6,7,8,87.5,0,0.1,0.3,-0.1,2,7,0,0,10,passing
ITA-Serie A,2021,Atalanta,Cristian Romero,ARG,DF,22,1998,28.3,1134,1315,86.2,21761,7481,372,441,84.4,631,677,93.2,117,146,80.1,2,0.8,0.4,1.2,9,54,7,0,71,passing
ITA-Serie A,2021,Atalanta,Cristiano Piccini,ITA,DF,27,1992,0.7,14,18,77.8,193,74,7,8,87.5,3,3,100.0,2,4,50.0,0,0.0,0.0,0.0,0,1,0,0,2,passing
ITA-Serie A,2021,Atalanta,Davide Angelo Ghislandi,ITA,DF,19,2001,0.1,3,3,100.0,51,9,1,1,100.0,2,2,100.0,0,0,,0,0.0,0.0,0.0,0,0,0,0,1,passing
ITA-Serie A,2021,Atalanta,Duván Zapata,COL,FW,29,1991,26.4,614,817,75.2,8101,976,394,465,84.7,163,210,77.6,25,43,58.1,9,5.4,5.4,3.6,42,16,23,3,48,passing
ITA-Serie A,2021,Atalanta,Fabio Depaoli,ITA,DF,23,1997,2.1,81,99,81.8,1070,445,51,56,91.1,22,26,84.6,3,6,50.0,0,0.2,0.1,-0.2,3,4,0,0,8,passing
ITA-Serie A,2021,Atalanta,Hans Hateboer,NED,DF,26,1994,19.6,857,992,86.4,12183,4072,523,569,91.9,268,314,85.4,38,53,71.7,1,1.8,1.7,-0.8,20,51,19,11,78,passing
ITA-Serie A,2021,Atalanta,Joakim Mæhle,DEN,DF,23,1997,13.5,583,738,79.0,8252,3497,359,415,86.5,185,239,77.4,20,40,50.0,2,1.4,1.7,0.6,14,37,18,8,63,passing
ITA-Serie A,2021,Atalanta,Johan Mojica,COL,DF,27,1992,3.3,178,222,80.2,2773,822,93,108,86.1,73,86,84.9,10,17,58.8,0,0.4,0.6,-0.4,4,13,5,3,13,passing
ITA-Serie A,2021,Atalanta,Josip Iličić,SVN,"MF,FW",32,1988,17.0,729,1009,72.2,12576,4094,362,434,83.4,247,324,76.2,92,170,54.1,9,10.2,6.9,-1.2,61,83,70,12,144,passing
ITA-Serie A,2021,Atalanta,José Luis Palomino,ARG,DF,30,1990,27.0,1273,1554,81.9,23856,8941,462,523,88.3,655,739,88.6,134,242,55.4,2,0.8,0.6,1.2,9,93,2,0,136,passing
ITA-Serie A,2021,Atalanta,Luis Muriel,COL,FW,29,1991,16.0,496,717,69.2,7546,2047,275,337,81.6,155,212,73.1,42,98,42.9,7,4.5,4.1,2.5,47,35,39,3,83,passing
ITA-Serie A,2021,Atalanta,Manu Gyabuaa,ITA,MF,18,2001,0.0,1,1,100.0,14,10,1,1,100.0,0,0,,0,0,,0,0.0,0.0,0.0,0,0,0,0,1,passing
ITA-Serie A,2021,Atalanta,Marco Sportiello,ITA,GK,28,1992,14.0,315,376,83.8,8191,5344,64,64,100.0,160,160,100.0,89,149,59.7,0,0.0,0.0,0.0,0,2,0,0,0,passing
ITA-Serie A,2021,Atalanta,Mario Pašalić,CRO,MF,25,1995,12.5,576,674,85.5,9756,2378,283,319,88.7,227,257,88.3,49,62,79.0,2,2.5,1.4,-0.5,17,66,26,1,86,passing
ITA-Serie A,2021,Atalanta,Marten de Roon,NED,MF,29,1991,33.6,1865,2205,84.6,34012,11402,783,873,89.7,872,964,90.5,191,286,66.8,1,0.9,1.8,0.1,19,264,21,2,245,passing
ITA-Serie A,2021,Atalanta,Matteo Pessina,ITA,MF,23,1997,18.3,788,951,82.9,12328,3396,405,460,88.0,320,366,87.4,40,61,65.6,2,2.5,2.2,-0.5,27,83,26,1,118,passing
ITA-Serie A,2021,Atalanta,Matteo Ruggeri,ITA,DF,18,2002,2.3,94,119,79.0,1368,489,58,61,95.1,29,45,64.4,6,9,66.7,0,0.0,0.3,0.0,1,4,1,1,4,passing
ITA-Serie A,2021,Atalanta,Mattia Caldara,ITA,DF,26,1994,1.2,52,59,88.1,1106,329,13,15,86.7,29,29,100.0,10,12,83.3,0,0.0,0.0,0.0,0,4,0,0,4,passing
ITA-Serie A,2021,Atalanta,Papu Gómez,ARG,"MF,FW",32,1988,7.4,354,435,81.4,6441,1990,148,169,87.6,151,172,87.8,44,70,62.9,2,1.5,1.4,0.5,19,43,31,6,70,passing
ITA-Serie A,2021,Atalanta,Pierluigi Gollini,ITA,GK,25,1995,24.0,511,669,76.4,15171,10270,57,58,98.3,249,253,98.4,203,352,57.7,0,0.0,0.0,0.0,1,8,2,0,0,passing
ITA-Serie A,2021,Atalanta,Rafael Tolói,ITA,DF,29,1990,28.2,1394,1698,82.1,24390,8805,669,718,93.2,564,662,85.2,140,243,57.6,0,1.2,1.5,-1.2,15,160,18,5,157,passing
ITA-Serie A,2021,Atalanta,Remo Freuler,SUI,MF,28,1992,30.1,1876,2122,88.4,30938,10005,891,968,92.0,815,898,90.8,124,170,72.9,3,3.3,3.5,-0.3,30,254,41,5,242,passing
ITA-Serie A,2021,Atalanta,Robin Gosens,GER,DF,26,1994,28.0,1320,1638,80.6,19206,7040,802,913,87.8,431,523,82.4,51,104,49.0,6,3.6,3.9,2.4,29,96,35,12,134,passing
ITA-Serie A,2021,Atalanta,Ruslan Malinovskyi,UKR,"MF,FW",27,1993,20.8,840,1128,74.5,15502,5075,371,440,84.3,330,425,77.6,111,190,58.4,12,10.2,6.7,1.8,78,89,58,7,151,passing
ITA-Serie A,2021,Atalanta,Sam Lammers,NED,"FW,MF",23,1997,3.2,96,122,78.7,1166,181,64,79,81.0,23,27,85.2,1,3,33.3,0,0.4,0.2,-0.4,4,5,3,0,8,passing
ITA-Serie A,2021,Atalanta,Viktor Kovalenko,UKR,FW,24,1996,0.0,1,1,100.0,8,5,1,1,100.0,0,0,,0,0,,0,0.0,0.0,0.0,0,0,0,0,0,passing
ITA-Serie A,2021,Benevento,Adolfo Gaich,ARG,FW,21,1999,8.5,76,134,56.7,1121,179,42,63,66.7,19,31,61.3,9,12,75.0,0,0.4,0.1,-0.4,5,4,2,1,4,passing
ITA-Serie A,2021,Benevento,Alessandro Tuia,ITA,DF,30,1990,19.6,626,809,77.4,12975,5152,189,214,88.3,340,396,85.9,91,173,52.6,0,0.3,0.2,-0.3,3,38,3,0,44,passing
ITA-Serie A,2021,Benevento,Amadou Diambo,GHA,FW,19,2001,0.0,7,7,100.0,88,18,5,5,100.0,2,2,100.0,0,0,,0,0.0,0.0,0.0,0,0,0,0,0,passing
ITA-Serie A,2021,Benevento,Andrés Tello,COL,"DF,MF",23,1996,4.6,133,191,69.6,2095,760,70,81,86.4,47,72,65.3,10,22,45.5,0,0.0,0.2,0.0,1,12,3,0,20,passing
ITA-Serie A,2021,Benevento,Artur Ioniță,MDA,MF,29,1990,31.5,574,754,76.1,8316,2105,326,383,85.1,184,231,79.7,28,52,53.8,0,0.9,0.7,-0.9,13,44,12,3,64,passing
ITA-Serie A,2021,Benevento,Bryan Dabo,BFA,MF,28,1992,12.4,437,570,76.7,7007,1927,229,277,82.7,158,197,80.2,33,53,62.3,0,0.3,0.5,-0.3,7,45,8,2,60,passing
ITA-Serie A,2021,Benevento,Christian Maggio,ITA,DF,38,1982,3.3,106,141,75.2,1584,861,64,73,87.7,36,45,80.0,5,13,38.5,0,0.0,0.0,0.0,0,4,0,0,7,passing
ITA-Serie A,2021,Benevento,Christian Pastina,ITA,DF,19,2001,1.3,56,67,83.6,1105,287,25,27,92.6,20,24,83.3,10,14,71.4,1,0.4,0.1,0.6,1,3,1,1,4,passing
ITA-Serie A,2021,Benevento,Daam Foulon,BEL,DF,21,1999,11.3,321,447,71.8,5175,2031,159,194,82.0,133,174,76.4,20,50,40.0,1,0.2,0.3,0.8,4,23,7,4,36,passing
ITA-Serie A,2021,Benevento,Fabio Depaoli,ITA,DF,23,1997,12.4,290,411,70.6,5133,2761,131,154,85.1,121,154,78.6,31,69,44.9,0,0.4,0.7,-0.4,8,21,13,7,34,passing
ITA-Serie A,2021,Benevento,Federico Barba,ITA,DF,26,1993,29.5,1095,1396,78.4,19174,7531,465,527,88.2,496,606,81.8,101,198,51.0,2,1.4,1.3,0.6,13,56,14,4,80,passing
ITA-Serie A,2021,Benevento,Gabriele Moncini,ITA,"FW,MF",24,1996,4.0,52,87,59.8,673,124,37,60,61.7,9,17,52.9,3,4,75.0,0,0.2,0.1,-0.2,3,4,0,0,5,passing
ITA-Serie A,2021,Benevento,Gaetano Letizia,ITA,DF,30,1990,17.4,670,890,75.3,11927,4614,301,338,89.1,270,343,78.7,79,154,51.3,1,1.2,2.3,-0.2,14,41,32,21,59,passing
ITA-Serie A,2021,Benevento,Gianluca Caprari,ITA,"MF,FW",27,1993,20.7,507,711,71.3,8148,2103,259,309,83.8,170,225,75.6,50,119,42.0,6,3.0,2.3,3.0,35,38,22,5,65,passing
ITA-Serie A,2021,Benevento,Gianluca Lapadula,PER,FW,30,1990,28.5,320,470,68.1,4204,895,194,256,75.8,88,123,71.5,13,19,68.4,2,3.7,1.9,-1.7,33,12,11,1,44,passing
ITA-Serie A,2021,Benevento,Giuseppe Di Serio,ITA,"FW,MF",19,2001,3.2,55,74,74.3,728,219,25,30,83.3,21,24,87.5,2,5,40.0,0,0.0,0.4,0.0,1,2,3,0,10,passing
ITA-Serie A,2021,Benevento,Iago Falque,ESP,"MF,FW",30,1990,4.0,159,212,75.0,2593,726,82,88,93.2,58,74,78.4,14,37,37.8,1,1.2,1.7,-0.2,13,15,15,3,26,passing
ITA-Serie A,2021,Benevento,Kamil Glik,POL,DF,32,1988,35.6,1148,1301,88.2,23627,7644,308,345,89.3,663,709,93.5,154,214,72.0,1,0.7,0.5,0.3,4,37,0,0,67,passing
ITA-Serie A,2021,Benevento,Lorenzo Del Pinto,ITA,MF,30,1990,0.1,5,8,62.5,65,29,2,3,66.7,1,2,50.0,1,1,100.0,0,0.0,0.0,0.0,0,0,0,0,0,passing
ITA-Serie A,2021,Benevento,Lorenzo Montipò,ITA,GK,24,1996,37.0,803,1242,64.7,24351,17210,141,142,99.3,294,307,95.8,362,780,46.4,0,0.0,0.0,0.0,0,7,0,0,1,passing
ITA-Serie A,2021,Benevento,Luca Caldirola,ITA,DF,29,1991,17.5,681,806,84.5,13020,5025,250,274,91.2,347,387,89.7,72,127,56.7,0,0.2,0.2,-0.2,4,46,4,1,48,passing
ITA-Serie A,2021,Benevento,Marco Sau,ITA,"MF,FW",32,1987,8.7,182,268,67.9,2719,611,94,121,77.7,65,90,72.2,14,36,38.9,2,1.8,1.3,0.2,19,9,6,1,17,passing
ITA-Serie A,2021,Benevento,Niccolò Manfredini,ITA,GK,32,1988,1.0,27,31,87.1,653,361,5,5,100.0,15,15,100.0,7,11,63.6,0,0.0,0.0,0.0,0,0,0,0,0,passing
ITA-Serie A,2021,Benevento,Nicolas Viola,ITA,MF,30,1989,11.5,333,500,66.6,6070,2329,152,179,84.9,115,161,71.4,47,123,38.2,2,1.7,1.2,0.3,19,30,12,1,41,passing
ITA-Serie A,2021,Benevento,Pasquale Schiattarella,ITA,MF,33,1987,25.0,1091,1353,80.6,19050,6549,471,524,89.9,461,544,84.7,108,186,58.1,1,2.2,1.4,-1.2,25,131,24,2,144,passing
ITA-Serie A,2021,Benevento,Përparim Hetemaj,FIN,MF,33,1986,24.6,656,869,75.5,10388,3115,338,402,84.1,248,306,81.0,45,96,46.9,2,1.4,1.6,0.6,14,46,20,6,88,passing
ITA-Serie A,2021,Benevento,Riccardo Improta,ITA,"DF,MF",26,1993,25.9,658,936,70.3,10025,4208,362,428,84.6,213,291,73.2,51,116,44.0,0,2.4,2.6,-2.4,21,66,33,18,81,passing
ITA-Serie A,2021,Benevento,Roberto Insigne,ITA,"MF,FW",26,1994,17.8,497,625,79.5,8037,1900,268,305,87.9,149,183,81.4,58,91,63.7,4,3.8,2.9,0.2,40,28,25,4,47,passing
ITA-Serie A,2021,Benevento,Siriki Sanogo,CIV,MF,18,2001,0.1,8,8,100.0,105,4,4,4,100.0,2,2,100.0,1,1,100.0,0,0.0,0.0,0.0,0,0,0,0,0,passing
ITA-Serie A,2021,Bologna,Aaron Hickey,SCO,DF,18,2002,8.4,337,397,84.9,5489,1742,160,174,92.0,142,165,86.1,21,34,61.8,0,0.1,0.2,-0.1,2,30,3,1,36,passing
ITA-Serie A,2021,Bologna,Adama Soumaoro,FRA,DF,28,1992,19.5,822,925,88.9,14538,4983,337,375,89.9,415,448,92.6,61,77,79.2,0,0.1,0.1,-0.1,3,21,0,0,51,passing
ITA-Serie A,2021,Bologna,Andrea Poli,ITA,MF,30,1989,4.3,191,213,89.7,2874,912,101,108,93.5,80,84,95.2,4,8,50.0,0,0.6,0.2,-0.6,6,29,2,1,25,passing
ITA-Serie A,2021,Bologna,Andreas Skov Olsen,DEN,"FW,DF",20,1999,13.1,407,546,74.5,5984,1534,231,263,87.8,127,172,73.8,25,61,41.0,3,2.0,1.9,1.0,20,12,10,5,29,passing
ITA-Serie A,2021,Bologna,Andri Fannar Baldursson,ISL,MF,18,2002,2.4,54,73,74.0,833,221,28,33,84.8,25,31,80.6,1,6,16.7,0,0.1,0.1,-0.1,1,5,2,0,6,passing
ITA-Serie A,2021,Bologna,Angelo da Costa Júnior,BRA,GK,36,1983,6.0,248,283,87.6,5919,3779,59,59,100.0,132,132,100.0,56,91,61.5,0,0.0,0.0,0.0,0,2,0,0,0,passing
ITA-Serie A,2021,Bologna,Antonio Raimondo,ITA,FW,16,2004,0.0,0,1,0.0,0,0,0,1,0.0,0,0,,0,0,,0,0.0,0.0,0.0,0,0,0,0,0,passing
ITA-Serie A,2021,Bologna,Arturo Calabresi,ITA,"DF,FW",24,1996,0.2,3,5,60.0,78,63,1,1,100.0,1,2,50.0,1,2,50.0,0,0.0,0.0,0.0,0,1,0,0,0,passing
ITA-Serie A,2021,Bologna,Danilo Larangeira,BRA,DF,36,1984,34.8,1414,1767,80.0,30988,13580,386,428,90.2,759,854,88.9,262,448,58.5,1,2.0,0.8,-1.0,9,86,6,0,108,passing
ITA-Serie A,2021,Bologna,Edoardo Vergani,ITA,FW,19,2001,0.1,2,2,100.0,16,0,2,2,100.0,0,0,,0,0,,0,0.0,0.0,0.0,0,1,0,0,0,passing
ITA-Serie A,2021,Bologna,Emanuel Vignato,ITA,"FW,MF",19,2000,13.4,526,713,73.8,8446,2958,279,324,86.1,177,241,73.4,51,86,59.3,4,3.6,2.8,0.4,26,56,19,3,79,passing
ITA-Serie A,2021,Bologna,Federico Ravaglia,ITA,GK,20,1999,4.0,116,137,84.7,2396,1828,36,36,100.0,55,56,98.2,20,40,50.0,0,0.0,0.0,0.0,0,0,0,0,0,passing
ITA-Serie A,2021,Bologna,Federico Santander,PAR,FW,29,1991,0.4,13,19,68.4,162,40,8,11,72.7,4,5,80.0,0,0,,1,0.4,0.3,0.6,1,2,0,0,1,passing
ITA-Serie A,2021,Bologna,Gary Medel,CHI,"DF,MF",32,1987,5.7,314,342,91.8,6206,2177,109,118,92.4,154,160,96.3,48,54,88.9,1,0.1,0.1,0.9,2,26,1,0,26,passing
ITA-Serie A,2021,Bologna,Ibrahima Mbaye,SEN,DF,25,1994,4.8,170,210,81.0,2544,1005,92,110,83.6,63,73,86.3,9,14,64.3,0,0.0,0.1,0.0,1,10,0,0,11,passing
ITA-Serie A,2021,Bologna,Jerdy Schouten,NED,MF,23,1997,27.9,1206,1395,86.5,20951,6375,528,592,89.2,515,577,89.3,121,148,81.8,1,1.9,1.6,-0.9,23,154,11,1,148,passing
ITA-Serie A,2021,Bologna,Kacper Urbanski,POL,FW,15,2004,0.0,6,7,85.7,117,24,2,2,100.0,3,3,100.0,1,2,50.0,0,0.0,0.0,0.0,0,0,0,0,3,passing
ITA-Serie A,2021,Bologna,Lorenzo De Silvestri,ITA,DF,32,1988,23.8,954,1283,74.4,16287,7523,441,507,87.0,406,534,76.0,87,180,48.3,0,0.7,1.0,-0.7,13,94,18,9,104,passing
ITA-Serie A,2021,Bologna,Mattia Pagliuca,ITA,MF,18,2002,0.1,1,3,33.3,12,0,1,2,50.0,0,0,,0,0,,0,0.0,0.0,0.0,1,0,0,0,0,passing
ITA-Serie A,2021,Bologna,Mattias Svanberg,SWE,MF,21,1999,20.6,512,653,78.4,8602,2821,245,293,83.6,212,248,85.5,40,59,67.8,2,2.5,1.8,-0.5,15,51,18,0,88,passing
ITA-Serie A,2021,Bologna,Mitchell Dijks,NED,DF,27,1993,16.5,602,794,75.8,8969,4150,332,385,86.2,223,290,76.9,26,65,40.0,0,0.2,0.2,-0.2,6,41,4,2,59,passing
ITA-Serie A,2021,Bologna,Musa Barrow,GAM,"FW,MF",21,1998,32.5,818,1165,70.2,13878,3584,433,530,81.7,247,331,74.6,103,213,48.4,8,6.0,4.1,2.0,60,83,31,12,103,passing
ITA-Serie A,2021,Bologna,Musa Juwara,GAM,"MF,DF",18,2001,0.5,21,31,67.7,340,108,12,12,100.0,8,12,66.7,1,4,25.0,0,0.0,0.0,0.0,0,3,0,0,2,passing
ITA-Serie A,2021,Bologna,Nehuén Paz,ARG,DF,27,1993,4.0,196,236,83.1,3733,1341,72,84,85.7,103,117,88.0,19,27,70.4,0,0.0,0.0,0.0,1,10,0,0,17,passing
ITA-Serie A,2021,Bologna,Nicola Sansone,ITA,"FW,MF",28,1991,13.0,412,533,77.3,6110,1942,246,285,86.3,121,154,78.6,26,51,51.0,2,2.9,1.9,-0.9,31,29,19,5,58,passing
ITA-Serie A,2021,Bologna,Nicolás Domínguez,ARG,MF,22,1998,13.9,614,716,85.8,10181,3198,303,340,89.1,240,275,87.3,48,64,75.0,0,1.7,1.6,-1.7,19,69,11,2,72,passing
ITA-Serie A,2021,Bologna,Omar Khailoti,ITA,DF,18,2001,0.3,17,20,85.0,211,44,12,13,92.3,3,4,75.0,1,1,100.0,0,0.0,0.0,0.0,0,0,0,0,0,passing
ITA-Serie A,2021,Bologna,Paolo Faragò,ITA,DF,27,1993,0.3,11,13,84.6,159,70,6,7,85.7,5,5,100.0,0,0,,0,0.0,0.0,0.0,0,0,1,0,2,passing
ITA-Serie A,2021,Bologna,Riccardo Orsolini,ITA,"FW,MF",23,1997,19.5,458,724,63.3,7497,2458,247,313,78.9,139,218,63.8,49,115,42.6,3,2.4,2.1,0.6,30,34,19,5,45,passing
ITA-Serie A,2021,Bologna,Roberto Soriano,ITA,MF,29,1991,36.1,1222,1507,81.1,17944,6045,693,805,86.1,396,459,86.3,71,103,68.9,6,7.8,3.8,-1.8,52,155,46,3,199,passing
ITA-Serie A,2021,Bologna,Rodrigo Palacio,ARG,FW,38,1982,27.8,721,972,74.2,10312,2127,434,494,87.9,204,286,71.3,40,67,59.7,5,4.3,3.6,0.7,39,45,30,6,81,passing
ITA-Serie A,2021,Bologna,Simone Rabbi,ITA,"FW,DF",18,2001,0.4,5,9,55.6,72,22,3,3,100.0,2,4,50.0,0,0,,1,0.0,0.0,1.0,2,0,0,0,0,passing
ITA-Serie A,2021,Bologna,Stefano Denswil,SUR,DF,27,1993,1.3,64,82,78.0,1314,454,19,24,79.2,35,37,94.6,9,14,64.3,0,0.0,0.0,0.0,0,6,1,0,6,passing
ITA-Serie A,2021,Bologna,Takehiro Tomiyasu,JPN,DF,21,1998,30.2,1366,1677,81.5,24350,9450,591,671,88.1,614,727,84.5,138,221,62.4,0,0.4,0.9,-0.4,8,130,10,5,150,passing
ITA-Serie A,2021,Bologna,Valentin Antov,BUL,DF,19,2000,2.6,108,122,88.5,2181,851,41,42,97.6,51,55,92.7,16,25,64.0,0,0.0,0.0,0.0,1,4,0,0,6,passing
ITA-Serie A,2021,Bologna,Wisdom Amey,ITA,DF,14,2005,0.0,5,5,100.0,102,7,2,2,100.0,2,2,100.0,1,1,100.0,0,0.0,0.0,0.0,0,1,0,0,1,passing
ITA-Serie A,2021,Bologna,Łukasz Skorupski,POL,GK,29,1991,28.0,747,959,77.9,16949,11831,198,200,99.0,329,337,97.6,172,367,46.9,0,0.0,0.0,0.0,0,3,0,0,0,passing
ITA-Serie A,2021,Cagliari,Adam Ounas,ALG,"MF,FW",23,1996,3.4,83,122,68.0,1406,391,43,56,76.8,25,38,65.8,10,15,66.7,0,0.9,0.8,-0.9,7,8,8,2,15,passing
ITA-Serie A,2021,Cagliari,Alberto Cerri,ITA,FW,24,1996,4.1,88,146,60.3,1351,238,42,66,63.6,33,49,67.3,6,10,60.0,0,0.6,1.0,-0.6,7,4,4,0,9,passing
ITA-Serie A,2021,Cagliari,Alessandro Deiola,ITA,MF,24,1995,6.8,197,241,81.7,3340,872,104,121,86.0,67,77,87.0,23,32,71.9,0,0.8,0.2,-0.8,6,16,3,3,14,passing
ITA-Serie A,2021,Cagliari,Alessandro Tripaldelli,ITA,DF,21,1999,3.3,75,116,64.7,1284,667,34,43,79.1,31,53,58.5,7,9,77.8,0,0.1,0.0,-0.1,1,3,0,0,10,passing
ITA-Serie A,2021,Cagliari,Alessio Cragno,ITA,GK,26,1994,34.0,671,964,69.6,18986,15706,175,176,99.4,227,233,97.4,259,541,47.9,0,0.0,0.0,0.0,0,8,0,0,0,passing
ITA-Serie A,2021,Cagliari,Alfred Duncan,GHA,MF,27,1993,11.9,482,598,80.6,8737,2676,218,246,88.6,199,233,85.4,58,92,63.0,1,1.5,1.5,-0.5,10,68,14,0,73,passing
ITA-Serie A,2021,Cagliari,Andrea Carboni,ITA,DF,19,2001,12.1,470,610,77.0,8663,2885,175,200,87.5,239,291,82.1,48,99,48.5,1,1.1,1.1,-0.1,4,40,8,6,40,passing
ITA-Serie A,2021,Cagliari,Arturo Calabresi,ITA,DF,24,1996,0.2,15,20,75.0,238,71,8,11,72.7,7,7,100.0,0,1,0.0,0,0.0,0.0,0.0,0,0,0,0,2,passing
ITA-Serie A,2021,Cagliari,Charalambos Lykogiannis,GRE,DF,26,1993,26.9,809,1201,67.4,13966,6444,394,454,86.8,333,480,69.4,69,180,38.3,2,1.8,2.3,0.2,14,66,18,10,79,passing
ITA-Serie A,2021,Cagliari,Christian Oliva,URU,MF,24,1996,4.3,153,189,81.0,2358,846,76,91,83.5,63,69,91.3,9,19,47.4,1,0.1,0.1,0.9,2,13,2,0,18,passing
ITA-Serie A,2021,Cagliari,Daniele Rugani,ITA,DF,26,1994,11.1,402,508,79.1,7043,2474,171,198,86.4,189,220,85.9,33,70,47.1,1,0.5,0.5,0.5,3,23,2,0,36,passing
ITA-Serie A,2021,Cagliari,Diego Godín,URU,DF,34,1986,27.9,1296,1557,83.2,26885,11509,406,446,91.0,670,758,88.4,210,318,66.0,0,0.7,0.8,-0.7,7,83,4,1,91,passing
ITA-Serie A,2021,Cagliari,Fabio Pisacane,ITA,DF,34,1986,2.5,82,97,84.5,1275,551,43,48,89.6,35,41,85.4,3,5,60.0,0,0.0,0.0,0.0,0,5,0,0,4,passing
ITA-Serie A,2021,Cagliari,Fabrizio Caligara,ITA,"MF,FW",20,2000,2.0,43,58,74.1,765,234,21,25,84.0,15,19,78.9,6,10,60.0,0,0.3,0.2,-0.3,2,2,1,0,3,passing
ITA-Serie A,2021,Cagliari,Gabriele Zappa,ITA,DF,20,1999,26.6,1003,1313,76.4,15015,6281,563,642,87.7,360,465,77.4,52,132,39.4,4,4.3,3.2,-0.3,28,69,36,14,108,passing
ITA-Serie A,2021,Cagliari,Gastón Pereiro,URU,"MF,DF",25,1995,3.0,102,137,74.5,1713,438,47,56,83.9,38,52,73.1,11,18,61.1,2,1.2,1.4,0.8,8,11,8,1,25,passing
ITA-Serie A,2021,Cagliari,Giovanni Simeone,ARG,FW,25,1995,19.3,255,346,73.7,3452,361,153,194,78.9,79,99,79.8,5,12,41.7,2,1.3,0.7,0.7,12,7,3,1,13,passing
ITA-Serie A,2021,Cagliari,Guglielmo Vicario,ITA,GK,23,1996,4.0,73,106,68.9,2450,2008,12,12,100.0,24,25,96.0,36,68,52.9,0,0.0,0.0,0.0,0,0,0,0,0,passing
ITA-Serie A,2021,Cagliari,João Pedro,ITA,"FW,MF",28,1992,36.1,683,945,72.3,11025,2566,364,445,81.8,207,275,75.3,76,111,68.5,3,5.5,3.8,-2.5,38,48,29,2,94,passing
ITA-Serie A,2021,Cagliari,Kiril Despodov,BUL,FW,23,1996,0.1,0,0,,0,0,0,0,,0,0,,0,0,,0,0.0,0.0,0.0,0,0,0,0,0,passing
ITA-Serie A,2021,Cagliari,Kwadwo Asamoah,GHA,"DF,MF",31,1988,2.5,95,114,83.3,1746,456,43,48,89.6,38,43,88.4,12,17,70.6,0,0.0,0.1,0.0,0,10,2,0,6,passing
ITA-Serie A,2021,Cagliari,Leonardo Pavoletti,ITA,FW,31,1988,17.6,282,409,68.9,3571,476,177,246,72.0,63,84,75.0,13,21,61.9,3,1.1,0.6,1.9,12,19,6,0,21,passing
ITA-Serie A,2021,Cagliari,Luca Ceppitelli,ITA,DF,30,1989,16.3,703,846,83.1,13465,4685,259,297,87.2,355,386,92.0,78,135,57.8,0,0.1,0.2,-0.1,2,53,5,1,51,passing
ITA-Serie A,2021,Cagliari,Marko Rog,CRO,MF,25,1995,12.9,541,619,87.4,8565,2501,296,323,91.6,186,210,88.6,42,56,75.0,0,0.3,0.6,-0.3,8,55,7,2,53,passing
ITA-Serie A,2021,Cagliari,Mattéo Tramoni,FRA,"MF,FW",20,2000,0.8,11,16,68.8,128,54,9,11,81.8,2,2,100.0,0,1,0.0,0,0.0,0.0,0.0,0,0,0,0,0,passing
ITA-Serie A,2021,Cagliari,Nahitan Nández,URU,"MF,DF",24,1995,30.4,892,1217,73.3,13962,4527,480,550,87.3,316,436,72.5,65,129,50.4,2,2.7,3.1,-0.7,30,62,38,19,90,passing
ITA-Serie A,2021,Cagliari,Paolo Faragò,ITA,DF,27,1993,4.1,190,225,84.4,3092,1189,98,101,97.0,74,86,86.0,13,22,59.1,0,0.5,0.6,-0.5,5,11,5,5,13,passing
ITA-Serie A,2021,Cagliari,Radja Nainggolan,BEL,MF,32,1988,20.5,629,843,74.6,12814,3045,248,308,80.5,258,310,83.2,115,168,68.5,0,1.9,1.7,-1.9,23,79,23,15,95,passing
ITA-Serie A,2021,Cagliari,Ragnar Klavan,EST,DF,34,1985,8.6,343,402,85.3,6545,2399,124,140,88.6,180,193,93.3,36,59,61.0,0,0.1,0.1,-0.1,1,17,0,0,20,passing
ITA-Serie A,2021,Cagliari,Riccardo Sottil,ITA,"FW,MF",21,1999,13.2,281,382,73.6,4702,973,139,173,80.3,108,140,77.1,24,40,60.0,1,1.8,1.4,-0.8,16,19,18,4,47,passing
ITA-Serie A,2021,Cagliari,Răzvan Marin,ROU,MF,24,1996,32.9,1389,1698,81.8,24363,7325,631,696,90.7,548,617,88.8,163,297,54.9,6,4.7,4.8,1.3,69,142,30,5,159,passing
ITA-Serie A,2021,Cagliari,Sebastian Walukiewicz,POL,DF,20,2000,18.0,702,823,85.3,12995,5065,255,285,89.5,377,425,88.7,60,92,65.2,1,0.6,0.2,0.4,2,26,2,0,39,passing
ITA-Serie A,2021,Crotone,Adam Ounas,ALG,"FW,MF",23,1996,13.3,384,497,77.3,7151,1787,176,202,87.1,157,192,81.8,49,79,62.0,4,2.9,2.6,1.1,21,41,28,4,69,passing
ITA-Serie A,2021,Crotone,Ahmad Benali,LBY,MF,28,1992,13.5,662,788,84.0,10717,3005,323,363,89.0,267,300,89.0,48,74,64.9,1,1.2,1.3,-0.2,14,55,10,1,67,passing
ITA-Serie A,2021,Crotone,Alex Cordaz,ITA,GK,37,1983,36.0,1045,1441,72.5,27128,20701,263,266,98.9,447,467,95.7,330,699,47.2,0,0.0,0.0,0.0,1,14,0,0,1,passing
ITA-Serie A,2021,Crotone,Andrea Rispoli,ITA,DF,31,1988,7.2,224,324,69.1,3839,1462,107,128,83.6,87,116,75.0,21,43,48.8,0,0.6,0.4,-0.6,10,11,7,7,18,passing
ITA-Serie A,2021,Crotone,Antonio Mazzotta,ITA,DF,30,1989,0.6,7,11,63.6,91,6,5,7,71.4,2,3,66.7,0,1,0.0,0,0.0,0.0,0.0,0,0,0,0,0,passing
ITA-Serie A,2021,Crotone,Arkadiusz Reca,POL,DF,25,1995,25.7,718,1029,69.8,11934,4025,356,431,82.6,289,405,71.4,50,105,47.6,3,3.1,2.2,-0.1,26,35,25,11,66,passing
ITA-Serie A,2021,Crotone,Augustus Kargbo,SLE,FW,20,1999,0.4,6,8,75.0,70,2,4,4,100.0,2,3,66.7,0,0,,0,0.0,0.0,0.0,0,0,0,0,0,passing
ITA-Serie A,2021,Crotone,Denis Drăguș,ROU,"FW,MF",21,1999,2.0,48,69,69.6,638,193,26,35,74.3,14,17,82.4,2,6,33.3,0,0.0,0.2,0.0,0,4,4,0,9,passing
ITA-Serie A,2021,Crotone,Eduardo Henrique,BRA,MF,25,1995,10.3,325,398,81.7,4600,1422,182,205,88.8,111,130,85.4,14,25,56.0,0,0.2,0.3,-0.2,6,35,4,0,43,passing
ITA-Serie A,2021,Crotone,Emmanuel Rivière,FRA,FW,30,1990,7.1,108,149,72.5,1347,211,63,83,75.9,30,36,83.3,4,5,80.0,1,0.5,0.4,0.5,5,6,0,0,6,passing
ITA-Serie A,2021,Crotone,Gian Crespi,ITA,GK,19,2001,1.0,35,40,87.5,815,686,11,11,100.0,14,14,100.0,9,14,64.3,0,0.0,0.0,0.0,0,0,0,0,0,passing
ITA-Serie A,2021,Crotone,Giovanni Crociata,ITA,DF,22,1997,0.3,11,15,73.3,163,62,7,8,87.5,4,7,57.1,0,0,,0,0.1,0.0,-0.1,1,2,1,0,4,passing
ITA-Serie A,2021,Crotone,Giuseppe Cuomo,ITA,DF,22,1998,8.9,412,516,79.8,7409,2875,155,175,88.6,224,249,90.0,28,71,39.4,0,0.0,0.1,0.0,0,15,1,0,44,passing
ITA-Serie A,2021,Crotone,Jacopo Petriccione,ITA,MF,25,1995,10.6,425,506,84.0,7784,2516,168,186,90.3,195,221,88.2,51,74,68.9,0,0.4,0.5,-0.4,8,38,6,1,51,passing
ITA-Serie A,2021,Crotone,Junior Messias,BRA,"MF,FW",29,1991,35.7,871,1214,71.7,14046,3935,459,548,83.8,297,395,75.2,80,177,45.2,4,2.6,3.2,1.4,32,79,34,7,135,passing
ITA-Serie A,2021,Crotone,Koffi Djidji,CIV,DF,27,1992,16.9,606,757,80.1,10623,4354,259,289,89.6,286,330,86.7,49,105,46.7,0,0.2,0.1,-0.2,4,42,2,0,56,passing
ITA-Serie A,2021,Crotone,Lisandro Magallán,ARG,DF,26,1993,24.2,903,1109,81.4,16685,7382,350,411,85.2,456,522,87.4,86,137,62.8,2,0.4,0.3,1.6,9,70,5,0,70,passing
ITA-Serie A,2021,Crotone,Luca Cigarini,ITA,MF,34,1986,10.3,628,757,83.0,11941,4614,269,289,93.1,253,295,85.8,93,135,68.9,0,1.7,1.0,-1.7,16,89,11,2,90,passing
ITA-Serie A,2021,Crotone,Luca Marrone,ITA,DF,30,1990,17.6,891,1018,87.5,17532,6431,276,295,93.6,524,564,92.9,86,146,58.9,0,0.0,0.1,0.0,0,20,1,0,33,passing
ITA-Serie A,2021,Crotone,Luca Siligardi,ITA,"MF,FW",32,1988,0.5,15,20,75.0,261,68,6,8,75.0,7,8,87.5,1,2,50.0,0,0.1,0.0,-0.1,2,3,1,0,4,passing
ITA-Serie A,2021,Crotone,Luis Rojas,CHI,"MF,FW",18,2002,1.2,36,46,78.3,501,108,22,25,88.0,11,14,78.6,1,4,25.0,0,0.0,0.0,0.0,1,3,0,0,3,passing
ITA-Serie A,2021,Crotone,Marco Festa,ITA,GK,28,1992,1.0,31,36,86.1,883,725,10,10,100.0,8,8,100.0,13,18,72.2,0,0.0,0.0,0.0,0,0,0,0,0,passing
ITA-Serie A,2021,Crotone,Miloš Vulić,SRB,MF,23,1996,14.5,442,577,76.6,7248,1839,210,250,84.0,201,248,81.0,21,44,47.7,1,1.5,1.0,-0.5,21,39,8,3,51,passing
ITA-Serie A,2021,Crotone,Niccolò Zanellato,ITA,MF,22,1998,18.2,607,764,79.5,11180,2751,238,290,82.1,295,337,87.5,62,95,65.3,1,1.2,1.2,-0.2,9,48,10,3,65,passing
ITA-Serie A,2021,Crotone,Pedro Pereira,POR,DF,22,1998,28.3,673,910,74.0,10701,3382,349,407,85.7,248,329,75.4,53,94,56.4,4,3.4,3.3,0.6,21,27,23,12,44,passing
ITA-Serie A,2021,Crotone,Salvatore Molina,ITA,"MF,DF",28,1992,25.7,842,1082,77.8,14821,4433,405,448,90.4,329,401,82.0,93,172,54.1,4,2.3,2.1,1.7,23,59,32,17,97,passing
ITA-Serie A,2021,Crotone,Samuel Di Carmine,ITA,FW,31,1988,5.3,74,97,76.3,1058,116,37,44,84.1,23,32,71.9,5,6,83.3,0,0.0,0.1,0.0,0,3,3,0,10,passing
ITA-Serie A,2021,Crotone,Sebastiano Luperto,ITA,DF,23,1996,20.9,836,1024,81.6,15124,6124,328,350,93.7,446,505,88.3,56,139,40.3,0,0.2,0.2,-0.2,6,49,0,0,69,passing
ITA-Serie A,2021,Crotone,Simeon Nwankwo,NGA,FW,28,1992,32.7,534,698,76.5,7483,1066,324,392,82.7,159,194,82.0,21,33,63.6,2,1.1,1.0,0.9,27,29,5,0,50,passing
ITA-Serie A,2021,Crotone,Tomislav Gomelt,CRO,MF,25,1995,0.2,17,18,94.4,298,90,7,7,100.0,8,8,100.0,2,2,100.0,0,0.0,0.0,0.0,0,2,0,0,3,passing
ITA-Serie A,2021,Crotone,Vladimir Golemić,SVN,DF,29,1991,26.0,1116,1311,85.1,21371,8884,387,427,90.6,610,664,91.9,109,190,57.4,0,0.5,0.4,-0.5,6,44,3,0,59,passing
ITA-Serie A,2021,Fiorentina,Aleksandr Kokorin,RUS,"FW,MF",29,1991,1.0,26,31,83.9,283,40,18,18,100.0,5,6,83.3,0,1,0.0,0,0.0,0.0,0.0,0,1,0,0,3,passing
ITA-Serie A,2021,Fiorentina,Alfred Duncan,GHA,MF,27,1993,1.8,67,90,74.4,1279,403,31,38,81.6,23,31,74.2,12,16,75.0,0,0.0,0.0,0.0,1,6,0,0,10,passing
ITA-Serie A,2021,Fiorentina,Antonio Barreca,ITA,DF,25,1995,0.9,32,51,62.7,480,157,17,19,89.5,12,20,60.0,2,5,40.0,0,0.0,0.0,0.0,1,4,1,1,6,passing
ITA-Serie A,2021,Fiorentina,Bartłomiej Drągowski,POL,GK,22,1997,35.0,699,1055,66.3,21471,16587,123,123,100.0,277,285,97.2,292,634,46.1,1,0.0,0.1,1.0,1,22,0,0,0,passing
ITA-Serie A,2021,Fiorentina,Borja Valero,ESP,"MF,FW",35,1985,5.5,268,296,90.5,4306,1192,128,135,94.8,105,117,89.7,21,24,87.5,0,0.1,0.2,-0.1,2,25,2,0,29,passing
ITA-Serie A,2021,Fiorentina,Christian Kouamé,CIV,FW,22,1997,11.1,234,326,71.8,2764,400,166,212,78.3,47,62,75.8,5,7,71.4,1,1.2,0.9,-0.2,12,15,6,1,16,passing
ITA-Serie A,2021,Fiorentina,Cristiano Biraghi,ITA,DF,27,1992,31.1,1175,1735,67.7,19485,8025,580,656,88.4,414,597,69.3,124,338,36.7,5,6.7,6.0,-1.7,49,78,39,27,117,passing
ITA-Serie A,2021,Fiorentina,Cristóbal Montiel,ESP,"MF,FW",20,2000,0.0,2,3,66.7,55,2,0,1,0.0,1,1,100.0,1,1,100.0,0,0.0,0.0,0.0,0,0,0,0,0,passing
ITA-Serie A,2021,Fiorentina,Dušan Vlahović,SRB,FW,20,2000,32.5,394,616,64.0,5497,748,240,330,72.7,111,175,63.4,20,34,58.8,3,2.2,1.0,0.8,18,23,9,0,31,passing
ITA-Serie A,2021,Fiorentina,Erick Pulgar,CHI,MF,26,1994,22.2,933,1152,81.0,16703,5147,400,442,90.5,392,438,89.5,111,199,55.8,3,1.8,1.8,1.2,21,95,10,5,94,passing
ITA-Serie A,2021,Fiorentina,Federico Ceccherini,ITA,DF,28,1992,3.0,99,115,86.1,1960,772,36,38,94.7,48,52,92.3,15,24,62.5,0,0.0,0.0,0.0,0,6,0,0,4,passing
ITA-Serie A,2021,Fiorentina,Federico Chiesa,ITA,DF,22,1997,2.7,90,116,77.6,1603,447,48,56,85.7,29,36,80.6,11,17,64.7,1,0.7,0.3,0.3,5,5,4,2,8,passing
ITA-Serie A,2021,Fiorentina,Franck Ribéry,FRA,FW,37,1983,23.9,768,882,87.1,12172,2546,408,446,91.5,262,292,89.7,67,79,84.8,6,5.8,3.6,0.2,35,85,35,2,109,passing
ITA-Serie A,2021,Fiorentina,Gaetano Castrovilli,ITA,MF,23,1997,25.9,573,759,75.5,8905,2696,342,398,85.9,150,195,76.9,55,85,64.7,3,2.5,3.0,0.5,18,56,33,8,108,passing
ITA-Serie A,2021,Fiorentina,Germán Pezzella,ARG,DF,29,1991,30.5,1000,1181,84.7,20275,6772,248,291,85.2,645,699,92.3,98,163,60.1,0,0.5,0.5,-0.5,3,50,1,0,46,passing
ITA-Serie A,2021,Fiorentina,Giacomo Bonaventura,ITA,MF,30,1989,25.1,761,956,79.6,12065,2575,385,445,86.5,257,301,85.4,72,118,61.0,2,3.0,3.3,-1.0,24,75,25,6,93,passing
ITA-Serie A,2021,Fiorentina,Igor,BRA,DF,22,1998,13.0,722,814,88.7,13697,4698,248,272,91.2,398,431,92.3,68,92,73.9,0,0.1,0.2,-0.1,3,48,4,1,78,passing
ITA-Serie A,2021,Fiorentina,José Callejón,ESP,"FW,MF",33,1987,7.4,210,279,75.3,3471,780,113,127,89.0,66,93,71.0,21,29,72.4,1,1.1,1.0,-0.1,5,17,11,6,25,passing
ITA-Serie A,2021,Fiorentina,Kévin Malcuit,MAR,DF,29,1991,2.3,69,97,71.1,1003,249,44,48,91.7,17,29,58.6,4,9,44.4,0,0.1,0.1,-0.1,1,3,1,1,8,passing
ITA-Serie A,2021,Fiorentina,Lorenzo Venuti,ITA,DF,25,1995,19.5,567,780,72.7,8826,3860,318,367,86.6,195,268,72.8,39,95,41.1,1,1.9,1.5,-0.9,15,52,18,11,60,passing
ITA-Serie A,2021,Fiorentina,Lucas Martínez Quarta,ARG,DF,24,1996,16.5,667,830,80.4,13041,5425,243,277,87.7,328,380,86.3,92,157,58.6,0,0.3,0.4,-0.3,7,61,6,3,70,passing
ITA-Serie A,2021,Fiorentina,Martín Cáceres,URU,DF,33,1987,24.9,818,1056,77.5,15514,5740,327,382,85.6,355,414,85.7,111,194,57.2,2,1.2,1.2,0.8,10,90,13,9,104,passing
ITA-Serie A,2021,Fiorentina,Maximiliano Olivera,URU,DF,28,1992,1.0,26,29,89.7,604,218,5,5,100.0,14,16,87.5,7,7,100.0,0,0.0,0.0,0.0,0,4,0,0,1,passing
ITA-Serie A,2021,Fiorentina,Nikola Milenković,SRB,DF,22,1997,33.7,1435,1686,85.1,26739,9333,536,607,88.3,723,802,90.1,155,222,69.8,1,0.6,0.5,0.4,7,112,4,0,123,passing
ITA-Serie A,2021,Fiorentina,Patrick Cutrone,ITA,FW,22,1998,2.2,39,53,73.6,433,49,26,32,81.3,10,13,76.9,0,3,0.0,0,0.0,0.0,0.0,0,1,0,0,2,passing
ITA-Serie A,2021,Fiorentina,Pietro Terracciano,ITA,GK,30,1990,3.0,49,88,55.7,2195,1879,1,1,100.0,10,10,100.0,38,77,49.4,0,0.0,0.0,0.0,0,4,0,0,0,passing
ITA-Serie A,2021,Fiorentina,Pol Lirola,ESP,"DF,FW",22,1997,5.5,204,284,71.8,3261,1129,98,123,79.7,81,109,74.3,14,31,45.2,1,0.7,0.6,0.3,6,14,7,2,21,passing
ITA-Serie A,2021,Fiorentina,Riccardo Saponara,ITA,MF,28,1991,0.6,37,41,90.2,450,88,18,19,94.7,11,12,91.7,1,2,50.0,0,0.0,0.0,0.0,1,4,0,0,3,passing
ITA-Serie A,2021,Fiorentina,Sofyan Amrabat,MAR,MF,23,1996,27.1,1210,1378,87.8,23407,5627,469,531,88.3,540,582,92.8,179,204,87.7,0,0.6,0.9,-0.6,13,143,11,4,151,passing
ITA-Serie A,2021,Fiorentina,Valentin Eysseric,FRA,"MF,FW",28,1992,8.1,256,357,71.7,4331,1264,132,153,86.3,77,105,73.3,33,63,52.4,0,0.6,0.7,-0.6,8,31,5,4,33,passing
ITA-Serie A,2021,Genoa,Alberto Paleari,ITA,GK,27,1992,2.3,53,78,67.9,1225,868,17,17,100.0,22,22,100.0,12,37,32.4,0,0.0,0.0,0.0,0,2,0,0,0,passing
ITA-Serie A,2021,Genoa,Andrea Masiello,ITA,DF,34,1986,28.5,1185,1422,83.3,21754,8970,493,540,91.3,528,597,88.4,136,238,57.1,0,0.4,0.4,-0.4,7,75,10,3,99,passing
ITA-Serie A,2021,Genoa,Cristián Zapata,COL,DF,33,1986,10.8,429,494,86.8,8240,2552,137,153,89.5,240,255,94.1,45,67,67.2,0,0.0,0.0,0.0,1,6,1,0,10,passing
ITA-Serie A,2021,Genoa,Davide Biraschi,ITA,DF,26,1994,10.2,405,518,78.2,7100,2588,175,198,88.4,197,232,84.9,29,65,44.6,0,0.0,0.1,0.0,0,34,6,2,39,passing
ITA-Serie A,2021,Genoa,Davide Zappacosta,ITA,DF,28,1992,22.7,859,1090,78.8,12506,3644,500,551,90.7,278,345,80.6,43,94,45.7,2,1.4,1.0,0.6,12,25,17,9,38,passing
ITA-Serie A,2021,Genoa,Domenico Criscito,ITA,DF,33,1986,19.2,872,1086,80.3,16300,6632,353,390,90.5,395,454,87.0,106,199,53.3,0,0.4,0.8,-0.4,6,89,12,4,83,passing
ITA-Serie A,2021,Genoa,Edoardo Goldaniga,ITA,DF,26,1993,20.6,650,893,72.8,11817,5294,286,327,87.5,289,380,76.1,69,154,44.8,1,0.8,0.7,0.2,7,61,13,7,68,passing
ITA-Serie A,2021,Genoa,Eldor Shomurodov,UZB,FW,25,1995,18.6,329,483,68.1,4089,754,202,258,78.3,78,117,66.7,12,20,60.0,1,1.9,1.2,-0.9,20,17,9,2,32,passing
ITA-Serie A,2021,Genoa,Federico Marchetti,ITA,GK,37,1983,3.7,114,137,83.2,2393,1560,48,48,100.0,45,46,97.8,21,43,48.8,0,0.0,0.0,0.0,0,0,0,0,0,passing
ITA-Serie A,2021,Genoa,Filippo Melegoni,ITA,"MF,DF",21,1999,4.3,197,234,84.2,2925,760,106,116,91.4,64,75,85.3,14,22,63.6,0,0.5,0.3,-0.5,4,12,4,0,16,passing
ITA-Serie A,2021,Genoa,Francesco Cassata,ITA,"DF,FW",23,1997,2.5,68,97,70.1,969,385,36,43,83.7,26,33,78.8,2,6,33.3,0,0.0,0.0,0.0,1,5,1,0,11,passing
ITA-Serie A,2021,Genoa,Gianluca Scamacca,ITA,FW,21,1999,15.0,226,349,64.8,3532,535,150,202,74.3,45,74,60.8,26,35,74.3,2,2.7,1.6,-0.7,16,11,6,1,18,passing
ITA-Serie A,2021,Genoa,Giuseppe Caso,ITA,"DF,FW",21,1998,0.6,10,18,55.6,133,22,6,8,75.0,2,3,66.7,1,2,50.0,0,0.0,0.0,0.0,0,0,0,0,0,passing
ITA-Serie A,2021,Genoa,Goran Pandev,MKD,"FW,MF",37,1983,15.6,337,446,75.6,4495,1077,217,258,84.1,74,103,71.8,20,33,60.6,3,1.4,1.0,1.6,14,24,11,0,44,passing
ITA-Serie A,2021,Genoa,Ivan Radovanović,SRB,"DF,MF",31,1988,24.8,968,1140,84.9,20153,6983,288,320,90.0,529,577,91.7,141,215,65.6,0,0.3,0.2,-0.3,3,45,0,0,55,passing
ITA-Serie A,2021,Genoa,Jérôme Onguéné,CMR,DF,22,1997,2.0,83,101,82.2,1386,552,44,50,88.0,35,43,81.4,4,7,57.1,0,0.0,0.0,0.0,0,1,0,0,6,passing
ITA-Serie A,2021,Genoa,Kevin Strootman,NED,MF,30,1990,14.6,683,849,80.4,10853,3015,354,402,88.1,256,298,85.9,53,98,54.1,4,2.7,1.4,1.3,23,61,17,4,78,passing
ITA-Serie A,2021,Genoa,Lennart-Marten Czyborra,GER,DF,21,1999,13.0,416,574,72.5,5970,2030,246,282,87.2,137,200,68.5,17,54,31.5,0,0.3,0.6,-0.3,4,18,11,6,26,passing
ITA-Serie A,2021,Genoa,Luca Pellegrini,ITA,"DF,MF",21,1999,7.1,218,313,69.6,3437,1207,112,126,88.9,83,114,72.8,13,44,29.5,1,1.6,1.1,-0.6,8,5,7,4,13,passing
ITA-Serie A,2021,Genoa,Lukas Lerager,DEN,MF,27,1993,12.9,411,501,82.0,6029,1609,232,272,85.3,126,146,86.3,28,38,73.7,1,0.5,0.3,0.5,8,51,3,0,46,passing
ITA-Serie A,2021,Genoa,Manolo Portanova,ITA,"MF,FW",20,2000,0.7,18,24,75.0,287,123,10,10,100.0,5,7,71.4,2,2,100.0,0,0.0,0.0,0.0,0,3,1,0,3,passing
ITA-Serie A,2021,Genoa,Marko Pjaca,CRO,"FW,MF",25,1995,15.8,416,498,83.5,5448,959,251,287,87.5,111,125,88.8,17,22,77.3,2,1.9,0.9,0.1,14,26,13,1,50,passing
ITA-Serie A,2021,Genoa,Mattia Bani,ITA,DF,26,1993,10.2,443,529,83.7,8734,3270,142,163,87.1,236,258,91.5,58,88,65.9,0,0.2,0.2,-0.2,2,14,2,1,15,passing
ITA-Serie A,2021,Genoa,Mattia Destro,ITA,FW,29,1991,17.8,187,275,68.0,2422,442,118,160,73.8,37,59,62.7,10,17,58.8,1,0.5,0.4,0.5,7,10,3,1,13,passing
ITA-Serie A,2021,Genoa,Mattia Perin,ITA,GK,27,1992,32.0,752,1161,64.8,21463,15399,159,160,99.4,288,293,98.3,295,693,42.6,0,0.0,0.0,0.0,1,20,0,0,1,passing
ITA-Serie A,2021,Genoa,Miha Zajc,SVN,MF,26,1994,20.7,851,1071,79.5,13795,2984,425,464,91.6,297,367,80.9,77,140,55.0,3,2.1,2.2,0.9,19,63,17,2,96,passing
ITA-Serie A,2021,Genoa,Milan Badelj,CRO,MF,31,1989,26.8,1295,1597,81.1,23532,7988,597,674,88.6,492,585,84.1,182,261,69.7,4,2.7,1.6,1.3,29,149,25,2,170,passing
ITA-Serie A,2021,Genoa,Nicolò Rovella,ITA,MF,18,2001,13.2,710,844,84.1,12704,3236,323,349,92.6,279,315,88.6,92,142,64.8,2,1.6,0.8,0.4,16,53,11,4,59,passing
ITA-Serie A,2021,Genoa,Paolo Ghiglione,ITA,"DF,MF",23,1997,15.1,401,609,65.8,6829,2366,197,234,84.2,147,218,67.4,47,107,43.9,4,2.0,1.7,2.0,18,14,21,18,27,passing
ITA-Serie A,2021,Genoa,Steeve-Mike Ebongue,FRA,MF,19,2001,0.6,20,27,74.1,198,54,15,18,83.3,1,1,100.0,1,1,100.0,1,0.4,0.0,0.6,2,1,0,0,1,passing
ITA-Serie A,2021,Genoa,Stefano Sturaro,ITA,MF,27,1993,4.9,165,236,69.9,3031,705,69,89,77.5,70,88,79.5,21,41,51.2,0,0.3,0.3,-0.3,4,9,2,1,24,passing
ITA-Serie A,2021,Genoa,Valon Behrami,SUI,MF,35,1985,9.9,162,218,74.3,2214,875,90,114,78.9,51,66,77.3,8,14,57.1,0,0.1,0.1,-0.1,2,16,2,1,23,passing
ITA-Serie A,2021,Genoa,Vittorio Parigini,ITA,"MF,DF",24,1996,0.6,14,27,51.9,237,33,6,7,85.7,8,14,57.1,0,1,0.0,0,0.0,0.2,0.0,0,0,1,1,0,passing
ITA-Serie A,2021,Genoa,Yayah Kallon,SLE,FW,19,2001,0.5,7,9,77.8,79,28,6,7,85.7,1,1,100.0,0,0,,0,0.0,0.0,0.0,1,0,0,0,1,passing
ITA-Serie A,2021,Hellas Verona,Adrien Tameze,CMR,MF,26,1994,25.6,802,1014,79.1,14073,3190,359,426,84.3,332,394,84.3,87,127,68.5,0,0.6,1.1,-0.6,11,71,18,2,101,passing
ITA-Serie A,2021,Hellas Verona,Alan Empereur,BRA,DF,26,1994,2.4,90,111,81.1,1684,521,31,37,83.8,52,56,92.9,7,14,50.0,0,0.0,0.0,0.0,0,11,0,0,14,passing
ITA-Serie A,2021,Hellas Verona,Alessandro Berardi,ITA,GK,29,1991,0.3,6,11,54.5,275,255,0,0,,1,1,100.0,5,10,50.0,0,0.0,0.0,0.0,0,0,0,0,0,passing
ITA-Serie A,2021,Hellas Verona,Andrea Danzi,ITA,DF,21,1999,1.2,3,5,60.0,43,26,2,2,100.0,1,1,100.0,0,0,,0,0.0,0.0,0.0,0,0,0,0,0,passing
ITA-Serie A,2021,Hellas Verona,Andrea Favilli,ITA,FW,23,1997,3.8,54,80,67.5,803,104,27,41,65.9,17,21,81.0,5,6,83.3,0,0.1,0.1,-0.1,2,3,1,0,2,passing
ITA-Serie A,2021,Hellas Verona,Antonín Barák,CZE,MF,25,1994,30.7,1017,1311,77.6,16319,4200,523,629,83.1,395,476,83.0,67,104,64.4,3,2.2,2.0,0.8,24,126,26,2,147,passing
ITA-Serie A,2021,Hellas Verona,Daniel Bessa,ITA,MF,27,1993,6.8,252,299,84.3,3680,987,141,150,94.0,72,86,83.7,19,31,61.3,2,1.9,1.2,0.1,14,26,10,3,35,passing
ITA-Serie A,2021,Hellas Verona,Darko Lazović,SRB,"DF,MF",29,1990,27.8,1002,1389,72.1,15672,6210,550,628,87.6,367,515,71.3,66,140,47.1,6,4.8,4.6,1.2,35,75,59,17,156,passing
ITA-Serie A,2021,Hellas Verona,Davide Faraoni,ITA,DF,28,1991,32.1,1024,1447,70.8,18184,7854,446,527,84.6,454,611,74.3,104,216,48.1,7,3.4,2.5,3.6,21,96,30,9,132,passing
ITA-Serie A,2021,Hellas Verona,Destiny Udogie,ITA,"DF,MF",17,2002,1.9,102,122,83.6,1456,416,65,71,91.5,30,36,83.3,5,7,71.4,0,0.0,0.0,0.0,1,8,0,0,7,passing
ITA-Serie A,2021,Hellas Verona,Ebrima Colley,GAM,"MF,FW",20,2000,8.2,183,255,71.8,2449,447,119,144,82.6,47,71,66.2,7,12,58.3,0,0.7,0.8,-0.7,7,16,6,0,22,passing
ITA-Serie A,2021,Hellas Verona,Eddie Salcedo,ITA,"MF,FW",18,2001,8.4,181,270,67.0,2357,756,117,149,78.5,50,71,70.4,5,16,31.3,0,0.3,0.5,-0.3,5,14,10,1,29,passing
ITA-Serie A,2021,Hellas Verona,Federico Ceccherini,ITA,DF,28,1992,19.3,733,915,80.1,12780,4479,312,363,86.0,328,390,84.1,65,111,58.6,0,0.6,0.3,-0.6,5,63,3,0,69,passing
ITA-Serie A,2021,Hellas Verona,Federico Dimarco,ITA,DF,22,1997,29.0,1298,1859,69.8,23419,9704,600,675,88.9,507,659,76.9,164,423,38.8,3,7.8,6.3,-4.8,72,135,32,16,172,passing
ITA-Serie A,2021,Hellas Verona,Giangiacomo Magnani,ITA,DF,24,1995,16.8,459,611,75.1,9116,2831,135,168,80.4,253,304,83.2,63,106,59.4,0,0.0,0.1,0.0,1,29,3,1,30,passing
ITA-Serie A,2021,Hellas Verona,Ivan Ilić,SRB,MF,19,2001,20.4,959,1150,83.4,16820,4490,410,462,88.7,451,499,90.4,80,137,58.4,0,0.9,0.8,-0.9,17,108,14,2,134,passing
ITA-Serie A,2021,Hellas Verona,Ivor Pandur,CRO,GK,20,2000,3.7,57,102,55.9,1668,1334,12,13,92.3,23,23,100.0,20,63,31.7,0,0.0,0.0,0.0,0,1,0,0,0,passing
ITA-Serie A,2021,Hellas Verona,Kevin Lasagna,ITA,FW,27,1992,14.1,180,260,69.2,2275,326,122,152,80.3,35,58,60.3,7,13,53.8,0,1.9,0.6,-1.9,12,12,5,0,19,passing
ITA-Serie A,2021,Hellas Verona,Kevin Rüegg,SUI,"DF,MF",21,1998,2.3,49,72,68.1,774,172,26,28,92.9,18,24,75.0,5,14,35.7,0,0.0,0.0,0.0,0,2,1,1,3,passing
ITA-Serie A,2021,Hellas Verona,Koray Günter,GER,DF,25,1994,19.6,973,1107,87.9,19841,7074,262,303,86.5,587,627,93.6,114,155,73.5,2,0.5,0.2,1.5,6,42,1,0,77,passing
ITA-Serie A,2021,Hellas Verona,Marco Silvestri,ITA,GK,29,1991,34.0,440,963,45.7,16170,14614,60,60,100.0,141,144,97.9,239,753,31.7,0,0.0,0.1,0.0,0,19,0,0,0,passing
ITA-Serie A,2021,Hellas Verona,Matteo Lovato,ITA,DF,20,2000,15.4,479,609,78.7,8921,3142,172,209,82.3,256,302,84.8,43,80,53.8,0,0.1,0.1,-0.1,4,32,1,0,35,passing
ITA-Serie A,2021,Hellas Verona,Mattia Zaccagni,ITA,MF,25,1995,29.0,648,943,68.7,9785,2666,378,472,80.1,182,276,65.9,52,83,62.7,5,5.7,3.9,-0.7,38,44,46,9,112,passing
ITA-Serie A,2021,Hellas Verona,Miguel Veloso,POR,MF,34,1986,14.6,606,798,75.9,11245,3313,229,273,83.9,289,345,83.8,70,127,55.1,2,0.7,1.1,1.3,11,83,9,3,85,passing
ITA-Serie A,2021,Hellas Verona,Nikola Kalinić,CRO,FW,32,1988,11.8,157,228,68.9,2050,274,103,128,80.5,36,54,66.7,5,9,55.6,0,0.4,0.4,-0.4,7,5,4,0,19,passing
ITA-Serie A,2021,Hellas Verona,Paweł Dawidowicz,POL,DF,25,1995,20.7,741,901,82.2,12832,4243,326,368,88.6,344,399,86.2,61,102,59.8,0,1.0,0.8,-1.0,5,35,4,0,48,passing
ITA-Serie A,2021,Hellas Verona,Philip Ankhrah,GHA,MF,17,2002,0.1,0,0,,0,0,0,0,,0,0,,0,0,,0,0.0,0.0,0.0,0,0,0,0,0,passing
ITA-Serie A,2021,Hellas Verona,Ronaldo Vieira,ENG,"MF,DF",22,1998,2.5,95,121,78.5,1618,545,46,57,80.7,43,48,89.6,5,10,50.0,0,0.0,0.1,0.0,2,13,1,0,15,passing
ITA-Serie A,2021,Hellas Verona,Samuel Di Carmine,ITA,FW,31,1988,5.6,81,134,60.4,928,95,51,74,68.9,21,39,53.8,2,2,100.0,0,0.1,0.1,-0.1,4,4,2,0,7,passing
ITA-Serie A,2021,Hellas Verona,Stefano Sturaro,ITA,MF,27,1993,4.7,137,183,74.9,2385,565,65,81,80.2,54,67,80.6,14,21,66.7,0,0.0,0.1,0.0,0,10,3,1,11,passing
ITA-Serie A,2021,Hellas Verona,Yıldırım Mert Çetin,TUR,DF,23,1997,4.6,116,147,78.9,2484,679,33,46,71.7,64,72,88.9,19,26,73.1,0,0.0,0.0,0.0,0,5,0,0,9,passing
ITA-Serie A,2021,Hellas Verona,Ľubomír Tupta,SVK,FW,22,1998,0.6,2,2,100.0,17,0,2,2,100.0,0,0,,0,0,,0,0.0,0.0,0.0,0,0,0,0,0,passing
ITA-Serie A,2021,Inter,Achraf Hakimi,MAR,DF,21,1998,29.6,1253,1539,81.4,18000,5633,738,837,88.2,380,454,83.7,69,113,61.1,8,6.2,6.8,1.8,36,66,47,19,98,passing
ITA-Serie A,2021,Inter,Aleksandar Kolarov,SRB,DF,34,1985,4.3,310,366,84.7,5768,1880,141,153,92.2,137,155,88.4,32,52,61.5,1,1.1,0.7,-0.1,6,33,4,1,41,passing
ITA-Serie A,2021,Inter,Alessandro Bastoni,ITA,DF,21,1999,32.5,2065,2306,89.5,37276,10450,910,952,95.6,899,961,93.5,226,315,71.7,3,1.5,1.4,1.5,12,150,16,4,146,passing
ITA-Serie A,2021,Inter,Alexis Sánchez,CHI,FW,31,1988,12.7,398,515,77.3,6577,1699,194,231,84.0,118,154,76.6,56,75,74.7,5,5.3,4.0,-0.3,33,38,30,3,62,passing
ITA-Serie A,2021,Inter,Andrea Pinamonti,ITA,FW,21,1999,1.9,37,52,71.2,421,81,26,32,81.3,8,10,80.0,0,2,0.0,0,0.1,0.1,-0.1,2,2,1,0,5,passing
ITA-Serie A,2021,Inter,Andrea Ranocchia,ITA,DF,32,1988,7.8,468,496,94.4,9382,3387,124,130,95.4,290,296,98.0,49,61,80.3,1,0.5,0.1,0.5,3,11,0,0,17,passing
ITA-Serie A,2021,Inter,Arturo Vidal,CHI,MF,33,1987,12.6,645,753,85.7,11197,2984,276,313,88.2,277,305,90.8,66,86,76.7,1,1.1,1.4,-0.1,10,78,15,3,94,passing
ITA-Serie A,2021,Inter,Ashley Young,ENG,DF,35,1985,15.8,542,679,79.8,8123,2463,307,333,92.2,198,255,77.6,24,46,52.2,4,2.2,2.3,1.8,29,25,21,8,42,passing
ITA-Serie A,2021,Inter,Christian Eriksen,DEN,MF,28,1992,15.4,863,1061,81.3,15187,4457,394,434,90.8,346,398,86.9,97,174,55.7,0,2.8,3.4,-2.8,30,81,17,4,86,passing
ITA-Serie A,2021,Inter,Daniele Padelli,ITA,GK,34,1985,0.5,13,13,100.0,219,109,6,6,100.0,5,5,100.0,2,2,100.0,0,0.0,0.0,0.0,0,0,0,0,0,passing
ITA-Serie A,2021,Inter,Danilo D'Ambrosio,ITA,DF,31,1988,7.8,431,476,90.5,7052,2371,180,191,94.2,200,210,95.2,27,37,73.0,0,0.2,0.2,-0.2,3,35,1,1,35,passing
ITA-Serie A,2021,Inter,Ionuț Radu,ROU,GK,23,1997,1.5,54,56,96.4,982,484,21,21,100.0,29,29,100.0,3,5,60.0,0,0.0,0.0,0.0,0,0,0,0,0,passing
ITA-Serie A,2021,Inter,Ivan Perišić,CRO,"DF,FW",31,1989,19.9,576,815,70.7,9597,2680,299,349,85.7,209,300,69.7,55,105,52.4,3,4.5,3.8,-1.5,28,22,29,16,51,passing
ITA-Serie A,2021,Inter,Lautaro Martínez,ARG,FW,22,1997,28.5,380,566,67.1,5498,1325,230,310,74.2,87,121,71.9,32,46,69.6,6,5.7,3.0,0.3,38,27,19,2,61,passing
ITA-Serie A,2021,Inter,Marcelo Brozović,CRO,MF,27,1992,28.7,2012,2297,87.6,37385,11289,802,865,92.7,927,1015,91.3,249,337,73.9,6,4.4,4.3,1.6,45,243,43,11,240,passing
ITA-Serie A,2021,Inter,Matteo Darmian,ITA,DF,30,1989,12.9,418,515,81.2,6743,2233,225,247,91.1,158,186,84.9,27,50,54.0,3,0.9,1.1,2.1,10,13,14,8,25,passing
ITA-Serie A,2021,Inter,Matías Vecino,URU,MF,28,1991,3.1,103,126,81.7,1494,523,54,61,88.5,33,41,80.5,8,9,88.9,1,0.6,0.2,0.4,4,10,1,0,11,passing
ITA-Serie A,2021,Inter,Milan Škriniar,SVK,DF,25,1995,30.9,2009,2182,92.1,35415,10388,844,881,95.8,983,1039,94.6,158,214,73.8,0,0.5,0.7,-0.5,9,133,10,0,143,passing
ITA-Serie A,2021,Inter,Nicolò Barella,ITA,MF,23,1997,32.2,1591,1931,82.4,25100,8423,850,935,90.9,564,662,85.2,123,201,61.2,7,5.7,4.8,1.3,47,182,66,10,261,passing
ITA-Serie A,2021,Inter,Radja Nainggolan,BEL,MF,32,1988,0.5,31,38,81.6,472,77,18,20,90.0,11,12,91.7,1,2,50.0,0,0.0,0.0,0.0,0,4,0,0,1,passing
ITA-Serie A,2021,Inter,Roberto Gagliardini,ITA,MF,26,1994,13.7,517,601,86.0,7803,1851,294,325,90.5,173,193,89.6,31,50,62.0,2,1.3,1.2,0.7,8,59,7,1,54,passing
ITA-Serie A,2021,Inter,Romelu Lukaku,BEL,FW,27,1993,32.0,538,762,70.6,6581,1431,334,424,78.8,108,154,70.1,22,38,57.9,11,7.0,5.4,4.0,52,37,38,2,82,passing
ITA-Serie A,2021,Inter,Samir Handanović,SVN,GK,36,1984,36.0,934,1080,86.5,22303,14189,210,210,100.0,508,515,98.6,215,349,61.6,0,0.0,0.0,0.0,0,5,1,0,0,passing
ITA-Serie A,2021,Inter,Stefan de Vrij,NED,DF,28,1992,30.4,1842,1967,93.6,37123,10864,475,520,91.3,1183,1212,97.6,171,210,81.4,0,0.5,0.5,-0.5,6,67,4,1,94,passing
ITA-Serie A,2021,Inter,Stefano Sensi,ITA,MF,24,1995,6.7,354,432,81.9,5867,1586,174,190,91.6,134,160,83.8,33,57,57.9,0,0.9,1.1,-0.9,11,40,11,2,58,passing
ITA-Serie A,2021,Juventus,Aaron Ramsey,WAL,MF,29,1990,12.1,622,728,85.4,9585,2443,328,365,89.9,217,241,90.0,48,65,73.8,4,3.3,2.0,0.7,31,57,21,5,72,passing
ITA-Serie A,2021,Juventus,Adrien Rabiot,FRA,MF,25,1995,25.7,1297,1450,89.4,20213,5167,687,752,91.4,492,528,93.2,80,91,87.9,2,1.1,1.2,0.9,10,114,23,4,122,passing
ITA-Serie A,2021,Juventus,Alessandro Di Pardo,ITA,"FW,DF",21,1999,0.2,4,7,57.1,44,12,4,4,100.0,0,2,0.0,0,0,,0,0.0,0.0,0.0,1,0,0,0,0,passing
ITA-Serie A,2021,Juventus,Alex Sandro,BRA,DF,29,1991,20.6,1208,1421,85.0,21302,6647,512,549,93.3,550,608,90.5,117,195,60.0,1,1.6,1.9,-0.6,17,100,20,11,130,passing
ITA-Serie A,2021,Juventus,Arthur Melo,BRA,MF,23,1996,12.9,1016,1085,93.6,17776,5067,437,464,94.2,450,464,97.0,102,116,87.9,0,1.0,0.8,-1.0,17,84,7,0,79,passing
ITA-Serie A,2021,Juventus,Carlo Pinsoglio,ITA,GK,30,1990,0.3,10,11,90.9,179,128,5,5,100.0,4,4,100.0,1,2,50.0,0,0.0,0.0,0.0,0,0,0,0,0,passing
ITA-Serie A,2021,Juventus,Cristiano Ronaldo,POR,FW,35,1985,31.1,838,1078,77.7,11323,2590,519,602,86.2,231,288,80.2,36,63,57.1,2,3.8,3.2,-1.8,36,73,32,7,117,passing
ITA-Serie A,2021,Juventus,Danilo,BRA,"DF,MF",29,1991,32.4,2184,2479,88.1,39579,12379,873,937,93.2,1094,1196,91.5,191,271,70.5,4,3.2,3.0,0.8,25,220,35,14,240,passing
ITA-Serie A,2021,Juventus,Dejan Kulusevski,SWE,"MF,FW",20,2000,21.4,588,767,76.7,8392,2088,340,398,85.4,195,235,83.0,26,49,53.1,3,6.2,4.1,-3.2,52,38,30,8,70,passing
ITA-Serie A,2021,Juventus,Douglas Costa,BRA,"MF,FW",29,1990,0.5,19,25,76.0,257,65,12,13,92.3,5,8,62.5,1,2,50.0,0,0.1,0.0,-0.1,1,0,0,0,1,passing
ITA-Serie A,2021,Juventus,Federico Bernardeschi,ITA,"MF,DF",26,1994,10.8,447,585,76.4,7655,2210,222,251,88.4,152,192,79.2,55,92,59.8,2,2.8,2.2,-0.8,25,31,14,5,39,passing
ITA-Serie A,2021,Juventus,Federico Chiesa,ITA,"MF,DF",22,1997,24.6,605,798,75.8,9899,2894,305,363,84.0,224,279,80.3,55,88,62.5,8,7.8,4.0,0.2,45,51,40,14,79,passing
ITA-Serie A,2021,Juventus,Félix Correia,POR,MF,19,2001,0.1,7,8,87.5,93,28,4,5,80.0,3,3,100.0,0,0,,0,0.0,0.0,0.0,0,0,0,0,3,passing
ITA-Serie A,2021,Juventus,Giacomo Vrioni,ALB,FW,21,1998,0.0,2,2,100.0,13,0,1,1,100.0,0,0,,0,0,,0,0.1,0.0,-0.1,1,0,0,0,0,passing
ITA-Serie A,2021,Juventus,Gianluca Frabotta,ITA,"DF,MF",21,1999,7.7,400,477,83.9,6225,1883,209,228,91.7,160,180,88.9,19,39,48.7,1,0.9,0.6,0.1,4,25,6,3,32,passing
ITA-Serie A,2021,Juventus,Gianluigi Buffon,ITA,GK,42,1978,8.0,259,307,84.4,5844,3805,70,70,100.0,132,133,99.2,54,100,54.0,0,0.0,0.0,0.0,0,1,0,0,0,passing
ITA-Serie A,2021,Juventus,Giorgio Chiellini,ITA,DF,35,1984,15.4,1025,1121,91.4,20096,6505,322,328,98.2,585,620,94.4,105,143,73.4,1,0.6,0.2,0.4,2,67,2,0,63,passing
ITA-Serie A,2021,Juventus,Juan Cuadrado,COL,"DF,MF",32,1988,24.2,1466,1788,82.0,26948,7280,621,685,90.7,661,743,89.0,168,290,57.9,10,8.2,5.8,1.8,60,94,35,8,132,passing
ITA-Serie A,2021,Juventus,Leonardo Bonucci,ITA,DF,33,1987,22.5,1363,1518,89.8,29257,11809,342,360,95.0,815,855,95.3,198,275,72.0,0,0.4,0.6,-0.4,3,91,6,1,89,passing
ITA-Serie A,2021,Juventus,Manolo Portanova,ITA,MF,20,2000,0.8,18,20,90.0,252,36,11,12,91.7,5,5,100.0,2,2,100.0,0,0.0,0.0,0.0,0,0,0,0,0,passing
ITA-Serie A,2021,Juventus,Matthijs de Ligt,NED,DF,20,1999,24.7,1604,1739,92.2,30950,9589,515,553,93.1,928,961,96.6,147,196,75.0,1,0.9,1.0,0.1,9,98,6,2,93,passing
ITA-Serie A,2021,Juventus,Mattia De Sciglio,ITA,DF,27,1992,0.3,9,12,75.0,126,12,5,6,83.3,4,4,100.0,0,1,0.0,0,0.0,0.0,0.0,0,0,0,0,1,passing
ITA-Serie A,2021,Juventus,Merih Demiral,TUR,DF,22,1998,10.4,587,625,93.9,10490,3345,209,219,95.4,333,343,97.1,38,52,73.1,1,0.5,0.1,0.5,4,20,0,0,22,passing
ITA-Serie A,2021,Juventus,Nicolò Fagioli,ITA,MF,19,2001,0.2,18,20,90.0,286,129,9,9,100.0,8,8,100.0,1,2,50.0,0,0.0,0.0,0.0,0,3,0,0,1,passing
ITA-Serie A,2021,Juventus,Paulo Dybala,ARG,FW,26,1993,12.6,576,705,81.7,9125,2005,320,345,92.8,167,206,81.1,61,105,58.1,3,2.8,2.6,0.2,30,46,26,2,74,passing
ITA-Serie A,2021,Juventus,Radu Drăgușin,ROU,DF,18,2002,0.0,1,2,50.0,14,13,1,1,100.0,0,1,0.0,0,0,,0,0.0,0.0,0.0,0,0,0,0,0,passing
ITA-Serie A,2021,Juventus,Rodrigo Bentancur,URU,MF,23,1997,25.8,1643,1851,88.8,28913,8319,753,804,93.7,696,754,92.3,164,221,74.2,4,2.3,1.8,1.7,29,171,14,3,173,passing
ITA-Serie A,2021,Juventus,Weston McKennie,USA,MF,21,1998,18.9,659,785,83.9,9928,2170,383,428,89.5,205,240,85.4,42,56,75.0,2,3.3,2.4,-1.3,27,39,16,0,79,passing
ITA-Serie A,2021,Juventus,Wojciech Szczęsny,POL,GK,30,1990,29.7,919,1016,90.5,21589,13534,214,214,100.0,482,489,98.6,221,307,72.0,1,0.0,0.0,1.0,1,5,0,0,1,passing
ITA-Serie A,2021,Juventus,Álvaro Morata,ESP,FW,27,1992,22.4,445,601,74.0,6767,1186,242,302,80.1,136,168,81.0,37,54,68.5,9,5.1,2.8,3.9,40,26,23,2,56,passing
ITA-Serie A,2021,Lazio,Adam Marušić,MNE,DF,27,1992,33.0,1312,1578,83.1,21586,6374,631,699,90.3,531,606,87.6,106,182,58.2,3,2.2,2.2,0.8,29,70,22,14,92,passing
ITA-Serie A,2021,Lazio,Andreas Pereira,BRA,"FW,MF",24,1996,6.0,187,286,65.4,3434,1071,83,100,83.0,72,102,70.6,26,54,48.1,2,1.5,1.2,0.5,13,33,6,0,32,passing
ITA-Serie A,2021,Lazio,Bastos,ANG,DF,29,1991,0.7,38,41,92.7,554,152,21,22,95.5,13,15,86.7,1,1,100.0,0,0.0,0.0,0.0,0,1,2,0,3,passing
ITA-Serie A,2021,Lazio,Ciro Immobile,ITA,FW,30,1990,31.7,651,897,72.6,8700,1781,393,488,80.5,155,214,72.4,41,65,63.1,6,6.2,3.9,-0.2,53,36,32,1,84,passing
ITA-Serie A,2021,Lazio,Danilo Cataldi,ITA,MF,25,1994,6.3,351,429,81.8,5783,1975,168,180,93.3,140,163,85.9,31,67,46.3,0,0.3,0.7,-0.3,5,40,7,3,43,passing
ITA-Serie A,2021,Lazio,Denis Vavro,SVK,DF,24,1996,0.4,16,16,100.0,283,106,7,7,100.0,7,7,100.0,2,2,100.0,0,0.0,0.0,0.0,0,1,0,0,2,passing
ITA-Serie A,2021,Lazio,Djavan Anderson,NED,DF,25,1995,0.8,23,32,71.9,265,37,15,19,78.9,7,8,87.5,0,2,0.0,0,0.0,0.0,0.0,0,0,0,0,0,passing
ITA-Serie A,2021,Lazio,Felipe Caicedo,ECU,FW,31,1988,10.3,185,261,70.9,2235,479,128,160,80.0,33,53,62.3,7,9,77.8,0,0.7,0.4,-0.7,12,19,2,0,18,passing
ITA-Serie A,2021,Lazio,Francesco Acerbi,ITA,DF,32,1988,31.3,1854,2097,88.4,35641,11589,703,767,91.7,880,930,94.6,248,352,70.5,1,1.0,1.4,0.0,10,110,21,10,141,passing
ITA-Serie A,2021,Lazio,Gonzalo Escalante,ARG,MF,27,1993,8.1,422,481,87.7,7202,1979,190,209,90.9,191,211,90.5,35,44,79.5,1,0.3,0.3,0.7,2,39,2,0,45,passing
ITA-Serie A,2021,Lazio,Jean-Daniel Akpa-Akpro,CIV,MF,27,1992,11.7,293,361,81.2,4459,907,149,181,82.3,113,124,91.1,15,22,68.2,1,0.8,0.3,0.2,12,20,7,0,26,passing
ITA-Serie A,2021,Lazio,Joaquín Correa,ARG,FW,25,1994,21.5,579,718,80.6,8706,1673,309,349,88.5,192,223,86.1,43,58,74.1,3,2.2,2.2,0.8,29,42,22,0,69,passing
ITA-Serie A,2021,Lazio,Lucas Leiva,BRA,MF,33,1987,23.7,1274,1484,85.8,21944,7774,597,665,89.8,532,601,88.5,125,153,81.7,0,0.4,0.9,-0.4,7,183,12,3,163,passing
ITA-Serie A,2021,Lazio,Luis Alberto,ESP,MF,27,1992,29.1,1493,1946,76.7,25097,9846,712,808,88.1,575,702,81.9,157,308,51.0,2,7.9,7.0,-5.9,80,282,83,6,301,passing
ITA-Serie A,2021,Lazio,Luiz Felipe,ITA,DF,23,1997,10.1,500,548,91.2,9562,2810,173,188,92.0,271,288,94.1,51,62,82.3,0,0.3,0.2,-0.3,3,36,2,1,29,passing
ITA-Serie A,2021,Lazio,Manuel Lazzari,ITA,DF,26,1993,29.0,924,1153,80.1,13975,3090,473,536,88.2,347,432,80.3,48,84,57.1,5,3.4,2.9,1.6,28,28,31,19,37,passing
ITA-Serie A,2021,Lazio,Marco Bertini,ITA,MF,17,2002,0.1,2,2,100.0,37,24,1,1,100.0,1,1,100.0,0,0,,0,0.0,0.0,0.0,0,0,0,0,0,passing
ITA-Serie A,2021,Lazio,Marco Parolo,ITA,"DF,MF",35,1985,7.3,299,363,82.4,5721,2011,123,145,84.8,135,151,89.4,36,54,66.7,2,0.9,0.5,1.1,4,17,5,2,31,passing
ITA-Serie A,2021,Lazio,Mateo Musacchio,ARG,DF,29,1990,2.5,104,116,89.7,1924,448,37,39,94.9,54,59,91.5,10,14,71.4,0,0.0,0.0,0.0,0,8,0,0,8,passing
ITA-Serie A,2021,Lazio,Mohamed Fares,ALG,DF,24,1996,12.7,412,540,76.3,6084,1520,227,254,89.4,132,175,75.4,25,55,45.5,1,1.9,1.5,-0.9,14,27,16,14,24,passing
ITA-Serie A,2021,Lazio,Nicolò Armini,ITA,DF,19,2001,0.1,3,5,60.0,93,31,2,3,66.7,0,0,,1,1,100.0,0,0.0,0.0,0.0,0,1,0,0,1,passing
ITA-Serie A,2021,Lazio,Patric,ESP,DF,27,1993,17.7,1054,1229,85.8,21163,5935,350,383,91.4,545,598,91.1,152,226,67.3,1,0.8,1.0,0.2,11,102,17,6,77,passing
ITA-Serie A,2021,Lazio,Pepe Reina,ESP,GK,37,1982,29.0,924,1131,81.7,23926,18127,176,176,100.0,445,456,97.6,296,489,60.5,0,0.0,0.1,0.0,1,11,1,0,2,passing
ITA-Serie A,2021,Lazio,Raúl Moro,ESP,FW,17,2002,0.1,0,1,0.0,0,0,0,1,0.0,0,0,,0,0,,0,0.0,0.0,0.0,0,0,0,0,0,passing
ITA-Serie A,2021,Lazio,Senad Lulić,BIH,DF,34,1986,8.0,242,346,69.9,4026,1220,115,143,80.4,97,126,77.0,23,49,46.9,0,0.3,0.7,-0.3,4,13,8,4,24,passing
ITA-Serie A,2021,Lazio,Sergej Milinković-Savić,SRB,MF,25,1995,30.5,1401,1823,76.9,24735,7013,661,793,83.4,519,631,82.3,176,279,63.1,9,6.4,4.6,2.6,42,144,60,15,203,passing
ITA-Serie A,2021,Lazio,Thomas Strakosha,ALB,GK,25,1995,9.0,294,344,85.5,7185,5564,81,81,100.0,124,127,97.6,85,132,64.4,0,0.0,0.0,0.0,0,4,0,0,0,passing
ITA-Serie A,2021,Lazio,Vedat Muriqi,KVX,FW,26,1994,9.2,171,252,67.9,2359,375,111,148,75.0,39,56,69.6,12,16,75.0,0,0.6,0.6,-0.6,10,11,8,0,20,passing
ITA-Serie A,2021,Lazio,Wesley Hoedt,NED,DF,26,1994,10.6,609,680,89.6,14302,5058,118,134,88.1,355,371,95.7,133,169,78.7,0,0.1,0.1,-0.1,3,54,0,0,48,passing
ITA-Serie A,2021,Lazio,Ștefan Radu,ROU,DF,33,1986,27.3,1355,1635,82.9,23882,9253,612,677,90.4,594,680,87.4,122,212,57.5,3,1.5,1.9,1.5,19,147,32,17,165,passing
ITA-Serie A,2021,Milan,Alessio Romagnoli,ITA,DF,25,1995,21.2,920,1029,89.4,16835,5763,314,333,94.3,534,571,93.5,61,99,61.6,1,0.8,0.9,0.2,3,40,2,1,62,passing
ITA-Serie A,2021,Milan,Alexis Saelemaekers,BEL,FW,21,1999,22.4,679,860,79.0,8861,2127,417,482,86.5,190,233,81.5,21,51,41.2,4,3.1,2.4,0.9,30,50,23,9,59,passing
ITA-Serie A,2021,Milan,Andrea Conti,ITA,DF,26,1994,0.3,21,24,87.5,406,122,7,7,100.0,13,16,81.3,1,1,100.0,0,0.1,0.1,-0.1,1,1,1,0,3,passing
ITA-Serie A,2021,Milan,Ante Rebić,CRO,FW,26,1993,19.7,290,472,61.4,3964,1216,177,234,75.6,64,113,56.6,22,41,53.7,4,5.4,4.4,-1.4,36,24,31,10,52,passing
ITA-Serie A,2021,Milan,Brahim Díaz,MAR,"MF,FW",20,1999,13.6,415,488,85.0,5535,1169,242,267,90.6,113,130,86.9,22,36,61.1,3,1.5,1.4,1.5,20,28,11,2,43,passing
ITA-Serie A,2021,Milan,Ciprian Tătărușanu,ROU,GK,34,1986,1.0,24,26,92.3,465,326,7,7,100.0,14,14,100.0,3,5,60.0,0,0.0,0.0,0.0,0,0,0,0,0,passing
ITA-Serie A,2021,Milan,Daniel Maldini,ITA,"FW,DF",18,2001,0.3,13,15,86.7,218,97,8,8,100.0,3,5,60.0,2,2,100.0,0,0.0,0.0,0.0,0,2,1,1,2,passing
ITA-Serie A,2021,Milan,Davide Calabria,ITA,DF,23,1996,29.4,1384,1792,77.2,24172,9372,664,726,91.5,558,699,79.8,141,279,50.5,1,1.6,2.3,-0.6,21,156,33,11,169,passing
ITA-Serie A,2021,Milan,Diogo Dalot,POR,DF,21,1999,12.1,467,620,75.3,8777,3113,195,224,87.1,208,270,77.0,61,102,59.8,1,0.9,1.0,0.1,9,44,14,8,39,passing
ITA-Serie A,2021,Milan,Fikayo Tomori,ENG,DF,22,1997,16.3,810,918,88.2,15148,5662,290,315,92.1,425,452,94.0,80,120,66.7,0,0.0,0.1,0.0,0,32,0,0,41,passing
ITA-Serie A,2021,Milan,Franck Kessié,CIV,MF,23,1996,35.8,1781,2022,88.1,30782,7900,801,880,91.0,768,824,93.2,169,225,75.1,4,2.9,2.6,1.1,31,182,21,1,171,passing
ITA-Serie A,2021,Milan,Gianluigi Donnarumma,ITA,GK,21,1999,37.0,979,1232,79.5,23908,17284,266,266,100.0,445,451,98.7,264,506,52.2,0,0.0,0.0,0.0,0,9,0,0,1,passing
ITA-Serie A,2021,Milan,Hakan Çalhanoğlu,TUR,"MF,FW",26,1994,29.0,1240,1614,76.8,21124,6728,643,730,88.1,378,471,80.3,170,311,54.7,9,9.1,8.5,-0.1,98,131,57,11,175,passing
ITA-Serie A,2021,Milan,Ismaël Bennacer,ALG,MF,22,1997,14.7,851,984,86.5,14057,4891,436,465,93.8,313,344,91.0,81,121,66.9,2,0.6,0.8,1.4,5,105,13,0,82,passing
ITA-Serie A,2021,Milan,Jens Petter Hauge,NOR,FW,20,1999,5.9,155,196,79.1,2120,526,91,101,90.1,47,57,82.5,6,8,75.0,0,1.5,0.9,-1.5,11,9,9,0,25,passing
ITA-Serie A,2021,Milan,Lorenzo Colombo,ITA,FW,18,2002,1.0,7,13,53.8,73,25,4,6,66.7,2,3,66.7,0,0,,0,0.0,0.1,0.0,0,0,2,1,1,passing
ITA-Serie A,2021,Milan,Léo Duarte,BRA,DF,24,1996,0.2,12,12,100.0,237,54,2,2,100.0,10,10,100.0,0,0,,0,0.0,0.0,0.0,0,0,0,0,0,passing
ITA-Serie A,2021,Milan,Mario Mandžukić,CRO,FW,34,1986,2.4,35,50,70.0,451,161,22,33,66.7,8,9,88.9,2,3,66.7,0,0.1,0.1,-0.1,2,2,0,0,5,passing
ITA-Serie A,2021,Milan,Mateo Musacchio,ARG,DF,29,1990,0.4,19,20,95.0,305,157,9,9,100.0,6,6,100.0,2,3,66.7,0,0.0,0.0,0.0,0,2,0,0,1,passing
ITA-Serie A,2021,Milan,Matteo Gabbia,ITA,DF,20,1999,6.2,331,361,91.7,6864,1845,93,99,93.9,187,199,94.0,46,55,83.6,0,0.0,0.0,0.0,0,19,0,0,20,passing
ITA-Serie A,2021,Milan,Pierre Kalulu,FRA,DF,20,2000,8.1,422,496,85.1,6825,2546,182,197,92.4,211,237,89.0,16,36,44.4,1,0.7,0.4,0.3,6,26,3,1,40,passing
ITA-Serie A,2021,Milan,Rade Krunić,BIH,"MF,FW",26,1993,8.0,233,272,85.7,3094,868,151,164,92.1,64,75,85.3,6,11,54.5,2,1.0,1.0,1.0,8,16,1,1,27,passing
ITA-Serie A,2021,Milan,Rafael Leão,POR,FW,21,1999,21.4,362,507,71.4,5185,1075,195,255,76.5,126,163,77.3,16,32,50.0,6,4.4,2.6,1.6,27,16,25,4,45,passing
ITA-Serie A,2021,Milan,Samu Castillejo,ESP,FW,25,1995,13.1,356,451,78.9,5632,1329,183,210,87.1,122,142,85.9,32,53,60.4,0,0.7,0.8,-0.7,10,25,16,5,41,passing
ITA-Serie A,2021,Milan,Sandro Tonali,ITA,MF,20,2000,14.8,630,772,81.6,10959,3255,282,326,86.5,267,304,87.8,64,98,65.3,0,1.3,1.6,-1.3,16,66,14,1,84,passing
ITA-Serie A,2021,Milan,Simon Kjær,DEN,DF,31,1989,26.6,1303,1489,87.5,26908,9646,382,416,91.8,721,762,94.6,185,273,67.8,2,1.2,0.6,0.8,7,72,2,0,73,passing
ITA-Serie A,2021,Milan,Soualiho Meïté,FRA,MF,26,1994,6.5,243,289,84.1,3973,940,116,138,84.1,93,104,89.4,21,25,84.0,0,0.5,0.4,-0.5,5,31,4,0,28,passing
ITA-Serie A,2021,Milan,Theo Hernández,FRA,DF,22,1997,32.6,1527,1891,80.8,23126,8040,878,970,90.5,495,599,82.6,103,182,56.6,5,4.9,4.7,0.1,42,125,42,13,133,passing
ITA-Serie A,2021,Milan,Zlatan Ibrahimović,SWE,FW,38,1981,16.6,380,544,69.9,5184,1472,222,298,74.5,108,143,75.5,20,31,64.5,2,1.8,2.4,0.2,20,37,21,0,61,passing
ITA-Serie A,2021,Napoli,Alex Meret,ITA,GK,23,1997,22.0,541,605,89.4,12081,7214,163,164,99.4,249,254,98.0,126,181,69.6,0,0.0,0.0,0.0,1,1,0,0,0,passing
ITA-Serie A,2021,Napoli,Amir Rrahmani,KVX,DF,26,1994,12.2,545,600,90.8,9969,3563,222,236,94.1,255,269,94.8,56,75,74.7,0,0.0,0.0,0.0,0,16,0,0,24,passing
ITA-Serie A,2021,Napoli,Andrea Petagna,ITA,FW,25,1995,10.7,186,232,80.2,2674,381,119,138,86.2,47,59,79.7,12,13,92.3,3,2.5,1.6,0.5,27,7,6,0,15,passing
ITA-Serie A,2021,Napoli,Antonio Cioffi,ITA,FW,17,2002,0.1,9,10,90.0,117,8,5,5,100.0,3,3,100.0,0,0,,0,0.0,0.0,0.0,1,0,1,0,1,passing
ITA-Serie A,2021,Napoli,David Ospina,COL,GK,31,1988,16.0,453,545,83.1,11051,7738,127,128,99.2,188,192,97.9,137,223,61.4,1,0.1,0.0,0.9,2,6,0,0,0,passing
ITA-Serie A,2021,Napoli,Diego Demme,GER,MF,28,1991,17.7,1110,1254,88.5,17972,4107,572,604,94.7,413,456,90.6,94,125,75.2,3,1.9,0.8,1.1,20,119,15,1,117,passing
ITA-Serie A,2021,Napoli,Dries Mertens,BEL,"FW,MF",33,1987,16.2,352,488,72.1,5375,1601,187,215,87.0,121,158,76.6,21,58,36.2,8,4.2,2.9,3.8,36,29,18,4,67,passing
ITA-Serie A,2021,Napoli,Elif Elmas,MKD,"MF,FW",20,1999,8.2,319,355,89.9,4423,596,204,220,92.7,88,96,91.7,17,19,89.5,1,0.7,0.8,0.3,12,16,3,1,18,passing
ITA-Serie A,2021,Napoli,Elseid Hysaj,ALB,DF,26,1994,19.6,1029,1226,83.9,15509,5056,586,650,90.2,330,382,86.4,73,118,61.9,2,1.3,1.1,0.7,15,79,10,1,86,passing
ITA-Serie A,2021,Napoli,Fabián Ruiz Peña,ESP,MF,24,1996,28.5,1884,2110,89.3,32946,8928,924,989,93.4,656,706,92.9,244,298,81.9,1,2.0,3.3,-1.0,40,206,39,2,226,passing
ITA-Serie A,2021,Napoli,Faouzi Ghoulam,ALG,"DF,FW",29,1991,3.2,206,258,79.8,3121,1114,113,125,90.4,75,92,81.5,11,25,44.0,0,0.5,0.5,-0.5,7,7,7,5,11,passing
ITA-Serie A,2021,Napoli,Fernando Llorente,ESP,"FW,MF",35,1985,0.6,13,22,59.1,163,29,9,16,56.3,2,3,66.7,1,1,100.0,0,0.1,0.4,-0.1,1,0,0,0,0,passing
ITA-Serie A,2021,Napoli,Giovanni Di Lorenzo,ITA,DF,26,1993,36.0,2228,2586,86.2,34895,12760,1197,1283,93.3,829,932,88.9,142,215,66.0,6,5.7,4.1,0.3,48,227,61,13,259,passing
ITA-Serie A,2021,Napoli,Hirving Lozano,MEX,FW,25,1995,21.8,426,620,68.7,5456,1067,270,330,81.8,103,155,66.5,16,41,39.0,3,4.8,3.5,-1.8,35,17,22,7,44,passing
ITA-Serie A,2021,Napoli,Kalidou Koulibaly,SEN,DF,29,1991,24.5,1566,1775,88.2,28893,11863,654,706,92.6,726,776,93.6,166,248,66.9,0,0.2,0.4,-0.2,5,106,8,2,116,passing
ITA-Serie A,2021,Napoli,Kostas Manolas,GRE,DF,29,1991,25.5,1442,1555,92.7,28283,9379,470,505,93.1,792,813,97.4,167,211,79.1,0,0.3,0.3,-0.3,5,47,5,0,73,passing
ITA-Serie A,2021,Napoli,Kévin Malcuit,MAR,"FW,MF",29,1991,0.4,20,24,83.3,280,21,11,12,91.7,8,9,88.9,1,3,33.3,0,0.0,0.0,0.0,0,1,0,0,0,passing
ITA-Serie A,2021,Napoli,Lorenzo Insigne,ITA,FW,29,1991,31.8,1486,1872,79.4,24219,6030,824,906,90.9,437,555,78.7,161,265,60.8,8,8.5,7.6,-0.5,63,115,84,11,192,passing
ITA-Serie A,2021,Napoli,Matteo Politano,ITA,"FW,MF",26,1993,21.2,659,871,75.7,10066,2388,378,423,89.4,198,260,76.2,57,111,51.4,4,3.9,3.0,0.1,34,28,27,7,78,passing
ITA-Serie A,2021,Napoli,Mário Rui,POR,DF,29,1991,18.5,1133,1386,81.7,17609,5940,631,679,92.9,384,461,83.3,87,171,50.9,2,2.2,2.6,-0.2,31,59,21,12,67,passing
ITA-Serie A,2021,Napoli,Nikola Maksimović,SRB,DF,28,1991,13.4,886,963,92.0,17592,6229,277,298,93.0,505,528,95.6,101,125,80.8,0,0.1,0.1,-0.1,3,33,0,0,40,passing
ITA-Serie A,2021,Napoli,Piotr Zieliński,POL,MF,26,1994,28.0,1031,1247,82.7,15663,3884,568,635,89.4,307,362,84.8,89,141,63.1,10,5.2,3.4,4.8,56,109,23,2,154,passing
ITA-Serie A,2021,Napoli,Stanislav Lobotka,SVK,MF,25,1994,1.7,117,129,90.7,1841,362,58,62,93.5,43,46,93.5,10,13,76.9,0,0.0,0.0,0.0,0,5,1,0,7,passing
ITA-Serie A,2021,Napoli,Tiemoué Bakayoko,FRA,MF,25,1994,21.8,1080,1228,87.9,17505,4453,524,590,88.8,442,465,95.1,82,103,79.6,1,0.8,1.0,0.2,12,87,8,0,99,passing
ITA-Serie A,2021,Napoli,Victor Osimhen,NGA,FW,21,1998,17.5,171,249,68.7,2223,267,105,135,77.8,43,71,60.6,8,16,50.0,3,2.5,1.1,0.5,25,5,4,1,9,passing
ITA-Serie A,2021,Parma,Alberto Grassi,ITA,"MF,DF",25,1995,13.1,362,461,78.5,5844,1540,176,212,83.0,152,175,86.9,26,45,57.8,0,0.4,0.4,-0.4,3,28,3,0,34,passing
ITA-Serie A,2021,Parma,Andrea Adorante,ITA,FW,20,2000,0.1,1,1,100.0,18,0,0,0,,1,1,100.0,0,0,,0,0.0,0.0,0.0,0,0,0,0,0,passing
ITA-Serie A,2021,Parma,Andrea Conti,ITA,DF,26,1994,9.0,373,461,80.9,6512,2536,160,180,88.9,176,213,82.6,30,48,62.5,0,0.5,0.5,-0.5,7,29,10,6,42,passing
ITA-Serie A,2021,Parma,Andreas Cornelius,DEN,FW,27,1993,21.1,397,591,67.2,5646,961,232,323,71.8,119,162,73.5,20,32,62.5,4,3.5,1.7,0.5,24,36,9,1,45,passing
ITA-Serie A,2021,Parma,Botond Balogh,HUN,DF,18,2002,1.8,59,79,74.7,1277,419,12,16,75.0,35,42,83.3,11,18,61.1,0,0.0,0.0,0.0,0,0,0,0,2,passing
ITA-Serie A,2021,Parma,Bruno Alves,POR,DF,38,1981,18.1,790,931,84.9,19031,7295,142,160,88.8,456,499,91.4,190,256,74.2,0,0.1,0.2,-0.1,2,43,3,1,50,passing
ITA-Serie A,2021,Parma,Chaka Traorè,CIV,"FW,DF",15,2004,0.2,6,10,60.0,64,25,5,8,62.5,1,2,50.0,0,0,,0,0.0,0.0,0.0,0,0,0,0,0,passing
ITA-Serie A,2021,Parma,Daan Dierckx,BEL,DF,17,2003,5.2,185,211,87.7,4118,1261,38,43,88.4,119,124,96.0,28,43,65.1,0,0.0,0.0,0.0,0,9,1,0,8,passing
ITA-Serie A,2021,Parma,Dennis Man,ROU,"FW,MF",21,1998,7.8,220,262,84.0,3261,807,120,141,85.1,72,82,87.8,15,19,78.9,1,0.5,0.5,0.5,5,21,12,3,38,passing
ITA-Serie A,2021,Parma,Drissa Camara,CIV,MF,18,2002,0.2,7,9,77.8,81,0,7,8,87.5,0,1,0.0,0,0,,0,0.0,0.0,0.0,0,0,0,0,0,passing
ITA-Serie A,2021,Parma,Gastón Brugman,URU,MF,27,1992,18.0,925,1099,84.2,18809,5650,324,360,90.0,436,492,88.6,156,213,73.2,1,2.5,2.4,-1.5,26,90,11,1,111,passing
ITA-Serie A,2021,Parma,Gervinho,CIV,FW,33,1987,22.5,432,536,80.6,5691,1144,276,315,87.6,132,151,87.4,7,10,70.0,1,2.2,2.1,-1.2,27,28,15,2,53,passing
ITA-Serie A,2021,Parma,Giacomo Ricci,ITA,DF,23,1996,0.7,20,25,80.0,412,165,4,6,66.7,13,13,100.0,3,4,75.0,0,0.0,0.1,0.0,0,4,2,1,4,passing
ITA-Serie A,2021,Parma,Giuseppe Pezzella,ITA,DF,22,1997,20.3,766,997,76.8,13448,3870,352,403,87.3,309,383,80.7,85,150,56.7,4,3.2,2.9,0.8,19,57,24,13,69,passing
ITA-Serie A,2021,Parma,Graziano Pellè,ITA,FW,35,1985,6.8,150,196,76.5,1922,308,95,114,83.3,29,40,72.5,10,12,83.3,2,1.9,0.9,0.1,12,6,4,0,9,passing
ITA-Serie A,2021,Parma,Hernani,BRA,MF,26,1994,24.3,845,1080,78.2,15986,4108,358,410,87.3,320,383,83.6,139,198,70.2,3,2.7,2.1,0.3,36,92,20,8,116,passing
ITA-Serie A,2021,Parma,Jacopo Dezi,ITA,"FW,MF",28,1992,0.9,33,44,75.0,455,90,19,20,95.0,11,16,68.8,2,6,33.3,0,0.1,0.3,-0.1,1,2,1,0,5,passing
ITA-Serie A,2021,Parma,Jasmin Kurtić,SVN,MF,31,1989,30.4,1188,1434,82.8,22012,5688,488,548,89.1,492,560,87.9,164,239,68.6,0,2.2,2.7,-2.2,23,111,29,15,143,passing
ITA-Serie A,2021,Parma,Joshua Zirkzee,NED,"FW,MF",19,2001,1.3,21,34,61.8,232,83,16,20,80.0,4,10,40.0,0,0,,0,0.2,0.1,-0.2,1,3,2,0,2,passing
ITA-Serie A,2021,Parma,Juan Brunetta,ARG,"FW,MF",23,1997,5.3,153,191,80.1,2900,573,68,77,88.3,61,71,85.9,21,30,70.0,2,0.9,0.6,1.1,8,13,2,0,20,passing
ITA-Serie A,2021,Parma,Juraj Kucka,SVK,"MF,FW",33,1987,25.9,663,929,71.4,10151,2630,370,458,80.8,229,304,75.3,44,84,52.4,2,2.0,1.7,0.0,17,54,17,4,77,passing
ITA-Serie A,2021,Parma,Kastriot Dermaku,ALB,DF,28,1992,1.1,35,40,87.5,693,193,8,9,88.9,24,26,92.3,3,3,100.0,0,0.0,0.0,0.0,0,0,0,0,0,passing
ITA-Serie A,2021,Parma,Lautaro Valenti,ARG,DF,21,1999,5.5,271,336,80.7,5901,2045,82,89,92.1,131,150,87.3,55,89,61.8,0,0.0,0.1,0.0,1,20,1,1,14,passing
ITA-Serie A,2021,Parma,Luca Siligardi,ITA,"FW,MF",32,1988,0.4,11,19,57.9,153,38,8,9,88.9,3,3,100.0,0,2,0.0,0,0.2,0.2,-0.2,2,0,1,1,1,passing
ITA-Serie A,2021,Parma,Luigi Sepe,ITA,GK,29,1991,36.0,1147,1445,79.4,34233,26869,214,218,98.2,468,474,98.7,457,739,61.8,0,0.0,0.1,0.0,0,33,0,0,1,passing
ITA-Serie A,2021,Parma,Matteo Darmian,ITA,DF,30,1989,2.3,77,104,74.0,1219,368,41,47,87.2,32,37,86.5,4,13,30.8,0,0.0,0.0,0.0,1,2,0,0,6,passing
ITA-Serie A,2021,Parma,Matteo Scozzarella,ITA,MF,32,1988,1.7,84,106,79.2,1719,476,27,30,90.0,41,45,91.1,16,31,51.6,0,0.5,0.4,-0.5,6,8,0,0,9,passing
ITA-Serie A,2021,Parma,Mattia Bani,ITA,DF,26,1993,12.7,633,712,88.9,13012,4280,167,187,89.3,382,398,96.0,79,115,68.7,0,0.4,0.3,-0.4,2,23,2,1,32,passing
ITA-Serie A,2021,Parma,Mattia Sprocati,ITA,"MF,FW",27,1993,0.2,4,4,100.0,48,4,3,3,100.0,1,1,100.0,0,0,,0,0.0,0.0,0.0,0,0,0,0,0,passing
ITA-Serie A,2021,Parma,Maxime Busi,BEL,DF,20,1999,13.3,652,786,83.0,11221,3823,322,347,92.8,245,286,85.7,65,110,59.1,1,1.2,0.9,-0.2,7,56,14,8,66,passing
ITA-Serie A,2021,Parma,Márk Kosznovszky,HUN,MF,18,2002,1.0,37,39,94.9,548,87,20,20,100.0,16,17,94.1,1,1,100.0,0,0.0,0.0,0.0,0,2,0,0,2,passing
ITA-Serie A,2021,Parma,Riccardo Gagliolo,SWE,DF,30,1990,21.7,1074,1349,79.6,21319,9061,359,413,86.9,551,642,85.8,146,242,60.3,2,1.2,1.5,0.8,17,99,21,13,118,passing
ITA-Serie A,2021,Parma,Roberto Inglese,ITA,FW,28,1991,6.4,74,116,63.8,1023,170,45,61,73.8,21,34,61.8,2,4,50.0,2,1.6,0.6,0.4,4,5,2,0,9,passing
ITA-Serie A,2021,Parma,Simon Sohm,SUI,MF,19,2001,10.0,354,424,83.5,5966,1323,150,173,86.7,165,185,89.2,26,42,61.9,0,0.2,0.3,-0.2,4,31,2,0,33,passing
ITA-Serie A,2021,Parma,Simone Colombi,ITA,GK,29,1991,2.0,38,52,73.1,1288,1156,10,10,100.0,8,9,88.9,19,32,59.4,0,0.0,0.0,0.0,0,0,0,0,0,passing
ITA-Serie A,2021,Parma,Simone Iacoponi,ITA,DF,33,1987,13.3,645,750,86.0,13146,5179,219,232,94.4,318,353,90.1,104,140,74.3,0,0.0,0.1,0.0,0,46,2,0,57,passing
ITA-Serie A,2021,Parma,Valentin Mihaila,ROU,"FW,MF",20,2000,7.8,124,192,64.6,1814,378,74,97,76.3,34,49,69.4,10,22,45.5,0,0.3,0.4,-0.3,7,7,3,2,9,passing
ITA-Serie A,2021,Parma,Vasilios Zagaritis,GRE,DF,19,2001,0.7,41,50,82.0,528,198,31,32,96.9,9,11,81.8,1,4,25.0,0,0.1,0.1,-0.1,1,3,1,0,5,passing
ITA-Serie A,2021,Parma,Vincent Laurini,FRA,DF,31,1989,9.7,400,505,79.2,6865,2842,193,211,91.5,164,211,77.7,38,68,55.9,0,0.0,0.2,0.0,1,35,5,4,37,passing
ITA-Serie A,2021,Parma,Wylan Cyprien,FRA,MF,25,1995,4.6,248,299,82.9,4730,1033,94,105,89.5,119,130,91.5,30,52,57.7,0,0.2,0.3,-0.2,4,18,3,1,20,passing
ITA-Serie A,2021,Parma,Yann Karamoh,FRA,"FW,MF",22,1998,14.4,275,364,75.5,4007,806,158,188,84.0,78,101,77.2,21,29,72.4,1,1.8,1.3,-0.8,15,21,14,3,33,passing
ITA-Serie A,2021,Parma,Yordan Osorio,VEN,DF,26,1994,20.1,1017,1154,88.1,21429,6455,284,306,92.8,576,615,93.7,151,210,71.9,0,0.1,0.2,-0.1,3,39,2,1,39,passing
ITA-Serie A,2021,Roma,Amadou Diawara,GUI,MF,23,1997,7.3,362,403,89.8,6789,1675,138,144,95.8,178,200,89.0,42,50,84.0,0,0.4,0.3,-0.4,1,35,2,0,39,passing
ITA-Serie A,2021,Roma,Antonio Mirante,ITA,GK,37,1983,12.8,311,392,79.3,8090,5814,55,55,100.0,160,162,98.8,95,173,54.9,0,0.0,0.0,0.0,0,3,0,0,0,passing
ITA-Serie A,2021,Roma,Borja Mayoral,ESP,FW,23,1997,17.2,291,372,78.2,4520,668,169,205,82.4,77,96,80.2,28,34,82.4,3,1.5,1.2,1.5,23,19,10,0,35,passing
ITA-Serie A,2021,Roma,Bruno Peres,BRA,DF,30,1990,15.9,629,767,82.0,10544,2606,321,354,90.7,231,276,83.7,63,98,64.3,2,3.8,2.8,-1.8,28,27,16,8,36,passing
ITA-Serie A,2021,Roma,Bryan Cristante,ITA,"DF,MF",25,1995,23.9,1224,1481,82.6,25163,9483,394,445,88.5,630,679,92.8,186,304,61.2,3,1.3,1.6,1.7,16,112,21,3,142,passing
ITA-Serie A,2021,Roma,Bryan Reynolds,USA,DF,19,2001,3.1,122,148,82.4,1866,519,71,81,87.7,39,46,84.8,9,15,60.0,0,0.0,0.1,0.0,1,9,3,0,9,passing
ITA-Serie A,2021,Roma,Carles Pérez,ESP,"MF,FW",22,1998,8.6,236,306,77.1,3598,570,144,163,88.3,71,92,77.2,16,29,55.2,1,1.3,0.9,-0.3,15,10,3,0,16,passing
ITA-Serie A,2021,Roma,Chris Smalling,ENG,DF,30,1989,12.3,620,684,90.6,12325,4078,163,175,93.1,377,393,95.9,68,96,70.8,1,0.7,0.6,0.3,2,16,0,0,20,passing
ITA-Serie A,2021,Roma,Daniel Fuzato,BRA,GK,23,1997,5.0,114,152,75.0,3150,2194,15,15,100.0,67,68,98.5,32,69,46.4,0,0.0,0.0,0.0,0,0,0,0,0,passing
ITA-Serie A,2021,Roma,Davide Santon,ITA,DF,29,1991,6.5,246,281,87.5,4060,1001,116,122,95.1,110,120,91.7,14,29,48.3,1,0.6,0.4,0.4,5,9,7,3,19,passing
ITA-Serie A,2021,Roma,Ebrima Darboe,GAM,MF,19,2001,3.6,248,264,93.9,4397,1416,102,107,95.3,119,123,96.7,24,27,88.9,0,0.0,0.1,0.0,2,26,0,0,23,passing
ITA-Serie A,2021,Roma,Edin Džeko,BIH,FW,34,1986,20.3,338,512,66.0,5191,1244,197,264,74.6,96,135,71.1,26,39,66.7,3,2.2,1.8,0.8,29,23,19,0,53,passing
ITA-Serie A,2021,Roma,Edoardo Bove,ITA,MF,18,2002,0.1,11,11,100.0,168,51,7,7,100.0,3,3,100.0,1,1,100.0,0,0.0,0.0,0.0,0,0,0,0,0,passing
ITA-Serie A,2021,Roma,Federico Fazio,ARG,DF,33,1987,4.5,272,317,85.8,4679,1442,129,139,92.8,122,134,91.0,18,35,51.4,0,0.1,0.1,-0.1,1,22,1,0,20,passing
ITA-Serie A,2021,Roma,Gianluca Mancini,ITA,DF,24,1996,31.7,1731,1967,88.0,32631,9987,654,701,93.3,872,938,93.0,189,284,66.5,2,0.8,0.9,1.2,7,137,13,2,150,passing
ITA-Serie A,2021,Roma,Gonzalo Villar,ESP,MF,22,1998,20.7,1173,1307,89.7,19861,5490,514,563,91.3,552,589,93.7,80,101,79.2,1,0.7,1.3,0.3,8,116,14,3,122,passing
ITA-Serie A,2021,Roma,Henrikh Mkhitaryan,ARM,"MF,FW",31,1989,30.5,893,1180,75.7,13683,3609,479,575,83.3,322,395,81.5,56,95,58.9,10,7.6,5.4,2.4,48,62,46,6,138,passing
ITA-Serie A,2021,Roma,Javier Pastore,ARG,"MF,FW",31,1989,0.9,53,60,88.3,1052,442,16,20,80.0,29,30,96.7,7,8,87.5,0,0.6,0.5,-0.6,4,11,6,0,21,passing
ITA-Serie A,2021,Roma,Jordan Veretout,FRA,MF,27,1993,22.8,1071,1268,84.5,20540,5885,408,451,90.5,508,563,90.2,140,209,67.0,2,2.6,2.4,-0.6,25,124,9,1,144,passing
ITA-Serie A,2021,Roma,Juan Jesus,BRA,DF,29,1991,1.7,122,133,91.7,2356,963,37,39,94.9,72,75,96.0,11,14,78.6,0,0.0,0.0,0.0,0,3,0,0,5,passing
ITA-Serie A,2021,Roma,Justin Kluivert,NED,MF,21,1999,0.2,4,7,57.1,120,32,1,3,33.3,1,2,50.0,2,2,100.0,0,0.0,0.0,0.0,0,1,0,0,2,passing
ITA-Serie A,2021,Roma,Leonardo Spinazzola,ITA,DF,27,1993,23.6,957,1227,78.0,16192,4598,485,569,85.2,358,431,83.1,93,157,59.2,4,5.0,3.7,-1.0,33,74,45,21,105,passing
ITA-Serie A,2021,Roma,Lorenzo Pellegrini,ITA,MF,24,1996,28.9,1089,1429,76.2,19495,5567,520,595,87.4,403,492,81.9,144,265,54.3,6,8.0,6.0,-2.0,61,121,41,8,147,passing
ITA-Serie A,2021,Roma,Marash Kumbulla,ALB,DF,20,2000,15.1,701,791,88.6,12503,3644,295,323,91.3,353,371,95.1,48,77,62.3,0,0.5,0.2,-0.5,4,26,0,0,43,passing
ITA-Serie A,2021,Roma,Nicola Zalewski,POL,MF,18,2002,0.1,6,7,85.7,108,59,2,3,66.7,4,4,100.0,0,0,,1,0.0,0.0,1.0,1,1,1,0,3,passing
ITA-Serie A,2021,Roma,Pau López,ESP,GK,25,1994,20.2,533,663,80.4,13288,9020,108,108,100.0,285,288,99.0,140,267,52.4,0,0.0,0.0,0.0,0,1,0,0,2,passing
ITA-Serie A,2021,Roma,Pedro,ESP,"MF,FW",33,1987,17.7,479,616,77.8,7784,1905,244,295,82.7,178,210,84.8,39,64,60.9,2,3.1,2.2,-1.1,29,43,22,2,65,passing
ITA-Serie A,2021,Roma,Riccardo Calafiori,ITA,DF,18,2002,0.7,35,45,77.8,577,189,17,21,81.0,15,18,83.3,3,3,100.0,0,0.0,0.0,0.0,0,1,0,0,1,passing
ITA-Serie A,2021,Roma,Rick Karsdorp,NED,DF,25,1995,28.3,1070,1298,82.4,18576,4636,462,523,88.3,516,588,87.8,75,132,56.8,6,5.1,3.0,0.9,24,62,35,8,97,passing
ITA-Serie A,2021,Roma,Roger Ibanez,BRA,DF,21,1998,26.6,1434,1649,87.0,27017,9121,539,589,91.5,732,786,93.1,148,229,64.6,2,1.5,0.5,0.5,11,104,3,0,104,passing
ITA-Serie A,2021,Roma,Stephan El Shaarawy,ITA,"MF,FW",27,1992,6.4,186,240,77.5,3004,543,96,119,80.7,71,83,85.5,13,17,76.5,1,1.1,1.0,-0.1,17,9,11,3,22,passing
ITA-Serie A,2021,Sampdoria,Adrien Silva,POR,MF,31,1989,17.8,822,948,86.7,15307,4370,350,400,87.5,318,352,90.3,130,152,85.5,1,0.8,0.7,0.2,11,92,7,1,94,passing
ITA-Serie A,2021,Sampdoria,Albin Ekdal,SWE,MF,31,1989,25.5,878,1049,83.7,13941,4033,440,491,89.6,346,401,86.3,58,89,65.2,1,0.9,0.7,0.1,11,73,8,0,95,passing
ITA-Serie A,2021,Sampdoria,Alex Ferrari,ITA,DF,26,1994,9.8,411,493,83.4,7406,2655,160,178,89.9,197,224,87.9,43,66,65.2,1,1.0,0.1,0.0,4,25,1,1,32,passing
ITA-Serie A,2021,Sampdoria,Antonino La Gumina,ITA,FW,24,1996,3.8,45,67,67.2,626,58,27,35,77.1,15,22,68.2,2,3,66.7,0,0.0,0.0,0.0,1,2,1,0,3,passing
ITA-Serie A,2021,Sampdoria,Antonio Candreva,ITA,MF,33,1987,27.8,1093,1640,66.6,20366,7427,548,611,89.7,336,513,65.5,180,385,46.8,8,5.9,6.2,2.1,63,120,67,24,196,passing
ITA-Serie A,2021,Sampdoria,Antonio Palumbo,ITA,MF,23,1996,0.1,1,1,100.0,12,0,1,1,100.0,0,0,,0,0,,0,0.0,0.0,0.0,0,0,0,0,0,passing
ITA-Serie A,2021,Sampdoria,Bartosz Bereszyński,POL,DF,28,1992,29.0,1203,1496,80.4,18103,7023,665,728,91.3,420,526,79.8,69,139,49.6,0,0.7,1.1,-0.7,8,76,19,6,103,passing
ITA-Serie A,2021,Sampdoria,Emil Audero,IDN,GK,23,1997,37.0,877,1247,70.3,26471,19006,124,125,99.2,387,394,98.2,364,724,50.3,1,0.2,0.0,0.8,1,12,0,0,0,passing
ITA-Serie A,2021,Sampdoria,Ernesto Torregrossa,VEN,FW,28,1992,1.9,32,43,74.4,355,73,23,29,79.3,4,5,80.0,1,2,50.0,0,0.2,0.1,-0.2,3,0,1,0,3,passing
ITA-Serie A,2021,Sampdoria,Fabio Depaoli,ITA,MF,23,1997,0.9,10,16,62.5,158,80,7,10,70.0,1,2,50.0,2,2,100.0,0,0.1,0.0,-0.1,1,2,0,0,2,passing
ITA-Serie A,2021,Sampdoria,Fabio Quagliarella,ITA,FW,37,1983,24.5,362,526,68.8,5487,1166,194,253,76.7,110,152,72.4,27,49,55.1,1,1.4,1.1,-0.4,19,35,10,2,46,passing
ITA-Serie A,2021,Sampdoria,Federico Bonazzoli,ITA,FW,23,1997,1.5,19,27,70.4,310,62,7,10,70.0,9,13,69.2,2,2,100.0,1,0.5,0.5,0.5,2,4,1,0,3,passing
ITA-Serie A,2021,Sampdoria,Gastón Ramírez,URU,"FW,MF",29,1990,10.8,350,490,71.4,5545,1776,189,230,82.2,95,126,75.4,41,84,48.8,4,2.2,1.9,1.8,22,41,12,1,58,passing
ITA-Serie A,2021,Sampdoria,Jakub Jankto,CZE,MF,24,1996,26.8,621,920,67.5,9938,2659,337,426,79.1,214,291,73.5,52,133,39.1,3,3.5,4.2,-0.5,34,48,27,8,88,passing
ITA-Serie A,2021,Sampdoria,Karlo Letica,CRO,GK,23,1997,1.0,30,34,88.2,694,352,6,6,100.0,18,18,100.0,6,10,60.0,0,0.0,0.0,0.0,0,0,0,0,0,passing
ITA-Serie A,2021,Sampdoria,Keita Baldé,SEN,FW,25,1995,13.3,230,315,73.0,3100,526,135,169,79.9,74,96,77.1,7,18,38.9,1,2.4,1.3,-1.4,21,14,6,0,26,passing
ITA-Serie A,2021,Sampdoria,Kristoffer Askildsen,NOR,MF,19,2001,1.1,10,19,52.6,146,67,8,12,66.7,1,2,50.0,1,3,33.3,0,0.0,0.0,0.0,0,1,0,0,1,passing
ITA-Serie A,2021,Sampdoria,Lorenzo Tonelli,ITA,DF,30,1990,19.8,742,913,81.3,15266,4824,226,256,88.3,395,447,88.4,110,183,60.1,0,0.0,0.1,0.0,0,22,0,0,42,passing
ITA-Serie A,2021,Sampdoria,Manolo Gabbiadini,ITA,FW,28,1991,9.7,161,220,73.2,2312,712,94,120,78.3,43,58,74.1,11,16,68.8,2,1.8,0.8,0.2,11,19,9,0,27,passing
ITA-Serie A,2021,Sampdoria,Maya Yoshida,JPN,DF,31,1988,25.3,1035,1219,84.9,21877,7569,298,339,87.9,583,623,93.6,147,236,62.3,2,0.8,0.9,1.2,7,53,1,0,55,passing
ITA-Serie A,2021,Sampdoria,Mehdi Léris,ALG,"DF,MF",22,1998,4.3,174,233,74.7,2680,771,102,120,85.0,49,64,76.6,16,29,55.2,0,0.4,0.3,-0.4,8,12,6,1,19,passing
ITA-Serie A,2021,Sampdoria,Mikkel Damsgaard,DEN,"MF,FW",20,2000,19.7,512,750,68.3,7508,2431,300,377,79.6,153,221,69.2,33,81,40.7,4,2.4,2.3,1.6,25,56,22,3,80,passing
ITA-Serie A,2021,Sampdoria,Morten Thorsby,NOR,MF,24,1996,29.4,737,986,74.7,10152,3497,443,534,83.0,225,305,73.8,29,54,53.7,1,1.1,0.9,-0.1,18,57,5,1,80,passing
ITA-Serie A,2021,Sampdoria,Omar Colley,GAM,DF,27,1992,28.8,1098,1360,80.7,22524,8809,323,376,85.9,596,662,90.0,160,286,55.9,0,0.1,0.2,-0.1,2,91,0,0,87,passing
ITA-Serie A,2021,Sampdoria,Tommaso Augello,ITA,DF,25,1994,35.7,1564,2061,75.9,24859,10136,807,916,88.1,628,807,77.8,97,228,42.5,3,3.9,4.1,-0.9,29,100,40,25,157,passing
ITA-Serie A,2021,Sampdoria,Valerio Verre,ITA,"FW,MF",26,1994,11.1,371,530,70.0,6143,1972,188,232,81.0,126,176,71.6,38,66,57.6,3,1.6,1.3,1.4,19,48,21,2,70,passing
ITA-Serie A,2021,Sampdoria,Vasco Regini,ITA,DF,29,1990,1.0,35,40,87.5,572,265,21,23,91.3,10,12,83.3,4,5,80.0,0,0.0,0.0,0.0,1,3,1,1,3,passing
ITA-Serie A,2021,Sassuolo,Andrea Consigli,ITA,GK,33,1987,37.0,1102,1358,81.1,24274,16006,418,421,99.3,397,410,96.8,274,510,53.7,0,0.0,0.0,0.0,0,18,0,0,1,passing
ITA-Serie A,2021,Sassuolo,Brian Oddei,ITA,"FW,MF",17,2002,0.5,15,23,65.2,271,85,7,9,77.8,5,5,100.0,3,5,60.0,2,0.9,0.6,1.1,2,0,3,3,1,passing
ITA-Serie A,2021,Sassuolo,Domenico Berardi,ITA,FW,25,1994,27.5,984,1310,75.1,17062,4398,474,543,87.3,379,472,80.3,105,206,51.0,7,6.2,5.2,0.8,58,72,84,13,164,passing
ITA-Serie A,2021,Sassuolo,Federico Peluso,ITA,DF,36,1984,2.3,151,166,91.0,2479,931,65,68,95.6,72,78,92.3,10,13,76.9,0,0.0,0.0,0.0,0,7,1,0,7,passing
ITA-Serie A,2021,Sassuolo,Federico Ricci,ITA,FW,26,1994,0.0,4,4,100.0,63,8,2,2,100.0,2,2,100.0,0,0,,0,0.0,0.0,0.0,0,0,0,0,0,passing
ITA-Serie A,2021,Sassuolo,Filip Đuričić,SRB,"MF,FW",28,1992,23.1,701,901,77.8,9567,2200,417,487,85.6,213,249,85.5,28,39,71.8,4,5.8,3.5,-1.8,55,46,35,2,96,passing
ITA-Serie A,2021,Sassuolo,Francesco Caputo,ITA,FW,32,1987,18.9,317,410,77.3,3815,691,203,241,84.2,79,97,81.4,4,9,44.4,5,2.1,1.7,2.9,16,13,11,0,29,passing
ITA-Serie A,2021,Sassuolo,Francesco Magnanelli,ITA,MF,35,1984,4.9,361,421,85.7,6066,1587,169,184,91.8,145,166,87.3,34,47,72.3,0,0.2,0.2,-0.2,4,39,1,0,33,passing
ITA-Serie A,2021,Sassuolo,Giacomo Raspadori,ITA,"FW,MF",20,2000,13.7,269,354,76.0,4081,897,151,173,87.3,76,93,81.7,24,50,48.0,0,2.1,1.7,-2.1,27,13,11,0,33,passing
ITA-Serie A,2021,Sassuolo,Gian Marco Ferrari,ITA,DF,28,1992,33.5,2495,2732,91.3,43350,16999,1011,1074,94.1,1268,1335,95.0,168,240,70.0,4,1.2,1.0,2.8,15,229,11,0,187,passing
ITA-Serie A,2021,Sassuolo,Gianluca Pegolo,ITA,GK,39,1981,1.0,21,22,95.5,334,227,10,10,100.0,10,10,100.0,0,1,0.0,0,0.0,0.0,0.0,0,0,0,0,0,passing
ITA-Serie A,2021,Sassuolo,Giorgos Kyriakopoulos,GRE,DF,24,1996,16.2,827,1013,81.6,12272,3769,471,517,91.1,298,364,81.9,41,82,50.0,0,0.9,1.0,-0.9,13,46,16,7,59,passing
ITA-Serie A,2021,Sassuolo,Grégoire Defrel,MTQ,"MF,FW",29,1991,14.8,360,413,87.2,4719,942,222,240,92.5,90,102,88.2,13,18,72.2,3,1.0,1.1,2.0,19,22,11,0,51,passing
ITA-Serie A,2021,Sassuolo,Hamed Junior Traorè,CIV,"MF,FW",20,2000,19.9,637,853,74.7,9347,2451,380,444,85.6,178,230,77.4,47,91,51.6,2,3.5,2.1,-1.5,35,48,22,0,79,passing
ITA-Serie A,2021,Sassuolo,Isaac Karamoko,FRA,DF,18,2002,0.0,1,1,100.0,9,0,1,1,100.0,0,0,,0,0,,0,0.0,0.0,0.0,0,0,0,0,0,passing
ITA-Serie A,2021,Sassuolo,Jeremie Boga,CIV,"FW,MF",23,1997,19.8,675,764,88.4,8482,1189,463,503,92.0,150,164,91.5,21,31,67.7,2,0.9,1.3,1.1,12,24,17,0,43,passing
ITA-Serie A,2021,Sassuolo,Jeremy Toljan,GER,DF,25,1994,16.6,791,896,88.3,11513,2922,479,506,94.7,250,282,88.7,41,67,61.2,2,0.8,1.4,1.2,14,50,20,7,67,passing
ITA-Serie A,2021,Sassuolo,Kaan Ayhan,TUR,DF,25,1994,8.8,515,567,90.8,8573,2411,234,246,95.1,251,268,93.7,26,41,63.4,0,0.0,0.2,0.0,0,51,2,0,41,passing
ITA-Serie A,2021,Sassuolo,Lukáš Haraslín,SVK,"FW,MF",24,1996,3.7,97,142,68.3,1397,342,59,75,78.7,29,37,78.4,5,20,25.0,0,0.7,0.5,-0.7,9,1,7,0,13,passing
ITA-Serie A,2021,Sassuolo,Manuel Locatelli,ITA,MF,22,1998,32.0,2440,2802,87.1,41731,14137,1213,1295,93.7,931,1035,90.0,249,365,68.2,2,2.8,3.4,-0.8,38,325,35,5,315,passing
ITA-Serie A,2021,Sassuolo,Marlon,BRA,DF,24,1995,19.4,1545,1627,95.0,26683,9056,626,653,95.9,784,806,97.3,102,120,85.0,0,0.1,0.3,-0.1,1,101,1,0,79,passing
ITA-Serie A,2021,Sassuolo,Maxime Lopez,FRA,MF,22,1997,20.7,1567,1699,92.2,22138,5489,930,971,95.8,509,545,93.4,68,97,70.1,0,1.4,1.9,-1.4,20,161,24,0,150,passing
ITA-Serie A,2021,Sassuolo,Mehdi Bourabia,MAR,MF,28,1991,5.9,302,363,83.2,4356,951,180,197,91.4,95,118,80.5,16,25,64.0,0,0.1,0.2,-0.1,2,27,2,0,13,passing
ITA-Serie A,2021,Sassuolo,Mert Müldür,TUR,DF,21,1999,18.6,813,1027,79.2,12826,3819,441,504,87.5,301,373,80.7,54,87,62.1,0,0.6,1.0,-0.6,9,57,15,3,81,passing
ITA-Serie A,2021,Sassuolo,Nicolás Schiappacasse,URU,MF,21,1999,0.2,1,1,100.0,6,0,1,1,100.0,0,0,,0,0,,0,0.0,0.0,0.0,0,0,0,0,0,passing
ITA-Serie A,2021,Sassuolo,Pedro Obiang,EQG,MF,28,1992,16.3,811,913,88.8,11999,3497,453,479,94.6,279,316,88.3,40,62,64.5,1,1.0,1.0,0.0,12,64,7,0,56,passing
ITA-Serie A,2021,Sassuolo,Rogério,BRA,DF,22,1998,20.9,1061,1268,83.7,16203,4335,586,636,92.1,382,452,84.5,60,110,54.5,1,1.5,1.4,-0.5,12,59,15,5,81,passing
ITA-Serie A,2021,Sassuolo,Vlad Chiricheș,ROU,DF,30,1989,20.4,1505,1610,93.5,26044,8573,631,661,95.5,745,778,95.8,106,131,80.9,1,0.4,0.5,0.6,8,66,2,1,67,passing
ITA-Serie A,2021,Spezia,Alessandro Deiola,ITA,MF,24,1995,4.0,117,156,75.0,2153,449,51,57,89.5,45,55,81.8,16,29,55.2,0,0.3,0.3,-0.3,8,7,0,0,12,passing
ITA-Serie A,2021,Spezia,Andrey Galabinov,BUL,FW,31,1988,4.8,73,103,70.9,1090,148,38,49,77.6,23,36,63.9,6,8,75.0,1,0.2,0.2,0.8,3,3,3,0,10,passing
ITA-Serie A,2021,Spezia,Ardian Ismajli,ALB,DF,23,1996,14.4,639,737,86.7,13578,3747,157,177,88.7,397,427,93.0,83,122,68.0,1,0.6,0.1,0.4,2,30,0,0,40,passing
ITA-Serie A,2021,Spezia,Claudio Terzi,ITA,DF,36,1984,20.8,1125,1348,83.5,24797,9399,349,371,94.1,527,584,90.2,238,349,68.2,1,0.5,0.4,0.5,5,109,5,0,83,passing
ITA-Serie A,2021,Spezia,Cristian Dell'Orco,ITA,DF,26,1994,2.9,112,143,78.3,2023,655,50,55,90.9,50,58,86.2,11,24,45.8,0,0.0,0.0,0.0,0,4,0,0,6,passing
ITA-Serie A,2021,Spezia,Daniele Verde,ITA,FW,24,1996,10.9,317,411,77.1,5309,858,172,200,86.0,113,144,78.5,30,58,51.7,1,1.9,2.6,-0.9,10,14,9,0,30,passing
ITA-Serie A,2021,Spezia,Diego Farias,BRA,FW,30,1990,16.8,530,654,81.0,9082,1743,268,311,86.2,199,241,82.6,52,62,83.9,2,3.6,3.2,-1.6,32,33,19,3,67,passing
ITA-Serie A,2021,Spezia,Elio Capradossi,UGA,DF,24,1996,1.0,37,45,82.2,596,106,17,21,81.0,18,21,85.7,1,2,50.0,0,0.0,0.0,0.0,0,0,0,0,0,passing
ITA-Serie A,2021,Spezia,Emmanuel Gyasi,GHA,FW,26,1994,31.7,775,942,82.3,10199,1546,495,551,89.8,205,253,81.0,29,45,64.4,6,4.1,2.9,1.9,27,23,29,4,69,passing
ITA-Serie A,2021,Spezia,Federico Mattiello,ITA,DF,25,1995,0.4,27,41,65.9,485,238,13,16,81.3,8,11,72.7,5,11,45.5,0,0.0,0.0,0.0,0,3,0,0,2,passing
ITA-Serie A,2021,Spezia,Gennaro Acampora,ITA,"MF,FW",26,1994,4.9,185,223,83.0,3437,574,79,86,91.9,83,100,83.0,19,27,70.4,0,0.0,0.2,0.0,1,20,2,0,28,passing
ITA-Serie A,2021,Spezia,Giulio Maggiore,ITA,MF,22,1998,24.6,565,817,69.2,8648,2457,297,375,79.2,198,276,71.7,40,86,46.5,1,1.9,1.6,-0.9,13,58,13,0,77,passing
ITA-Serie A,2021,Spezia,Giuseppe Mastinu,ITA,FW,28,1991,0.4,9,12,75.0,136,41,5,6,83.3,2,3,66.7,1,2,50.0,0,0.0,0.0,0.0,0,1,0,0,1,passing
ITA-Serie A,2021,Spezia,Ivan Provedel,ITA,GK,26,1994,29.0,1042,1404,74.2,29950,19305,138,140,98.6,469,482,97.3,430,774,55.6,0,0.0,0.0,0.0,0,17,0,0,0,passing
ITA-Serie A,2021,Spezia,Jacopo Sala,ITA,DF,28,1991,4.2,237,280,84.6,3953,1509,122,132,92.4,92,111,82.9,18,27,66.7,0,0.7,0.6,-0.7,2,11,5,3,24,passing
ITA-Serie A,2021,Spezia,Jeroen Zoet,NED,GK,29,1991,6.7,229,307,74.6,6346,4255,43,44,97.7,98,101,97.0,88,161,54.7,0,0.0,0.0,0.0,0,4,0,0,0,passing
ITA-Serie A,2021,Spezia,Juan Manuel Ramos,URU,DF,23,1996,3.3,126,166,75.9,2042,715,58,65,89.2,54,66,81.8,11,20,55.0,0,0.3,0.3,-0.3,4,5,3,1,11,passing
ITA-Serie A,2021,Spezia,Julian Chabot,GER,DF,22,1998,18.4,917,1082,84.8,19285,5922,278,313,88.8,494,542,91.1,136,204,66.7,1,0.5,0.3,0.5,6,51,1,0,57,passing
ITA-Serie A,2021,Spezia,Kevin Agudelo,COL,FW,21,1998,15.1,228,328,69.5,3824,848,114,141,80.9,86,110,78.2,22,36,61.1,2,1.3,0.8,0.7,12,27,10,0,43,passing
ITA-Serie A,2021,Spezia,Luca Mora,ITA,MF,32,1988,1.3,38,59,64.4,584,149,21,26,80.8,16,23,69.6,1,7,14.3,0,0.0,0.0,0.0,0,4,0,0,2,passing
ITA-Serie A,2021,Spezia,Luca Vignali,ITA,DF,24,1996,17.7,922,1167,79.0,16707,4628,384,441,87.1,404,476,84.9,115,193,59.6,0,0.7,0.8,-0.7,10,48,16,7,69,passing
ITA-Serie A,2021,Spezia,Lucien Agoume,FRA,MF,18,2002,8.9,434,487,89.1,7835,1942,191,205,93.2,187,205,91.2,47,59,79.7,0,0.1,0.3,-0.1,2,39,3,1,46,passing
ITA-Serie A,2021,Spezia,Léo Sena,BRA,MF,24,1995,9.8,543,624,87.0,11724,3219,174,193,90.2,236,261,90.4,121,144,84.0,0,0.1,0.5,-0.1,2,113,5,1,92,passing
ITA-Serie A,2021,Spezia,M'Bala Nzola,ANG,FW,23,1996,21.1,388,464,83.6,5607,516,225,262,85.9,112,125,89.6,24,26,92.3,3,2.1,1.4,0.9,22,15,5,0,25,passing
ITA-Serie A,2021,Spezia,Martin Erlic,CRO,DF,22,1998,20.0,911,1075,84.7,19933,5357,222,262,84.7,526,580,90.7,156,215,72.6,1,0.2,0.6,0.8,1,57,3,1,58,passing
ITA-Serie A,2021,Spezia,Matteo Ricci,ITA,MF,26,1994,24.8,1418,1667,85.1,29578,9592,454,504,90.1,702,772,90.9,243,341,71.3,2,1.6,2.3,0.4,22,178,26,4,185,passing
ITA-Serie A,2021,Spezia,Nahuel Estévez,ARG,MF,24,1995,19.6,679,923,73.6,12104,3248,302,361,83.7,270,335,80.6,85,169,50.3,3,2.8,1.6,0.2,27,69,25,8,101,passing
ITA-Serie A,2021,Spezia,Paolo Bartolomei,ITA,MF,30,1989,3.6,91,124,73.4,1413,332,47,53,88.7,36,44,81.8,5,19,26.3,1,0.3,0.6,0.7,5,9,2,1,10,passing
ITA-Serie A,2021,Spezia,Rafael,BRA,GK,38,1982,2.3,78,107,72.9,1970,1422,24,24,100.0,30,31,96.8,24,52,46.2,1,0.4,0.0,0.6,1,0,0,0,0,passing
ITA-Serie A,2021,Spezia,Riccardo Marchizza,ITA,DF,22,1998,17.3,761,969,78.5,14119,3434,317,340,93.2,336,398,84.4,91,174,52.3,2,1.6,1.3,0.4,15,35,11,8,45,passing
ITA-Serie A,2021,Spezia,Riccardo Saponara,ITA,"FW,MF",28,1991,4.3,108,139,77.7,1721,537,57,65,87.7,41,49,83.7,7,12,58.3,0,0.7,0.8,-0.7,4,4,6,0,20,passing
ITA-Serie A,2021,Spezia,Roberto Piccoli,ITA,FW,19,2001,7.8,90,137,65.7,1055,118,66,87,75.9,14,27,51.9,2,4,50.0,0,0.6,0.1,-0.6,3,4,2,0,6,passing
ITA-Serie A,2021,Spezia,Salvador Ferrer,ESP,DF,22,1998,13.2,676,908,74.4,12680,4232,291,339,85.8,273,348,78.4,106,172,61.6,1,1.3,0.9,-0.3,14,35,19,16,46,passing
ITA-Serie A,2021,Spezia,Simone Bastoni,ITA,DF,23,1996,16.9,794,1068,74.3,13759,4837,395,446,88.6,293,379,77.3,89,168,53.0,7,3.1,2.5,3.9,29,69,27,10,85,passing
ITA-Serie A,2021,Spezia,Tommaso Pobega,ITA,MF,21,1999,13.7,342,449,76.2,5618,1121,181,209,86.6,126,168,75.0,27,45,60.0,0,0.3,0.3,-0.3,7,33,4,1,38,passing
ITA-Serie A,2021,Torino,Alessandro Buongiorno,ITA,DF,21,1999,9.5,362,436,83.0,6290,2048,138,156,88.5,196,212,92.5,21,53,39.6,0,0.0,0.1,0.0,1,25,1,1,30,passing
ITA-Serie A,2021,Torino,Amer Gojak,BIH,"MF,FW",23,1997,5.3,180,246,73.2,2895,573,107,119,89.9,47,72,65.3,21,39,53.8,1,0.3,0.3,0.7,7,11,4,3,15,passing
ITA-Serie A,2021,Torino,Andrea Belotti,ITA,FW,26,1993,32.1,481,716,67.2,7066,1518,272,347,78.4,137,198,69.2,39,58,67.2,6,7.0,4.2,-1.0,37,36,32,4,64,passing
ITA-Serie A,2021,Torino,Antonio Sanabria,PAR,FW,24,1996,10.9,195,260,75.0,2738,388,112,144,77.8,53,66,80.3,14,18,77.8,1,0.6,0.5,0.4,7,8,8,1,20,passing
ITA-Serie A,2021,Torino,Armando Izzo,ITA,DF,28,1992,22.3,973,1207,80.6,18053,6186,424,466,91.0,384,451,85.1,147,250,58.8,0,0.3,1.1,-0.3,5,77,8,6,103,passing
ITA-Serie A,2021,Torino,Cristian Ansaldi,ARG,"DF,FW",33,1986,21.6,674,997,67.6,12959,5276,308,350,88.0,242,345,70.1,106,248,42.7,6,5.0,4.8,1.0,36,64,40,34,66,passing
ITA-Serie A,2021,Torino,Daniele Baselli,ITA,MF,28,1992,4.4,163,217,75.1,2989,1031,78,94,83.0,51,68,75.0,29,39,74.4,0,0.7,0.5,-0.7,9,21,3,0,25,passing
ITA-Serie A,2021,Torino,Federico Bonazzoli,ITA,FW,23,1997,6.3,129,155,83.2,2281,245,69,81,85.2,40,46,87.0,17,19,89.5,2,0.7,0.7,1.3,4,9,3,0,15,passing
ITA-Serie A,2021,Torino,Gleison Bremer,BRA,DF,23,1997,32.6,1371,1664,82.4,26407,9709,479,525,91.2,715,801,89.3,150,276,54.3,0,0.4,0.2,-0.4,8,75,2,0,81,passing
ITA-Serie A,2021,Torino,Jacopo Segre,ITA,MF,23,1997,2.1,94,106,88.7,1700,429,40,42,95.2,35,41,85.4,16,17,94.1,0,0.0,0.0,0.0,1,9,0,0,4,passing
ITA-Serie A,2021,Torino,Karol Linetty,POL,MF,25,1995,20.4,600,733,81.9,8945,2488,368,410,89.8,183,219,83.6,36,53,67.9,0,1.0,1.0,-1.0,15,46,10,0,58,passing
ITA-Serie A,2021,Torino,Lyanco,BRA,DF,23,1997,21.8,1079,1263,85.4,22353,8180,325,358,90.8,569,621,91.6,175,261,67.0,0,0.5,0.4,-0.5,6,61,4,0,69,passing
ITA-Serie A,2021,Torino,Mërgim Vojvoda,KVX,"DF,FW",25,1995,15.1,589,768,76.7,8829,3514,361,406,88.9,168,237,70.9,43,83,51.8,2,0.7,0.7,1.3,8,36,13,9,46,passing
ITA-Serie A,2021,Torino,Nicola Murru,ITA,DF,25,1994,6.3,231,352,65.6,3768,1402,121,146,82.9,79,121,65.3,22,56,39.3,0,0.2,0.2,-0.2,3,21,3,2,26,passing
ITA-Serie A,2021,Torino,Nicolas Nkoulou,CMR,DF,30,1990,15.1,619,721,85.9,12441,4303,200,215,93.0,337,363,92.8,81,130,62.3,0,0.1,0.1,-0.1,2,25,1,0,25,passing
ITA-Serie A,2021,Torino,Ricardo Rodríguez,SUI,DF,27,1992,13.8,600,719,83.4,10064,3055,321,333,96.4,210,248,84.7,58,100,58.0,0,0.2,0.3,-0.2,6,36,5,0,49,passing
ITA-Serie A,2021,Torino,Rolando Mandragora,ITA,MF,23,1997,16.9,590,736,80.2,9313,2478,300,335,89.6,216,261,82.8,48,90,53.3,1,0.7,0.9,0.3,16,56,8,3,61,passing
ITA-Serie A,2021,Torino,Salvatore Sirigu,ITA,GK,33,1987,32.0,711,1006,70.7,19538,14210,174,175,99.4,273,283,96.5,256,537,47.7,0,0.0,0.0,0.0,0,17,0,0,0,passing
ITA-Serie A,2021,Torino,Samir Ujkani,KVX,GK,32,1988,1.0,23,27,85.2,622,503,1,1,100.0,12,12,100.0,9,12,75.0,0,0.0,0.0,0.0,0,0,0,0,0,passing
ITA-Serie A,2021,Torino,Saša Lukić,SRB,MF,23,1996,23.4,632,804,78.6,9388,2372,354,409,86.6,202,246,82.1,43,64,67.2,0,1.2,1.5,-1.2,23,62,21,8,72,passing
ITA-Serie A,2021,Torino,Simone Edera,ITA,"DF,MF",23,1997,0.6,17,22,77.3,331,82,8,10,80.0,6,6,100.0,3,4,75.0,0,0.3,0.2,-0.3,3,1,0,0,1,passing
ITA-Serie A,2021,Torino,Simone Verdi,ITA,"MF,FW",28,1992,18.0,491,735,66.8,9374,3128,227,262,86.6,146,217,67.3,102,205,49.8,5,5.7,4.7,-0.7,53,54,23,9,68,passing
ITA-Serie A,2021,Torino,Simone Zaza,ITA,FW,29,1991,16.6,231,325,71.1,3317,379,120,153,78.4,75,98,76.5,14,22,63.6,0,1.7,1.0,-1.7,13,12,5,1,12,passing
ITA-Serie A,2021,Torino,Soualiho Meïté,FRA,MF,26,1994,10.2,315,380,82.9,5144,1033,171,189,90.5,101,115,87.8,33,46,71.7,1,0.3,0.2,0.7,7,19,4,0,35,passing
ITA-Serie A,2021,Torino,Tomás Rincón,VEN,MF,32,1988,31.6,1141,1373,83.1,19191,6007,595,667,89.2,399,455,87.7,118,179,65.9,1,1.9,1.9,-0.9,14,132,16,4,125,passing
ITA-Serie A,2021,Torino,Vanja Milinković-Savić,SRB,GK,23,1997,5.0,116,176,65.9,3057,2138,20,20,100.0,68,69,98.6,27,85,31.8,0,0.0,0.0,0.0,0,5,1,0,0,passing
ITA-Serie A,2021,Torino,Vincenzo Millico,ITA,"FW,MF",19,2000,0.2,7,9,77.8,145,39,2,3,66.7,2,2,100.0,2,3,66.7,0,0.1,0.0,-0.1,1,1,0,0,0,passing
ITA-Serie A,2021,Torino,Wilfried Singo,CIV,DF,19,2000,20.6,723,963,75.1,10923,3562,406,452,89.8,254,349,72.8,44,104,42.3,2,2.8,1.9,-0.8,24,35,20,11,62,passing
ITA-Serie A,2021,Torino,Álex Berenguer,ESP,MF,25,1995,1.5,32,47,68.1,467,122,21,26,80.8,9,12,75.0,1,6,16.7,0,0.0,0.1,0.0,0,4,1,0,6,passing
ITA-Serie A,2021,Udinese,Bram Nuytinck,NED,DF,30,1990,18.2,697,835,83.5,13452,5102,235,260,90.4,380,419,90.7,74,131,56.5,0,0.1,0.1,-0.1,3,38,1,1,54,passing
ITA-Serie A,2021,Udinese,Fernando Forestieri,ITA,"FW,MF",30,1990,6.1,150,194,77.3,1888,411,104,117,88.9,31,41,75.6,5,11,45.5,1,1.3,0.8,-0.3,8,8,9,2,20,passing
ITA-Serie A,2021,Udinese,Fernando Llorente,ESP,FW,35,1985,7.9,158,222,71.2,1811,316,109,143,76.2,28,45,62.2,4,7,57.1,0,0.5,0.4,-0.5,11,10,0,0,11,passing
ITA-Serie A,2021,Udinese,Gerard Deulofeu,ESP,"FW,MF",26,1994,6.6,166,248,66.9,2299,622,97,122,79.5,50,70,71.4,9,24,37.5,1,1.1,1.0,-0.1,7,10,12,1,27,passing
ITA-Serie A,2021,Udinese,Hidde ter Avest,NED,DF,23,1997,3.9,148,205,72.2,2306,1090,82,98,83.7,54,77,70.1,10,20,50.0,0,0.0,0.2,0.0,0,14,0,0,18,passing
ITA-Serie A,2021,Udinese,Ignacio Pussetto,ARG,FW,24,1995,8.4,118,185,63.8,1657,445,68,90,75.6,35,65,53.8,7,12,58.3,1,0.9,0.5,0.1,8,9,6,1,18,passing
ITA-Serie A,2021,Udinese,Ilija Nestorovski,MKD,"FW,MF",30,1990,7.8,131,184,71.2,1720,303,87,105,82.9,28,46,60.9,8,16,50.0,2,1.3,1.3,0.7,13,11,4,0,13,passing
ITA-Serie A,2021,Udinese,Jayden Braaf,NED,FW,17,2002,1.3,20,28,71.4,261,45,13,15,86.7,6,8,75.0,0,0,,0,0.1,0.0,-0.1,2,1,1,0,2,passing
ITA-Serie A,2021,Udinese,Jean-Victor Makengo,FRA,MF,22,1998,5.8,153,195,78.5,2396,592,89,99,89.9,51,58,87.9,10,17,58.8,0,0.1,0.1,-0.1,2,21,3,0,23,passing
ITA-Serie A,2021,Udinese,Jens Stryger Larsen,DEN,DF,29,1991,29.3,1022,1314,77.8,15641,6484,591,657,90.0,334,437,76.4,67,149,45.0,0,1.3,1.4,-1.3,10,78,20,5,107,passing
ITA-Serie A,2021,Udinese,Juan Musso,ARG,GK,26,1994,35.0,769,1017,75.6,20946,14856,170,170,100.0,336,342,98.2,253,492,51.4,0,0.0,0.0,0.0,0,6,0,0,0,passing
ITA-Serie A,2021,Udinese,Kevin Bonifazi,ITA,DF,24,1996,27.4,1204,1360,88.5,22919,9010,412,450,91.6,652,681,95.7,117,184,63.6,0,0.2,0.4,-0.2,2,59,3,0,58,passing
ITA-Serie A,2021,Udinese,Kevin Lasagna,ITA,FW,27,1992,12.3,144,212,67.9,1993,441,91,115,79.1,33,48,68.8,8,12,66.7,1,1.0,0.8,0.0,10,11,9,2,23,passing
ITA-Serie A,2021,Udinese,Mamadou Coulibaly,SEN,MF,21,1999,2.0,59,80,73.8,943,252,28,37,75.7,19,23,82.6,7,8,87.5,0,0.1,0.2,-0.1,2,9,3,1,12,passing
ITA-Serie A,2021,Udinese,Manuel Gasparini,ITA,GK,18,2002,0.0,2,2,100.0,59,53,1,1,100.0,0,0,,1,1,100.0,0,0.0,0.0,0.0,0,0,0,0,0,passing
ITA-Serie A,2021,Udinese,Martin Palumbo,NOR,MF,18,2002,0.7,5,12,41.7,90,19,1,3,33.3,4,6,66.7,0,0,,0,0.0,0.0,0.0,0,0,1,0,2,passing
ITA-Serie A,2021,Udinese,Marvin Zeegelaar,NED,DF,29,1990,19.3,585,771,75.9,8962,3167,316,378,83.6,219,274,79.9,32,73,43.8,0,0.9,1.0,-0.9,9,36,12,7,70,passing
ITA-Serie A,2021,Udinese,Mato Jajalo,BIH,MF,32,1988,0.4,23,32,71.9,313,104,12,14,85.7,10,13,76.9,0,2,0.0,0,0.0,0.0,0.0,0,2,0,0,1,passing
ITA-Serie A,2021,Udinese,Nahuel Molina,ARG,DF,22,1998,20.3,769,1009,76.2,10986,3944,468,531,88.1,224,305,73.4,43,94,45.7,5,2.6,1.6,2.4,22,43,21,12,70,passing
ITA-Serie A,2021,Udinese,Nícolas Andrade,BRA,GK,32,1988,2.0,34,40,85.0,978,673,6,6,100.0,19,19,100.0,9,15,60.0,0,0.0,0.0,0.0,0,0,0,0,0,passing
ITA-Serie A,2021,Udinese,Petar Mićin,SRB,MF,21,1998,0.2,8,9,88.9,189,15,1,1,100.0,6,7,85.7,1,1,100.0,0,0.0,0.0,0.0,0,0,0,0,0,passing
ITA-Serie A,2021,Udinese,Roberto Pereyra,ARG,"MF,FW",29,1991,32.5,1070,1262,84.8,15452,3828,616,673,91.5,334,381,87.7,62,88,70.5,7,4.0,3.0,3.0,45,94,36,3,134,passing
ITA-Serie A,2021,Udinese,Rodrigo Becão,BRA,DF,24,1996,30.9,1173,1371,85.6,20394,7572,498,547,91.0,553,612,90.4,96,158,60.8,0,0.3,0.3,-0.3,7,80,5,1,98,passing
ITA-Serie A,2021,Udinese,Rodrigo De Paul,ARG,MF,26,1994,35.6,1549,2134,72.6,30867,10628,597,707,84.4,639,817,78.2,267,475,56.2,9,11.2,10.3,-2.2,82,210,86,24,308,passing
ITA-Serie A,2021,Udinese,Rolando Mandragora,ITA,MF,23,1997,4.4,127,164,77.4,1981,504,71,79,89.9,48,59,81.4,7,14,50.0,0,0.2,0.2,-0.2,4,12,4,1,19,passing
ITA-Serie A,2021,Udinese,Ryder Matos,BRA,MF,27,1993,0.1,6,8,75.0,87,34,5,6,83.3,0,0,,1,2,50.0,0,0.0,0.0,0.0,1,1,1,1,0,passing
ITA-Serie A,2021,Udinese,Samir Santos,BRA,DF,25,1994,24.6,1132,1317,86.0,18965,7117,527,558,94.4,519,583,89.0,69,131,52.7,0,0.6,0.6,-0.6,9,75,5,3,88,passing
ITA-Serie A,2021,Udinese,Sebastien De Maio,FRA,DF,33,1987,9.5,310,368,84.2,5849,2117,106,117,90.6,166,183,90.7,31,54,57.4,0,0.0,0.2,0.0,0,6,1,0,17,passing
ITA-Serie A,2021,Udinese,Simone Scuffet,ITA,GK,24,1996,1.0,19,28,67.9,707,592,2,2,100.0,6,6,100.0,11,20,55.0,0,0.0,0.0,0.0,0,0,0,0,0,passing
ITA-Serie A,2021,Udinese,Stefano Okaka,ITA,FW,30,1989,16.5,239,307,77.9,3008,422,147,184,79.9,66,78,84.6,3,5,60.0,1,0.6,0.7,0.4,9,8,6,0,22,passing
ITA-Serie A,2021,Udinese,Thomas Ouwejan,NED,DF,23,1996,4.6,151,246,61.4,2493,861,74,88,84.1,60,88,68.2,12,44,27.3,2,0.9,0.8,1.1,10,17,3,2,15,passing
ITA-Serie A,2021,Udinese,Tolgay Arslan,GER,MF,29,1990,20.2,749,890,84.2,12827,2917,341,380,89.7,325,363,89.5,62,97,63.9,0,0.4,0.9,-0.4,9,73,12,2,80,passing
ITA-Serie A,2021,Udinese,Walace,BRA,MF,25,1995,22.8,1027,1165,88.2,18080,4710,452,484,93.4,432,464,93.1,103,135,76.3,0,0.3,0.6,-0.3,9,99,6,1,95,passing
